Event Index,UTC Timestamp,UTC Date and Time,Local Timestamp,Local Timezone,Local Date and Time,Experiment ID,Experiment Version,Tree Node Key,Repeat Key,Schedule ID,Participant Public ID,Participant Private ID,Participant Starting Group,Participant Status,Participant Completion Code,Participant External Session ID,Participant Device Type,Participant Device,Participant OS,Participant Browser,Participant Monitor Size,Participant Viewport Size,Checkpoint,Room ID,Room Order,Task Name,Task Version,randomiser-rkry,Manipulation: Spreadsheet,Current Spreadsheet,Trial Number,Display,Screen,Screen ID,Screen Counter,Response Type,Response,Context,Onset Time,Clock Time,Reaction Time,Absolute Onset Time,Absolute Clock Time,Absolute Reaction Time,Correct,Response Duration,Proportion,Tag,Component Name,Object Name,Object Number,Object ID,Spreadsheet: display,Spreadsheet: randomise_trials,Spreadsheet: Stimulus,Spreadsheet: Answer,Spreadsheet: trial_id,Spreadsheet: word_top,Spreadsheet: mask_bottom_1,Spreadsheet: mask_top_2,Spreadsheet: word_bottom,Spreadsheet: correct_answer,Spreadsheet: trial_type,Spreadsheet: target_format,Spreadsheet: condition,Spreadsheet: number_value,Spreadsheet: block_rep,Spreadsheet: word_bottom_original,Store: Correct,Store: Total,Store: Effort,Store: totalPractise,Store: correctPractise
1,1791195076092,05/10/2026 10:11:16,1791195076092,2,05/10/2026 12:11:16,283162,5,task-biuv,,58572850,,16708144,,complete,,,computer,Desktop or Laptop,Windows 10,Firefox 102.0,3840x2160,3840x1838,,,0,UCL - tarea 1 ,6,Group1,spreadsheet1,spreadsheet1,,,,,,info,BEGIN,,,,,,,,0,,,,,,,,,,,,,,,,,,,,,,,,,,,,
2,1791195123517,05/10/2026 10:12:03,1791195123517,2,05/10/2026 12:12:03,283162,5,task-biuv,,58572850,,16708144,,complete,,,computer,Desktop or Laptop,Windows 10,Firefox 102.0,3840x2160,3840x1838,,,0,UCL - tarea 1 ,6,Group1,spreadsheet1,spreadsheet1,1,Instructions,Importante,hwrabp,1,continue,,,47431.060000000005,47414.4,47431.060000000005,47431.060000000005,47414.4,47431.060000000005,1,0,0,,Click To Continue,Continue Button,2,object-166,Instructions,,,,,,,,,,,,,,,,,,,,
3,1791195173310,05/10/2026 10:12:53,1791195173310,2,05/10/2026 12:12:53,283162,5,task-biuv,,58572850,,16708144,,complete,,,computer,Desktop or Laptop,Windows 10,Firefox 102.0,3840x2160,3840x1838,,,0,UCL - tarea 1 ,6,Group1,spreadsheet1,spreadsheet1,1,Instructions,Instructions,2fazut,2,continue,,,49817.68000000001,49801.020000000004,49817.68000000001,49817.68000000001,49801.020000000004,49817.68000000001,1,0,0,,Click To Continue,Continue Button,2,object-49,Instructions,,,,,,,,,,,,,,,,,,,,
4,1791195216708,05/10/2026 10:13:36,1791195216708,2,05/10/2026 12:13:36,283162,5,task-biuv,,58572850,,16708144,,complete,,,computer,Desktop or Laptop,Windows 10,Firefox 102.0,3840x2160,3840x1838,,,0,UCL - tarea 1 ,6,Group1,spreadsheet1,spreadsheet1,1,Instructions,Instructions1.2,h6fncx,3,continue,,,43413.67999999999,43399.100000000006,43413.67999999999,43413.67999999999,43399.100000000006,43413.67999999999,1,0,0,,Click To Continue,Continue Button,2,object-331,Instructions,,,,,,,,,,,,,,,,,,,,
5,1791195220854,05/10/2026 10:13:40,1791195220854,2,05/10/2026 12:13:40,283162,5,task-biuv,,58572850,,16708144,,complete,,,computer,Desktop or Laptop,Windows 10,Firefox 102.0,3840x2160,3840x1838,,,0,UCL - tarea 1 ,6,Group1,spreadsheet1,spreadsheet1,1,Instructions,Instructions 1.3,yrvl9p,4,continue,,,4161.579999999987,4149.799999999988,4161.579999999987,4161.579999999987,4149.799999999988,4161.579999999987,1,0,0,,Click To Continue,Continue Button,2,object-646,Instructions,,,,,,,,,,,,,,,,,,,,
6,1791195221098,05/10/2026 10:13:41,1791195221098,2,05/10/2026 12:13:41,283162,5,task-biuv,,58572850,,16708144,,complete,,,computer,Desktop or Laptop,Windows 10,Firefox 102.0,3840x2160,3840x1838,,,0,UCL - tarea 1 ,6,Group1,spreadsheet1,spreadsheet1,1,Ejemplos,Ejemplo-Fixation1.1,dwtr54,1,continue,,,249.98000000001048,249.98000000001048,249.98000000001048,249.98000000001048,249.98000000001048,249.98000000001048,1,0,0,,Fixation Timing,Fixation Cross,1,object-203,Ejemplos,,,,,,,,,,,,,,,,,,,,
7,1791195221395,05/10/2026 10:13:41,1791195221395,2,05/10/2026 12:13:41,283162,5,task-biuv,,58572850,,16708144,,complete,,,computer,Desktop or Laptop,Windows 10,Firefox 102.0,3840x2160,3840x1838,,,0,UCL - tarea 1 ,6,Group1,spreadsheet1,spreadsheet1,1,Ejemplos,ExampleReference1a,sfga1z,2,timedOut,,,303.79999999998836,299.9799999999814,303.79999999998836,303.79999999998836,299.9799999999814,303.79999999998836,1,0,0,,Time Limit,screen,0,screen,Ejemplos,,,,,,,,,,,,,,,,,,,,
8,1791195222846,05/10/2026 10:13:42,1791195222846,2,05/10/2026 12:13:42,283162,5,task-biuv,,58572850,,16708144,,complete,,,computer,Desktop or Laptop,Windows 10,Firefox 102.0,3840x2160,3840x1838,,,0,UCL - tarea 1 ,6,Group1,spreadsheet1,spreadsheet1,1,Ejemplos,ExampleReference1b,qx318q,3,response,J,,1449.9200000000128,1433.2600000000093,1449.9200000000128,1449.9200000000128,1433.2600000000093,1449.9200000000128,1,0,0,,Keyboard Response,Keyboard Response,4,object-255,Ejemplos,,,,,,,,,,,,,,,,,,,,
9,1791195223395,05/10/2026 10:13:43,1791195223395,2,05/10/2026 12:13:43,283162,5,task-biuv,,58572850,,16708144,,complete,,,computer,Desktop or Laptop,Windows 10,Firefox 102.0,3840x2160,3840x1838,,,0,UCL - tarea 1 ,6,Group1,spreadsheet1,spreadsheet1,1,Ejemplos,ExampleReference1b,qx318q,3,timedOut,,,2002.820000000007,1999.8999999999942,2002.820000000007,2002.820000000007,1999.8999999999942,2002.820000000007,0,0,0,,Time Limit,screen,0,screen,Ejemplos,,,,,,,,,,,,,,,,,,,,
10,1791195224327,05/10/2026 10:13:44,1791195224327,2,05/10/2026 12:13:44,283162,5,task-biuv,,58572850,,16708144,,complete,,,computer,Desktop or Laptop,Windows 10,Firefox 102.0,3840x2160,3840x1838,,,0,UCL - tarea 1 ,6,Group1,spreadsheet1,spreadsheet1,1,Ejemplos,Example-blank1.1,16gcpi,4,timedOut,,,502.61999999999534,499.9799999999814,502.61999999999534,502.61999999999534,499.9799999999814,502.61999999999534,1,0,0,,Time Limit,screen,0,screen,Ejemplos,,,,,,,,,,,,,,,,,,,,
11,1791195224580,05/10/2026 10:13:44,1791195224580,2,05/10/2026 12:13:44,283162,5,task-biuv,,58572850,,16708144,,complete,,,computer,Desktop or Laptop,Windows 10,Firefox 102.0,3840x2160,3840x1838,,,0,UCL - tarea 1 ,6,Group1,spreadsheet1,spreadsheet1,1,Ejemplos,Ejemplo-Fixation1.2,9glbmy,5,continue,,,249.98000000001048,249.98000000001048,249.98000000001048,249.98000000001048,249.98000000001048,249.98000000001048,1,0,0,,Fixation Timing,Fixation Cross,1,object-217,Ejemplos,,,,,,,,,,,,,,,,,,,,
12,1791195224877,05/10/2026 10:13:44,1791195224877,2,05/10/2026 12:13:44,283162,5,task-biuv,,58572850,,16708144,,complete,,,computer,Desktop or Laptop,Windows 10,Firefox 102.0,3840x2160,3840x1838,,,0,UCL - tarea 1 ,6,Group1,spreadsheet1,spreadsheet1,1,Ejemplos,ExampleReference1.2a,y56ihs,6,timedOut,,,302.6600000000035,300,302.6600000000035,302.6600000000035,300,302.6600000000035,1,0,0,,Time Limit,screen,0,screen,Ejemplos,,,,,,,,,,,,,,,,,,,,
13,1791195226143,05/10/2026 10:13:46,1791195226143,2,05/10/2026 12:13:46,283162,5,task-biuv,,58572850,,16708144,,complete,,,computer,Desktop or Laptop,Windows 10,Firefox 102.0,3840x2160,3840x1838,,,0,UCL - tarea 1 ,6,Group1,spreadsheet1,spreadsheet1,1,Ejemplos,ExampleReference1.2b,xbv98b,7,response,J,,1266.5800000000163,1249.9200000000128,1266.5800000000163,1266.5800000000163,1249.9200000000128,1266.5800000000163,0,0,0,,Keyboard Response,Keyboard Response,4,object-261,Ejemplos,,,,,,,,,,,,,,,,,,,,
14,1791195226878,05/10/2026 10:13:46,1791195226878,2,05/10/2026 12:13:46,283162,5,task-biuv,,58572850,,16708144,,complete,,,computer,Desktop or Laptop,Windows 10,Firefox 102.0,3840x2160,3840x1838,,,0,UCL - tarea 1 ,6,Group1,spreadsheet1,spreadsheet1,1,Ejemplos,ExampleReference1.2b,xbv98b,7,timedOut,,,2002.6600000000035,1999.8800000000047,2002.6600000000035,2002.6600000000035,1999.8800000000047,2002.6600000000035,0,0,0,,Time Limit,screen,0,screen,Ejemplos,,,,,,,,,,,,,,,,,,,,
15,1791195227627,05/10/2026 10:13:47,1791195227627,2,05/10/2026 12:13:47,283162,5,task-biuv,,58572850,,16708144,,complete,,,computer,Desktop or Laptop,Windows 10,Firefox 102.0,3840x2160,3840x1838,,,0,UCL - tarea 1 ,6,Group1,spreadsheet1,spreadsheet1,1,Ejemplos,Example-blank1.2,l1ffmy,8,timedOut,,,501.4400000000023,499.9200000000128,501.4400000000023,501.4400000000023,499.9200000000128,501.4400000000023,1,0,0,,Time Limit,screen,0,screen,Ejemplos,,,,,,,,,,,,,,,,,,,,
16,1791195227878,05/10/2026 10:13:47,1791195227878,2,05/10/2026 12:13:47,283162,5,task-biuv,,58572850,,16708144,,complete,,,computer,Desktop or Laptop,Windows 10,Firefox 102.0,3840x2160,3840x1838,,,0,UCL - tarea 1 ,6,Group1,spreadsheet1,spreadsheet1,1,Ejemplos,Ejemplo-Fixation1.3,rwsld2,9,continue,,,250,250,250,250,250,250,1,0,0,,Fixation Timing,Fixation Cross,1,object-220,Ejemplos,,,,,,,,,,,,,,,,,,,,
17,1791195228177,05/10/2026 10:13:48,1791195228177,2,05/10/2026 12:13:48,283162,5,task-biuv,,58572850,,16708144,,complete,,,computer,Desktop or Laptop,Windows 10,Firefox 102.0,3840x2160,3840x1838,,,0,UCL - tarea 1 ,6,Group1,spreadsheet1,spreadsheet1,1,Ejemplos,ExampleReference1.3a,ahj6nr,10,timedOut,,,301.5199999999895,299.9799999999814,301.5199999999895,301.5199999999895,299.9799999999814,301.5199999999895,1,0,0,,Time Limit,screen,0,screen,Ejemplos,,,,,,,,,,,,,,,,,,,,
18,1791195229266,05/10/2026 10:13:49,1791195229266,2,05/10/2026 12:13:49,283162,5,task-biuv,,58572850,,16708144,,complete,,,computer,Desktop or Laptop,Windows 10,Firefox 102.0,3840x2160,3840x1838,,,0,UCL - tarea 1 ,6,Group1,spreadsheet1,spreadsheet1,1,Ejemplos,ExampleReference1.3b,99xmms,11,response,J,,1089.5400000000081,1083.2799999999988,1089.5400000000081,1089.5400000000081,1083.2799999999988,1089.5400000000081,1,0,0,,Keyboard Response,Keyboard Response,4,object-273,Ejemplos,,,,,,,,,,,,,,,,,,,,
19,1791195230178,05/10/2026 10:13:50,1791195230178,2,05/10/2026 12:13:50,283162,5,task-biuv,,58572850,,16708144,,complete,,,computer,Desktop or Laptop,Windows 10,Firefox 102.0,3840x2160,3840x1838,,,0,UCL - tarea 1 ,6,Group1,spreadsheet1,spreadsheet1,1,Ejemplos,ExampleReference1.3b,99xmms,11,timedOut,,,2001.5400000000081,1999.8999999999942,2001.5400000000081,2001.5400000000081,1999.8999999999942,2001.5400000000081,0,0,0,,Time Limit,screen,0,screen,Ejemplos,,,,,,,,,,,,,,,,,,,,
20,1791195230761,05/10/2026 10:13:50,1791195230761,2,05/10/2026 12:13:50,283162,5,task-biuv,,58572850,,16708144,,complete,,,computer,Desktop or Laptop,Windows 10,Firefox 102.0,3840x2160,3840x1838,,,0,UCL - tarea 1 ,6,Group1,spreadsheet1,spreadsheet1,1,Ejemplos,Example-blank1.3,xopxvj,12,timedOut,,,501.320000000007,499.9800000000105,501.320000000007,501.320000000007,499.9800000000105,501.320000000007,1,0,0,,Time Limit,screen,0,screen,Ejemplos,,,,,,,,,,,,,,,,,,,,
21,1791195231011,05/10/2026 10:13:51,1791195231011,2,05/10/2026 12:13:51,283162,5,task-biuv,,58572850,,16708144,,complete,,,computer,Desktop or Laptop,Windows 10,Firefox 102.0,3840x2160,3840x1838,,,0,UCL - tarea 1 ,6,Group1,spreadsheet1,spreadsheet1,1,Ejemplos,Ejemplo-Fixation1.4,5jxj54,13,continue,,,249.98000000001048,249.98000000001048,249.98000000001048,249.98000000001048,249.98000000001048,249.98000000001048,1,0,0,,Fixation Timing,Fixation Cross,1,object-234,Ejemplos,,,,,,,,,,,,,,,,,,,,
22,1791195231310,05/10/2026 10:13:51,1791195231310,2,05/10/2026 12:13:51,283162,5,task-biuv,,58572850,,16708144,,complete,,,computer,Desktop or Laptop,Windows 10,Firefox 102.0,3840x2160,3840x1838,,,0,UCL - tarea 1 ,6,Group1,spreadsheet1,spreadsheet1,1,Ejemplos,ExampleReference1.4a,vj62d2,14,timedOut,,,301.35999999998603,300,301.35999999998603,301.35999999998603,300,301.35999999998603,1,0,0,,Time Limit,screen,0,screen,Ejemplos,,,,,,,,,,,,,,,,,,,,
23,1791195232159,05/10/2026 10:13:52,1791195232159,2,05/10/2026 12:13:52,283162,5,task-biuv,,58572850,,16708144,,complete,,,computer,Desktop or Laptop,Windows 10,Firefox 102.0,3840x2160,3840x1838,,,0,UCL - tarea 1 ,6,Group1,spreadsheet1,spreadsheet1,1,Ejemplos,ExampleReference1.4b,hyier2,15,response,F,,849.359999999986,833.2799999999988,849.359999999986,849.359999999986,833.2799999999988,849.359999999986,1,0,0,,Keyboard Response,Keyboard Response,4,object-285,Ejemplos,,,,,,,,,,,,,,,,,,,,
24,1791195233311,05/10/2026 10:13:53,1791195233311,2,05/10/2026 12:13:53,283162,5,task-biuv,,58572850,,16708144,,complete,,,computer,Desktop or Laptop,Windows 10,Firefox 102.0,3840x2160,3840x1838,,,0,UCL - tarea 1 ,6,Group1,spreadsheet1,spreadsheet1,1,Ejemplos,ExampleReference1.4b,hyier2,15,timedOut,,,2001.359999999986,1999.8799999999756,2001.359999999986,2001.359999999986,1999.8799999999756,2001.359999999986,0,0,0,,Time Limit,screen,0,screen,Ejemplos,,,,,,,,,,,,,,,,,,,,
25,1791195233810,05/10/2026 10:13:53,1791195233810,2,05/10/2026 12:13:53,283162,5,task-biuv,,58572850,,16708144,,complete,,,computer,Desktop or Laptop,Windows 10,Firefox 102.0,3840x2160,3840x1838,,,0,UCL - tarea 1 ,6,Group1,spreadsheet1,spreadsheet1,1,Ejemplos,Example-blank1.4,p15dv6,16,timedOut,,,501.4800000000105,499.9800000000105,501.4800000000105,501.4800000000105,499.9800000000105,501.4800000000105,1,0,0,,Time Limit,screen,0,screen,Ejemplos,,,,,,,,,,,,,,,,,,,,
26,1791195243810,05/10/2026 10:14:03,1791195243810,2,05/10/2026 12:14:03,283162,5,task-biuv,,58572850,,16708144,,complete,,,computer,Desktop or Laptop,Windows 10,Firefox 102.0,3840x2160,3840x1838,,,0,UCL - tarea 1 ,6,Group1,spreadsheet1,spreadsheet1,1,Ejemplos,¡COMIENZA!,zqoeey,17,timedOut,,,10001.5,9999.48000000001,10001.5,10001.5,9999.48000000001,10001.5,1,0,0,,Time Limit,screen,0,screen,Ejemplos,,,,,,,,,,,,,,,,,,,,
27,1791195244310,05/10/2026 10:14:04,1791195244310,2,05/10/2026 12:14:04,283162,5,task-biuv,,58572850,,16708144,,complete,,,computer,Desktop or Laptop,Windows 10,Firefox 102.0,3840x2160,3840x1838,,,0,UCL - tarea 1 ,6,Group1,spreadsheet1,spreadsheet1,1,trial,Fixation,w99rzd,1,continue,,,499.9799999999814,499.9799999999814,499.9799999999814,499.9799999999814,499.9799999999814,499.9799999999814,1,0,0,,Fixation Timing,Fixation Cross,1,object-125,trial,,,,22,"<span style=""font-family: 'Courier New', Courier, monospace; font-size: 60px; color: black;"">seis</span>",######,######,"<span style=""font-family: 'Courier New', Courier, monospace; font-size: 60px; color: black;"">TRES</span>",F,different,uppercase,baseline,6,1,TRES,,,,,
28,1791195244610,05/10/2026 10:14:04,1791195244610,2,05/10/2026 12:14:04,283162,5,task-biuv,,58572850,,16708144,,complete,,,computer,Desktop or Laptop,Windows 10,Firefox 102.0,3840x2160,3840x1838,,,0,UCL - tarea 1 ,6,Group1,spreadsheet1,spreadsheet1,1,trial,Reference,m6fryy,2,timedOut,,,301.04000000000815,299.9800000000105,301.04000000000815,301.04000000000815,299.9800000000105,301.04000000000815,1,0,0,,Time Limit,screen,0,screen,trial,,,,22,"<span style=""font-family: 'Courier New', Courier, monospace; font-size: 60px; color: black;"">seis</span>",######,######,"<span style=""font-family: 'Courier New', Courier, monospace; font-size: 60px; color: black;"">TRES</span>",F,different,uppercase,baseline,6,1,TRES,,,,,
29,1791195244848,05/10/2026 10:14:04,1791195244848,2,05/10/2026 12:14:04,283162,5,task-biuv,,58572850,,16708144,,complete,,,computer,Desktop or Laptop,Windows 10,Firefox 102.0,3840x2160,3840x1838,,,0,UCL - tarea 1 ,6,Group1,spreadsheet1,spreadsheet1,1,trial,Target,spx9cn,3,response,J,,239.05999999999767,233.32000000000698,239.05999999999767,239.05999999999767,233.32000000000698,239.05999999999767,0,0,0,,Keyboard Response,Respuesta,3,object-91,trial,,,,22,"<span style=""font-family: 'Courier New', Courier, monospace; font-size: 60px; color: black;"">seis</span>",######,######,"<span style=""font-family: 'Courier New', Courier, monospace; font-size: 60px; color: black;"">TRES</span>",F,different,uppercase,baseline,6,1,TRES,,,,,
30,1791195245343,05/10/2026 10:14:05,1791195245343,2,05/10/2026 12:14:05,283162,5,task-biuv,,58572850,,16708144,,complete,,,computer,Desktop or Laptop,Windows 10,Firefox 102.0,3840x2160,3840x1838,,,0,UCL - tarea 1 ,6,Group1,spreadsheet1,spreadsheet1,1,trial,Blank,vybs3x,4,timedOut,,,501.7399999999907,499.9799999999814,501.7399999999907,501.7399999999907,499.9799999999814,501.7399999999907,1,0,0,,Time Limit,screen,0,screen,trial,,,,22,"<span style=""font-family: 'Courier New', Courier, monospace; font-size: 60px; color: black;"">seis</span>",######,######,"<span style=""font-family: 'Courier New', Courier, monospace; font-size: 60px; color: black;"">TRES</span>",F,different,uppercase,baseline,6,1,TRES,,,,,
31,1791195245843,05/10/2026 10:14:05,1791195245843,2,05/10/2026 12:14:05,283162,5,task-biuv,,58572850,,16708144,,complete,,,computer,Desktop or Laptop,Windows 10,Firefox 102.0,3840x2160,3840x1838,,,0,UCL - tarea 1 ,6,Group1,spreadsheet1,spreadsheet1,2,trial,Fixation,w99rzd,1,continue,,,499.96000000002095,499.96000000002095,499.96000000002095,499.96000000002095,499.96000000002095,499.96000000002095,1,0,0,,Fixation Timing,Fixation Cross,1,object-125,trial,,,,128,"<span style=""font-family: 'Courier New', Courier, monospace; font-size: 60px; color: black;"">cuatro</span>",######,######,"<span style=""font-family: 'Courier New', Courier, monospace; font-size: 60px; color: black;"">CUATRO</span>",J,same,uppercase,baseline,4,1,CUATRO,,,,,
32,1791195246143,05/10/2026 10:14:06,1791195246143,2,05/10/2026 12:14:06,283162,5,task-biuv,,58572850,,16708144,,complete,,,computer,Desktop or Laptop,Windows 10,Firefox 102.0,3840x2160,3840x1838,,,0,UCL - tarea 1 ,6,Group1,spreadsheet1,spreadsheet1,2,trial,Reference,m6fryy,2,timedOut,,,301.79999999998836,300,301.79999999998836,301.79999999998836,300,301.79999999998836,1,0,0,,Time Limit,screen,0,screen,trial,,,,128,"<span style=""font-family: 'Courier New', Courier, monospace; font-size: 60px; color: black;"">cuatro</span>",######,######,"<span style=""font-family: 'Courier New', Courier, monospace; font-size: 60px; color: black;"">CUATRO</span>",J,same,uppercase,baseline,4,1,CUATRO,,,,,
33,1791195246792,05/10/2026 10:14:06,1791195246792,2,05/10/2026 12:14:06,283162,5,task-biuv,,58572850,,16708144,,complete,,,computer,Desktop or Laptop,Windows 10,Firefox 102.0,3840x2160,3840x1838,,,0,UCL - tarea 1 ,6,Group1,spreadsheet1,spreadsheet1,2,trial,Target,spx9cn,3,response,F,,649.7999999999884,633.2999999999884,649.7999999999884,649.7999999999884,633.2999999999884,649.7999999999884,0,0,0,,Keyboard Response,Respuesta,3,object-91,trial,,,,128,"<span style=""font-family: 'Courier New', Courier, monospace; font-size: 60px; color: black;"">cuatro</span>",######,######,"<span style=""font-family: 'Courier New', Courier, monospace; font-size: 60px; color: black;"">CUATRO</span>",J,same,uppercase,baseline,4,1,CUATRO,,,,,
34,1791195247276,05/10/2026 10:14:07,1791195247276,2,05/10/2026 12:14:07,283162,5,task-biuv,,58572850,,16708144,,complete,,,computer,Desktop or Laptop,Windows 10,Firefox 102.0,3840x2160,3840x1838,,,0,UCL - tarea 1 ,6,Group1,spreadsheet1,spreadsheet1,2,trial,Blank,vybs3x,4,timedOut,,,501.5,499.95999999999185,501.5,501.5,499.95999999999185,501.5,1,0,0,,Time Limit,screen,0,screen,trial,,,,128,"<span style=""font-family: 'Courier New', Courier, monospace; font-size: 60px; color: black;"">cuatro</span>",######,######,"<span style=""font-family: 'Courier New', Courier, monospace; font-size: 60px; color: black;"">CUATRO</span>",J,same,uppercase,baseline,4,1,CUATRO,,,,,
35,1791195247777,05/10/2026 10:14:07,1791195247777,2,05/10/2026 12:14:07,283162,5,task-biuv,,58572850,,16708144,,complete,,,computer,Desktop or Laptop,Windows 10,Firefox 102.0,3840x2160,3840x1838,,,0,UCL - tarea 1 ,6,Group1,spreadsheet1,spreadsheet1,3,trial,Fixation,w99rzd,1,continue,,,499.9800000000105,499.9800000000105,499.9800000000105,499.9800000000105,499.9800000000105,499.9800000000105,1,0,0,,Fixation Timing,Fixation Cross,1,object-125,trial,,,,20,"<span style=""font-family: 'Courier New', Courier, monospace; font-size: 60px; color: black;"">cuatro</span>",######,######,"<span style=""font-family: 'Courier New', Courier, monospace; font-size: 60px; color: black;"">NUEVE</span>",F,different,uppercase,baseline,4,1,NUEVE,,,,,
36,1791195248077,05/10/2026 10:14:08,1791195248077,2,05/10/2026 12:14:08,283162,5,task-biuv,,58572850,,16708144,,complete,,,computer,Desktop or Laptop,Windows 10,Firefox 102.0,3840x2160,3840x1838,,,0,UCL - tarea 1 ,6,Group1,spreadsheet1,spreadsheet1,3,trial,Reference,m6fryy,2,timedOut,,,301.5599999999977,299.9800000000105,301.5599999999977,301.5599999999977,299.9800000000105,301.5599999999977,1,0,0,,Time Limit,screen,0,screen,trial,,,,20,"<span style=""font-family: 'Courier New', Courier, monospace; font-size: 60px; color: black;"">cuatro</span>",######,######,"<span style=""font-family: 'Courier New', Courier, monospace; font-size: 60px; color: black;"">NUEVE</span>",F,different,uppercase,baseline,4,1,NUEVE,,,,,
37,1791195248751,05/10/2026 10:14:08,1791195248751,2,05/10/2026 12:14:08,283162,5,task-biuv,,58572850,,16708144,,complete,,,computer,Desktop or Laptop,Windows 10,Firefox 102.0,3840x2160,3840x1838,,,0,UCL - tarea 1 ,6,Group1,spreadsheet1,spreadsheet1,3,trial,Target,spx9cn,3,response,F,,675.5799999999872,666.6399999999849,675.5799999999872,675.5799999999872,666.6399999999849,675.5799999999872,1,0,0,,Keyboard Response,Respuesta,3,object-91,trial,,,,20,"<span style=""font-family: 'Courier New', Courier, monospace; font-size: 60px; color: black;"">cuatro</span>",######,######,"<span style=""font-family: 'Courier New', Courier, monospace; font-size: 60px; color: black;"">NUEVE</span>",F,different,uppercase,baseline,4,1,NUEVE,,,,,
38,1791195249243,05/10/2026 10:14:09,1791195249243,2,05/10/2026 12:14:09,283162,5,task-biuv,,58572850,,16708144,,complete,,,computer,Desktop or Laptop,Windows 10,Firefox 102.0,3840x2160,3840x1838,,,0,UCL - tarea 1 ,6,Group1,spreadsheet1,spreadsheet1,3,trial,Blank,vybs3x,4,timedOut,,,501.9400000000023,501.0800000000163,501.9400000000023,501.9400000000023,501.0800000000163,501.9400000000023,1,0,0,,Time Limit,screen,0,screen,trial,,,,20,"<span style=""font-family: 'Courier New', Courier, monospace; font-size: 60px; color: black;"">cuatro</span>",######,######,"<span style=""font-family: 'Courier New', Courier, monospace; font-size: 60px; color: black;"">NUEVE</span>",F,different,uppercase,baseline,4,1,NUEVE,,,,,
39,1791195249744,05/10/2026 10:14:09,1791195249744,2,05/10/2026 12:14:09,283162,5,task-biuv,,58572850,,16708144,,complete,,,computer,Desktop or Laptop,Windows 10,Firefox 102.0,3840x2160,3840x1838,,,0,UCL - tarea 1 ,6,Group1,spreadsheet1,spreadsheet1,4,trial,Fixation,w99rzd,1,continue,,,499.9799999999814,499.9799999999814,499.9799999999814,499.9799999999814,499.9799999999814,499.9799999999814,1,0,0,,Fixation Timing,Fixation Cross,1,object-125,trial,,,,142,"<span style=""font-family: 'Courier New', Courier, monospace; font-size: 60px; color: black;"">seis</span>",######,######,"<span style=""font-family: 'Courier New', Courier, monospace; font-size: 60px; color: black;"">TRES</span>",F,different,uppercase,baseline,6,1,TRES,,,,,
40,1791195250044,05/10/2026 10:14:10,1791195250044,2,05/10/2026 12:14:10,283162,5,task-biuv,,58572850,,16708144,,complete,,,computer,Desktop or Laptop,Windows 10,Firefox 102.0,3840x2160,3840x1838,,,0,UCL - tarea 1 ,6,Group1,spreadsheet1,spreadsheet1,4,trial,Reference,m6fryy,2,timedOut,,,300.88000000000466,299.9800000000105,300.88000000000466,300.88000000000466,299.9800000000105,300.88000000000466,1,0,0,,Time Limit,screen,0,screen,trial,,,,142,"<span style=""font-family: 'Courier New', Courier, monospace; font-size: 60px; color: black;"">seis</span>",######,######,"<span style=""font-family: 'Courier New', Courier, monospace; font-size: 60px; color: black;"">TRES</span>",F,different,uppercase,baseline,6,1,TRES,,,,,
41,1791195250768,05/10/2026 10:14:10,1791195250768,2,05/10/2026 12:14:10,283162,5,task-biuv,,58572850,,16708144,,complete,,,computer,Desktop or Laptop,Windows 10,Firefox 102.0,3840x2160,3840x1838,,,0,UCL - tarea 1 ,6,Group1,spreadsheet1,spreadsheet1,4,trial,Target,spx9cn,3,response,F,,724.8999999999942,716.6199999999953,724.8999999999942,724.8999999999942,716.6199999999953,724.8999999999942,1,0,0,,Keyboard Response,Respuesta,3,object-91,trial,,,,142,"<span style=""font-family: 'Courier New', Courier, monospace; font-size: 60px; color: black;"">seis</span>",######,######,"<span style=""font-family: 'Courier New', Courier, monospace; font-size: 60px; color: black;"">TRES</span>",F,different,uppercase,baseline,6,1,TRES,,,,,
42,1791195251260,05/10/2026 10:14:11,1791195251260,2,05/10/2026 12:14:11,283162,5,task-biuv,,58572850,,16708144,,complete,,,computer,Desktop or Laptop,Windows 10,Firefox 102.0,3840x2160,3840x1838,,,0,UCL - tarea 1 ,6,Group1,spreadsheet1,spreadsheet1,4,trial,Blank,vybs3x,4,timedOut,,,501.27999999999884,499.9800000000105,501.27999999999884,501.27999999999884,499.9800000000105,501.27999999999884,1,0,0,,Time Limit,screen,0,screen,trial,,,,142,"<span style=""font-family: 'Courier New', Courier, monospace; font-size: 60px; color: black;"">seis</span>",######,######,"<span style=""font-family: 'Courier New', Courier, monospace; font-size: 60px; color: black;"">TRES</span>",F,different,uppercase,baseline,6,1,TRES,,,,,
43,1791195251760,05/10/2026 10:14:11,1791195251760,2,05/10/2026 12:14:11,283162,5,task-biuv,,58572850,,16708144,,complete,,,computer,Desktop or Laptop,Windows 10,Firefox 102.0,3840x2160,3840x1838,,,0,UCL - tarea 1 ,6,Group1,spreadsheet1,spreadsheet1,5,trial,Fixation,w99rzd,1,continue,,,499.9799999999814,499.9799999999814,499.9799999999814,499.9799999999814,499.9799999999814,499.9799999999814,1,0,0,,Fixation Timing,Fixation Cross,1,object-125,trial,,,,133,"<span style=""font-family: 'Courier New', Courier, monospace; font-size: 60px; color: black;"">tres</span>",######,######,"<span style=""font-family: 'Courier New', Courier, monospace; font-size: 60px; color: black;"">SEIS</span>",F,different,uppercase,baseline,3,1,SEIS,,,,,
44,1791195252059,05/10/2026 10:14:12,1791195252059,2,05/10/2026 12:14:12,283162,5,task-biuv,,58572850,,16708144,,complete,,,computer,Desktop or Laptop,Windows 10,Firefox 102.0,3840x2160,3840x1838,,,0,UCL - tarea 1 ,6,Group1,spreadsheet1,spreadsheet1,5,trial,Reference,m6fryy,2,timedOut,,,300.320000000007,299.9800000000105,300.320000000007,300.320000000007,299.9800000000105,300.320000000007,1,0,0,,Time Limit,screen,0,screen,trial,,,,133,"<span style=""font-family: 'Courier New', Courier, monospace; font-size: 60px; color: black;"">tres</span>",######,######,"<span style=""font-family: 'Courier New', Courier, monospace; font-size: 60px; color: black;"">SEIS</span>",F,different,uppercase,baseline,3,1,SEIS,,,,,
45,1791195253241,05/10/2026 10:14:13,1791195253241,2,05/10/2026 12:14:13,283162,5,task-biuv,,58572850,,16708144,,complete,,,computer,Desktop or Laptop,Windows 10,Firefox 102.0,3840x2160,3840x1838,,,0,UCL - tarea 1 ,6,Group1,spreadsheet1,spreadsheet1,5,trial,Target,spx9cn,3,response,F,,1181.3399999999965,1166.6000000000058,1181.3399999999965,1181.3399999999965,1166.6000000000058,1181.3399999999965,1,0,0,,Keyboard Response,Respuesta,3,object-91,trial,,,,133,"<span style=""font-family: 'Courier New', Courier, monospace; font-size: 60px; color: black;"">tres</span>",######,######,"<span style=""font-family: 'Courier New', Courier, monospace; font-size: 60px; color: black;"">SEIS</span>",F,different,uppercase,baseline,3,1,SEIS,,,,,
46,1791195253726,05/10/2026 10:14:13,1791195253726,2,05/10/2026 12:14:13,283162,5,task-biuv,,58572850,,16708144,,complete,,,computer,Desktop or Laptop,Windows 10,Firefox 102.0,3840x2160,3840x1838,,,0,UCL - tarea 1 ,6,Group1,spreadsheet1,spreadsheet1,5,trial,Blank,vybs3x,4,timedOut,,,500.7399999999907,499.9799999999814,500.7399999999907,500.7399999999907,499.9799999999814,500.7399999999907,1,0,0,,Time Limit,screen,0,screen,trial,,,,133,"<span style=""font-family: 'Courier New', Courier, monospace; font-size: 60px; color: black;"">tres</span>",######,######,"<span style=""font-family: 'Courier New', Courier, monospace; font-size: 60px; color: black;"">SEIS</span>",F,different,uppercase,baseline,3,1,SEIS,,,,,
47,1791195254227,05/10/2026 10:14:14,1791195254227,2,05/10/2026 12:14:14,283162,5,task-biuv,,58572850,,16708144,,complete,,,computer,Desktop or Laptop,Windows 10,Firefox 102.0,3840x2160,3840x1838,,,0,UCL - tarea 1 ,6,Group1,spreadsheet1,spreadsheet1,6,trial,Fixation,w99rzd,1,continue,,,499.9800000000105,499.9800000000105,499.9800000000105,499.9800000000105,499.9800000000105,499.9800000000105,1,0,0,,Fixation Timing,Fixation Cross,1,object-125,trial,,,,139,"<span style=""font-family: 'Courier New', Courier, monospace; font-size: 60px; color: black;"">tres</span>",######,######,"<span style=""font-family: 'Courier New', Courier, monospace; font-size: 60px; color: black;"">SE1S</span>",F,different,leet,incongruent_leet,3,1,SE1S,,,,,
48,1791195254526,05/10/2026 10:14:14,1791195254526,2,05/10/2026 12:14:14,283162,5,task-biuv,,58572850,,16708144,,complete,,,computer,Desktop or Laptop,Windows 10,Firefox 102.0,3840x2160,3840x1838,,,0,UCL - tarea 1 ,6,Group1,spreadsheet1,spreadsheet1,6,trial,Reference,m6fryy,2,timedOut,,,299.9800000000105,299.9800000000105,299.9800000000105,299.9800000000105,299.9800000000105,299.9800000000105,1,0,0,,Time Limit,screen,0,screen,trial,,,,139,"<span style=""font-family: 'Courier New', Courier, monospace; font-size: 60px; color: black;"">tres</span>",######,######,"<span style=""font-family: 'Courier New', Courier, monospace; font-size: 60px; color: black;"">SE1S</span>",F,different,leet,incongruent_leet,3,1,SE1S,,,,,
49,1791195255746,05/10/2026 10:14:15,1791195255746,2,05/10/2026 12:14:15,283162,5,task-biuv,,58572850,,16708144,,complete,,,computer,Desktop or Laptop,Windows 10,Firefox 102.0,3840x2160,3840x1838,,,0,UCL - tarea 1 ,6,Group1,spreadsheet1,spreadsheet1,6,trial,Target,spx9cn,3,response,J,,1220.7999999999884,1216.5999999999767,1220.7999999999884,1220.7999999999884,1216.5999999999767,1220.7999999999884,0,0,0,,Keyboard Response,Respuesta,3,object-91,trial,,,,139,"<span style=""font-family: 'Courier New', Courier, monospace; font-size: 60px; color: black;"">tres</span>",######,######,"<span style=""font-family: 'Courier New', Courier, monospace; font-size: 60px; color: black;"">SE1S</span>",F,different,leet,incongruent_leet,3,1,SE1S,,,,,
50,1791195256244,05/10/2026 10:14:16,1791195256244,2,05/10/2026 12:14:16,283162,5,task-biuv,,58572850,,16708144,,complete,,,computer,Desktop or Laptop,Windows 10,Firefox 102.0,3840x2160,3840x1838,,,0,UCL - tarea 1 ,6,Group1,spreadsheet1,spreadsheet1,6,trial,Blank,vybs3x,4,timedOut,,,502.20000000001164,499.9800000000105,502.20000000001164,502.20000000001164,499.9800000000105,502.20000000001164,1,0,0,,Time Limit,screen,0,screen,trial,,,,139,"<span style=""font-family: 'Courier New', Courier, monospace; font-size: 60px; color: black;"">tres</span>",######,######,"<span style=""font-family: 'Courier New', Courier, monospace; font-size: 60px; color: black;"">SE1S</span>",F,different,leet,incongruent_leet,3,1,SE1S,,,,,
51,1791195256745,05/10/2026 10:14:16,1791195256745,2,05/10/2026 12:14:16,283162,5,task-biuv,,58572850,,16708144,,complete,,,computer,Desktop or Laptop,Windows 10,Firefox 102.0,3840x2160,3840x1838,,,0,UCL - tarea 1 ,6,Group1,spreadsheet1,spreadsheet1,7,trial,Fixation,w99rzd,1,continue,,,499.95999999999185,499.95999999999185,499.95999999999185,499.95999999999185,499.95999999999185,499.95999999999185,1,0,0,,Fixation Timing,Fixation Cross,1,object-125,trial,,,,7,"<span style=""font-family: 'Courier New', Courier, monospace; font-size: 60px; color: black;"">tres</span>",######,######,"<span style=""font-family: 'Courier New', Courier, monospace; font-size: 60px; color: black;"">TR3S</span>",J,same,leet,congruent_leet,3,1,TR3S,,,,,
52,1791195257045,05/10/2026 10:14:17,1791195257045,2,05/10/2026 12:14:17,283162,5,task-biuv,,58572850,,16708144,,complete,,,computer,Desktop or Laptop,Windows 10,Firefox 102.0,3840x2160,3840x1838,,,0,UCL - tarea 1 ,6,Group1,spreadsheet1,spreadsheet1,7,trial,Reference,m6fryy,2,timedOut,,,302.2600000000093,300,302.2600000000093,302.2600000000093,300,302.2600000000093,1,0,0,,Time Limit,screen,0,screen,trial,,,,7,"<span style=""font-family: 'Courier New', Courier, monospace; font-size: 60px; color: black;"">tres</span>",######,######,"<span style=""font-family: 'Courier New', Courier, monospace; font-size: 60px; color: black;"">TR3S</span>",J,same,leet,congruent_leet,3,1,TR3S,,,,,
53,1791195257865,05/10/2026 10:14:17,1791195257865,2,05/10/2026 12:14:17,283162,5,task-biuv,,58572850,,16708144,,complete,,,computer,Desktop or Laptop,Windows 10,Firefox 102.0,3840x2160,3840x1838,,,0,UCL - tarea 1 ,6,Group1,spreadsheet1,spreadsheet1,7,trial,Target,spx9cn,3,response,J,,823.2600000000093,816.6199999999953,823.2600000000093,823.2600000000093,816.6199999999953,823.2600000000093,1,0,0,,Keyboard Response,Respuesta,3,object-91,trial,,,,7,"<span style=""font-family: 'Courier New', Courier, monospace; font-size: 60px; color: black;"">tres</span>",######,######,"<span style=""font-family: 'Courier New', Courier, monospace; font-size: 60px; color: black;"">TR3S</span>",J,same,leet,congruent_leet,3,1,TR3S,,,,,
54,1791195258360,05/10/2026 10:14:18,1791195258360,2,05/10/2026 12:14:18,283162,5,task-biuv,,58572850,,16708144,,complete,,,computer,Desktop or Laptop,Windows 10,Firefox 102.0,3840x2160,3840x1838,,,0,UCL - tarea 1 ,6,Group1,spreadsheet1,spreadsheet1,7,trial,Blank,vybs3x,4,timedOut,,,500.64000000001397,499.96000000002095,500.64000000001397,500.64000000001397,499.96000000002095,500.64000000001397,1,0,0,,Time Limit,screen,0,screen,trial,,,,7,"<span style=""font-family: 'Courier New', Courier, monospace; font-size: 60px; color: black;"">tres</span>",######,######,"<span style=""font-family: 'Courier New', Courier, monospace; font-size: 60px; color: black;"">TR3S</span>",J,same,leet,congruent_leet,3,1,TR3S,,,,,
55,1791195258861,05/10/2026 10:14:18,1791195258861,2,05/10/2026 12:14:18,283162,5,task-biuv,,58572850,,16708144,,complete,,,computer,Desktop or Laptop,Windows 10,Firefox 102.0,3840x2160,3840x1838,,,0,UCL - tarea 1 ,6,Group1,spreadsheet1,spreadsheet1,8,trial,Fixation,w99rzd,1,continue,,,499.9799999999814,499.9799999999814,499.9799999999814,499.9799999999814,499.9799999999814,499.9799999999814,1,0,0,,Fixation Timing,Fixation Cross,1,object-125,trial,,,,121,"<span style=""font-family: 'Courier New', Courier, monospace; font-size: 60px; color: black;"">tres</span>",######,######,"<span style=""font-family: 'Courier New', Courier, monospace; font-size: 60px; color: black;"">TRES</span>",J,same,uppercase,baseline,3,1,TRES,,,,,
56,1791195259161,05/10/2026 10:14:19,1791195259161,2,05/10/2026 12:14:19,283162,5,task-biuv,,58572850,,16708144,,complete,,,computer,Desktop or Laptop,Windows 10,Firefox 102.0,3840x2160,3840x1838,,,0,UCL - tarea 1 ,6,Group1,spreadsheet1,spreadsheet1,8,trial,Reference,m6fryy,2,timedOut,,,301.70000000001164,299.9800000000105,301.70000000001164,301.70000000001164,299.9800000000105,301.70000000001164,1,0,0,,Time Limit,screen,0,screen,trial,,,,121,"<span style=""font-family: 'Courier New', Courier, monospace; font-size: 60px; color: black;"">tres</span>",######,######,"<span style=""font-family: 'Courier New', Courier, monospace; font-size: 60px; color: black;"">TRES</span>",J,same,uppercase,baseline,3,1,TRES,,,,,
57,1791195259847,05/10/2026 10:14:19,1791195259847,2,05/10/2026 12:14:19,283162,5,task-biuv,,58572850,,16708144,,complete,,,computer,Desktop or Laptop,Windows 10,Firefox 102.0,3840x2160,3840x1838,,,0,UCL - tarea 1 ,6,Group1,spreadsheet1,spreadsheet1,8,trial,Target,spx9cn,3,response,J,,688.7200000000012,683.2999999999884,688.7200000000012,688.7200000000012,683.2999999999884,688.7200000000012,1,0,0,,Keyboard Response,Respuesta,3,object-91,trial,,,,121,"<span style=""font-family: 'Courier New', Courier, monospace; font-size: 60px; color: black;"">tres</span>",######,######,"<span style=""font-family: 'Courier New', Courier, monospace; font-size: 60px; color: black;"">TRES</span>",J,same,uppercase,baseline,3,1,TRES,,,,,
58,1791195260344,05/10/2026 10:14:20,1791195260344,2,05/10/2026 12:14:20,283162,5,task-biuv,,58572850,,16708144,,complete,,,computer,Desktop or Laptop,Windows 10,Firefox 102.0,3840x2160,3840x1838,,,0,UCL - tarea 1 ,6,Group1,spreadsheet1,spreadsheet1,8,trial,Blank,vybs3x,4,timedOut,,,502.4200000000128,499.9800000000105,502.4200000000128,502.4200000000128,499.9800000000105,502.4200000000128,1,0,0,,Time Limit,screen,0,screen,trial,,,,121,"<span style=""font-family: 'Courier New', Courier, monospace; font-size: 60px; color: black;"">tres</span>",######,######,"<span style=""font-family: 'Courier New', Courier, monospace; font-size: 60px; color: black;"">TRES</span>",J,same,uppercase,baseline,3,1,TRES,,,,,
59,1791195260844,05/10/2026 10:14:20,1791195260844,2,05/10/2026 12:14:20,283162,5,task-biuv,,58572850,,16708144,,complete,,,computer,Desktop or Laptop,Windows 10,Firefox 102.0,3840x2160,3840x1838,,,0,UCL - tarea 1 ,6,Group1,spreadsheet1,spreadsheet1,9,trial,Fixation,w99rzd,1,continue,,,499.9800000000105,499.9800000000105,499.9800000000105,499.9800000000105,499.9800000000105,499.9800000000105,1,0,0,,Fixation Timing,Fixation Cross,1,object-125,trial,,,,5,"<span style=""font-family: 'Courier New', Courier, monospace; font-size: 60px; color: black;"">nueve</span>",######,######,"<span style=""font-family: 'Courier New', Courier, monospace; font-size: 60px; color: black;"">NU3VE</span>",J,same,leet,incongruent_leet,9,1,NU3VE,,,,,
60,1791195261145,05/10/2026 10:14:21,1791195261145,2,05/10/2026 12:14:21,283162,5,task-biuv,,58572850,,16708144,,complete,,,computer,Desktop or Laptop,Windows 10,Firefox 102.0,3840x2160,3840x1838,,,0,UCL - tarea 1 ,6,Group1,spreadsheet1,spreadsheet1,9,trial,Reference,m6fryy,2,timedOut,,,302.45999999999185,299.9799999999814,302.45999999999185,302.45999999999185,299.9799999999814,302.45999999999185,1,0,0,,Time Limit,screen,0,screen,trial,,,,5,"<span style=""font-family: 'Courier New', Courier, monospace; font-size: 60px; color: black;"">nueve</span>",######,######,"<span style=""font-family: 'Courier New', Courier, monospace; font-size: 60px; color: black;"">NU3VE</span>",J,same,leet,incongruent_leet,9,1,NU3VE,,,,,
61,1791195261864,05/10/2026 10:14:21,1791195261864,2,05/10/2026 12:14:21,283162,5,task-biuv,,58572850,,16708144,,complete,,,computer,Desktop or Laptop,Windows 10,Firefox 102.0,3840x2160,3840x1838,,,0,UCL - tarea 1 ,6,Group1,spreadsheet1,spreadsheet1,9,trial,Target,spx9cn,3,response,J,,721.4800000000105,716.6200000000244,721.4800000000105,721.4800000000105,716.6200000000244,721.4800000000105,1,0,0,,Keyboard Response,Respuesta,3,object-91,trial,,,,5,"<span style=""font-family: 'Courier New', Courier, monospace; font-size: 60px; color: black;"">nueve</span>",######,######,"<span style=""font-family: 'Courier New', Courier, monospace; font-size: 60px; color: black;"">NU3VE</span>",J,same,leet,incongruent_leet,9,1,NU3VE,,,,,
62,1791195262360,05/10/2026 10:14:22,1791195262360,2,05/10/2026 12:14:22,283162,5,task-biuv,,58572850,,16708144,,complete,,,computer,Desktop or Laptop,Windows 10,Firefox 102.0,3840x2160,3840x1838,,,0,UCL - tarea 1 ,6,Group1,spreadsheet1,spreadsheet1,9,trial,Blank,vybs3x,4,timedOut,,,501.85999999998603,499.9799999999814,501.85999999998603,501.85999999998603,499.9799999999814,501.85999999998603,1,0,0,,Time Limit,screen,0,screen,trial,,,,5,"<span style=""font-family: 'Courier New', Courier, monospace; font-size: 60px; color: black;"">nueve</span>",######,######,"<span style=""font-family: 'Courier New', Courier, monospace; font-size: 60px; color: black;"">NU3VE</span>",J,same,leet,incongruent_leet,9,1,NU3VE,,,,,
63,1791195262861,05/10/2026 10:14:22,1791195262861,2,05/10/2026 12:14:22,283162,5,task-biuv,,58572850,,16708144,,complete,,,computer,Desktop or Laptop,Windows 10,Firefox 102.0,3840x2160,3840x1838,,,0,UCL - tarea 1 ,6,Group1,spreadsheet1,spreadsheet1,10,trial,Fixation,w99rzd,1,continue,,,499.9800000000105,499.9800000000105,499.9800000000105,499.9800000000105,499.9800000000105,499.9800000000105,1,0,0,,Fixation Timing,Fixation Cross,1,object-125,trial,,,,21,"<span style=""font-family: 'Courier New', Courier, monospace; font-size: 60px; color: black;"">siete</span>",######,######,"<span style=""font-family: 'Courier New', Courier, monospace; font-size: 60px; color: black;"">C1NCO</span>",F,different,leet,incongruent_leet,7,1,C1NCO,,,,,
64,1791195263161,05/10/2026 10:14:23,1791195263161,2,05/10/2026 12:14:23,283162,5,task-biuv,,58572850,,16708144,,complete,,,computer,Desktop or Laptop,Windows 10,Firefox 102.0,3840x2160,3840x1838,,,0,UCL - tarea 1 ,6,Group1,spreadsheet1,spreadsheet1,10,trial,Reference,m6fryy,2,timedOut,,,300.8999999999942,299.9799999999814,300.8999999999942,300.8999999999942,299.9799999999814,300.8999999999942,1,0,0,,Time Limit,screen,0,screen,trial,,,,21,"<span style=""font-family: 'Courier New', Courier, monospace; font-size: 60px; color: black;"">siete</span>",######,######,"<span style=""font-family: 'Courier New', Courier, monospace; font-size: 60px; color: black;"">C1NCO</span>",F,different,leet,incongruent_leet,7,1,C1NCO,,,,,
65,1791195263896,05/10/2026 10:14:23,1791195263896,2,05/10/2026 12:14:23,283162,5,task-biuv,,58572850,,16708144,,complete,,,computer,Desktop or Laptop,Windows 10,Firefox 102.0,3840x2160,3840x1838,,,0,UCL - tarea 1 ,6,Group1,spreadsheet1,spreadsheet1,10,trial,Target,spx9cn,3,response,F,,736.9200000000128,733.3000000000175,736.9200000000128,736.9200000000128,733.3000000000175,736.9200000000128,1,0,0,,Keyboard Response,Respuesta,3,object-91,trial,,,,21,"<span style=""font-family: 'Courier New', Courier, monospace; font-size: 60px; color: black;"">siete</span>",######,######,"<span style=""font-family: 'Courier New', Courier, monospace; font-size: 60px; color: black;"">C1NCO</span>",F,different,leet,incongruent_leet,7,1,C1NCO,,,,,
66,1791195264393,05/10/2026 10:14:24,1791195264393,2,05/10/2026 12:14:24,283162,5,task-biuv,,58572850,,16708144,,complete,,,computer,Desktop or Laptop,Windows 10,Firefox 102.0,3840x2160,3840x1838,,,0,UCL - tarea 1 ,6,Group1,spreadsheet1,spreadsheet1,10,trial,Blank,vybs3x,4,timedOut,,,501.61999999999534,499.95999999999185,501.61999999999534,501.61999999999534,499.95999999999185,501.61999999999534,1,0,0,,Time Limit,screen,0,screen,trial,,,,21,"<span style=""font-family: 'Courier New', Courier, monospace; font-size: 60px; color: black;"">siete</span>",######,######,"<span style=""font-family: 'Courier New', Courier, monospace; font-size: 60px; color: black;"">C1NCO</span>",F,different,leet,incongruent_leet,7,1,C1NCO,,,,,
67,1791195264894,05/10/2026 10:14:24,1791195264894,2,05/10/2026 12:14:24,283162,5,task-biuv,,58572850,,16708144,,complete,,,computer,Desktop or Laptop,Windows 10,Firefox 102.0,3840x2160,3840x1838,,,0,UCL - tarea 1 ,6,Group1,spreadsheet1,spreadsheet1,11,trial,Fixation,w99rzd,1,continue,,,499.9800000000105,499.9800000000105,499.9800000000105,499.9800000000105,499.9800000000105,499.9800000000105,1,0,0,,Fixation Timing,Fixation Cross,1,object-125,trial,,,,3,"<span style=""font-family: 'Courier New', Courier, monospace; font-size: 60px; color: black;"">siete</span>",######,######,"<span style=""font-family: 'Courier New', Courier, monospace; font-size: 60px; color: black;"">SIE7E</span>",J,same,leet,congruent_leet,7,1,SIE7E,,,,,
68,1791195265194,05/10/2026 10:14:25,1791195265194,2,05/10/2026 12:14:25,283162,5,task-biuv,,58572850,,16708144,,complete,,,computer,Desktop or Laptop,Windows 10,Firefox 102.0,3840x2160,3840x1838,,,0,UCL - tarea 1 ,6,Group1,spreadsheet1,spreadsheet1,11,trial,Reference,m6fryy,2,timedOut,,,301.679999999993,299.9799999999814,301.679999999993,301.679999999993,299.9799999999814,301.679999999993,1,0,0,,Time Limit,screen,0,screen,trial,,,,3,"<span style=""font-family: 'Courier New', Courier, monospace; font-size: 60px; color: black;"">siete</span>",######,######,"<span style=""font-family: 'Courier New', Courier, monospace; font-size: 60px; color: black;"">SIE7E</span>",J,same,leet,congruent_leet,7,1,SIE7E,,,,,
69,1791195265920,05/10/2026 10:14:25,1791195265920,2,05/10/2026 12:14:25,283162,5,task-biuv,,58572850,,16708144,,complete,,,computer,Desktop or Laptop,Windows 10,Firefox 102.0,3840x2160,3840x1838,,,0,UCL - tarea 1 ,6,Group1,spreadsheet1,spreadsheet1,11,trial,Target,spx9cn,3,response,J,,727.7000000000116,716.640000000014,727.7000000000116,727.7000000000116,716.640000000014,727.7000000000116,1,0,0,,Keyboard Response,Respuesta,3,object-91,trial,,,,3,"<span style=""font-family: 'Courier New', Courier, monospace; font-size: 60px; color: black;"">siete</span>",######,######,"<span style=""font-family: 'Courier New', Courier, monospace; font-size: 60px; color: black;"">SIE7E</span>",J,same,leet,congruent_leet,7,1,SIE7E,,,,,
70,1791195266410,05/10/2026 10:14:26,1791195266410,2,05/10/2026 12:14:26,283162,5,task-biuv,,58572850,,16708144,,complete,,,computer,Desktop or Laptop,Windows 10,Firefox 102.0,3840x2160,3840x1838,,,0,UCL - tarea 1 ,6,Group1,spreadsheet1,spreadsheet1,11,trial,Blank,vybs3x,4,timedOut,,,501.0599999999977,499.9800000000105,501.0599999999977,501.0599999999977,499.9800000000105,501.0599999999977,1,0,0,,Time Limit,screen,0,screen,trial,,,,3,"<span style=""font-family: 'Courier New', Courier, monospace; font-size: 60px; color: black;"">siete</span>",######,######,"<span style=""font-family: 'Courier New', Courier, monospace; font-size: 60px; color: black;"">SIE7E</span>",J,same,leet,congruent_leet,7,1,SIE7E,,,,,
71,1791195266911,05/10/2026 10:14:26,1791195266911,2,05/10/2026 12:14:26,283162,5,task-biuv,,58572850,,16708144,,complete,,,computer,Desktop or Laptop,Windows 10,Firefox 102.0,3840x2160,3840x1838,,,0,UCL - tarea 1 ,6,Group1,spreadsheet1,spreadsheet1,12,trial,Fixation,w99rzd,1,continue,,,499.95999999999185,499.95999999999185,499.95999999999185,499.95999999999185,499.95999999999185,499.95999999999185,1,0,0,,Fixation Timing,Fixation Cross,1,object-125,trial,,,,15,"<span style=""font-family: 'Courier New', Courier, monospace; font-size: 60px; color: black;"">siete</span>",######,######,"<span style=""font-family: 'Courier New', Courier, monospace; font-size: 60px; color: black;"">CINCO</span>",F,different,uppercase,baseline,7,1,CINCO,,,,,
72,1791195267210,05/10/2026 10:14:27,1791195267210,2,05/10/2026 12:14:27,283162,5,task-biuv,,58572850,,16708144,,complete,,,computer,Desktop or Laptop,Windows 10,Firefox 102.0,3840x2160,3840x1838,,,0,UCL - tarea 1 ,6,Group1,spreadsheet1,spreadsheet1,12,trial,Reference,m6fryy,2,timedOut,,,301.11999999999534,299.9799999999814,301.11999999999534,301.11999999999534,299.9799999999814,301.11999999999534,1,0,0,,Time Limit,screen,0,screen,trial,,,,15,"<span style=""font-family: 'Courier New', Courier, monospace; font-size: 60px; color: black;"">siete</span>",######,######,"<span style=""font-family: 'Courier New', Courier, monospace; font-size: 60px; color: black;"">CINCO</span>",F,different,uppercase,baseline,7,1,CINCO,,,,,
73,1791195267728,05/10/2026 10:14:27,1791195267728,2,05/10/2026 12:14:27,283162,5,task-biuv,,58572850,,16708144,,complete,,,computer,Desktop or Laptop,Windows 10,Firefox 102.0,3840x2160,3840x1838,,,0,UCL - tarea 1 ,6,Group1,spreadsheet1,spreadsheet1,12,trial,Target,spx9cn,3,response,J,,519.140000000014,516.640000000014,519.140000000014,519.140000000014,516.640000000014,519.140000000014,0,0,0,,Keyboard Response,Respuesta,3,object-91,trial,,,,15,"<span style=""font-family: 'Courier New', Courier, monospace; font-size: 60px; color: black;"">siete</span>",######,######,"<span style=""font-family: 'Courier New', Courier, monospace; font-size: 60px; color: black;"">CINCO</span>",F,different,uppercase,baseline,7,1,CINCO,,,,,
74,1791195268227,05/10/2026 10:14:28,1791195268227,2,05/10/2026 12:14:28,283162,5,task-biuv,,58572850,,16708144,,complete,,,computer,Desktop or Laptop,Windows 10,Firefox 102.0,3840x2160,3840x1838,,,0,UCL - tarea 1 ,6,Group1,spreadsheet1,spreadsheet1,12,trial,Blank,vybs3x,4,timedOut,,,501.5,499.9800000000105,501.5,501.5,499.9800000000105,501.5,1,0,0,,Time Limit,screen,0,screen,trial,,,,15,"<span style=""font-family: 'Courier New', Courier, monospace; font-size: 60px; color: black;"">siete</span>",######,######,"<span style=""font-family: 'Courier New', Courier, monospace; font-size: 60px; color: black;"">CINCO</span>",F,different,uppercase,baseline,7,1,CINCO,,,,,
75,1791195268726,05/10/2026 10:14:28,1791195268726,2,05/10/2026 12:14:28,283162,5,task-biuv,,58572850,,16708144,,complete,,,computer,Desktop or Laptop,Windows 10,Firefox 102.0,3840x2160,3840x1838,,,0,UCL - tarea 1 ,6,Group1,spreadsheet1,spreadsheet1,13,trial,Fixation,w99rzd,1,continue,,,499.9799999999814,499.9799999999814,499.9799999999814,499.9799999999814,499.9799999999814,499.9799999999814,1,0,0,,Fixation Timing,Fixation Cross,1,object-125,trial,,,,122,"<span style=""font-family: 'Courier New', Courier, monospace; font-size: 60px; color: black;"">cuatro</span>",######,######,"<span style=""font-family: 'Courier New', Courier, monospace; font-size: 60px; color: black;"">CU4TRO</span>",J,same,leet,congruent_leet,4,1,CU4TRO,,,,,
76,1791195269027,05/10/2026 10:14:29,1791195269027,2,05/10/2026 12:14:29,283162,5,task-biuv,,58572850,,16708144,,complete,,,computer,Desktop or Laptop,Windows 10,Firefox 102.0,3840x2160,3840x1838,,,0,UCL - tarea 1 ,6,Group1,spreadsheet1,spreadsheet1,13,trial,Reference,m6fryy,2,timedOut,,,301.54000000000815,299.9800000000105,301.54000000000815,301.54000000000815,299.9800000000105,301.54000000000815,1,0,0,,Time Limit,screen,0,screen,trial,,,,122,"<span style=""font-family: 'Courier New', Courier, monospace; font-size: 60px; color: black;"">cuatro</span>",######,######,"<span style=""font-family: 'Courier New', Courier, monospace; font-size: 60px; color: black;"">CU4TRO</span>",J,same,leet,congruent_leet,4,1,CU4TRO,,,,,
77,1791195269097,05/10/2026 10:14:29,1791195269097,2,05/10/2026 12:14:29,283162,5,task-biuv,,58572850,,16708144,,complete,,,computer,Desktop or Laptop,Windows 10,Firefox 102.0,3840x2160,3840x1838,,,0,UCL - tarea 1 ,6,Group1,spreadsheet1,spreadsheet1,13,trial,Target,spx9cn,3,response,J,,71.55999999999767,66.66000000000349,71.55999999999767,71.55999999999767,66.66000000000349,71.55999999999767,1,0,0,,Keyboard Response,Respuesta,3,object-91,trial,,,,122,"<span style=""font-family: 'Courier New', Courier, monospace; font-size: 60px; color: black;"">cuatro</span>",######,######,"<span style=""font-family: 'Courier New', Courier, monospace; font-size: 60px; color: black;"">CU4TRO</span>",J,same,leet,congruent_leet,4,1,CU4TRO,,,,,
78,1791195269594,05/10/2026 10:14:29,1791195269594,2,05/10/2026 12:14:29,283162,5,task-biuv,,58572850,,16708144,,complete,,,computer,Desktop or Laptop,Windows 10,Firefox 102.0,3840x2160,3840x1838,,,0,UCL - tarea 1 ,6,Group1,spreadsheet1,spreadsheet1,13,trial,Blank,vybs3x,4,timedOut,,,502.8999999999942,499.9799999999814,502.8999999999942,502.8999999999942,499.9799999999814,502.8999999999942,1,0,0,,Time Limit,screen,0,screen,trial,,,,122,"<span style=""font-family: 'Courier New', Courier, monospace; font-size: 60px; color: black;"">cuatro</span>",######,######,"<span style=""font-family: 'Courier New', Courier, monospace; font-size: 60px; color: black;"">CU4TRO</span>",J,same,leet,congruent_leet,4,1,CU4TRO,,,,,
79,1791195270093,05/10/2026 10:14:30,1791195270093,2,05/10/2026 12:14:30,283162,5,task-biuv,,58572850,,16708144,,complete,,,computer,Desktop or Laptop,Windows 10,Firefox 102.0,3840x2160,3840x1838,,,0,UCL - tarea 1 ,6,Group1,spreadsheet1,spreadsheet1,14,trial,Fixation,w99rzd,1,continue,,,499.9800000000105,499.9800000000105,499.9800000000105,499.9800000000105,499.9800000000105,499.9800000000105,1,0,0,,Fixation Timing,Fixation Cross,1,object-125,trial,,,,4,"<span style=""font-family: 'Courier New', Courier, monospace; font-size: 60px; color: black;"">seis</span>",######,######,"<span style=""font-family: 'Courier New', Courier, monospace; font-size: 60px; color: black;"">SEIS</span>",J,same,uppercase,baseline,6,1,SEIS,,,,,
80,1791195270395,05/10/2026 10:14:30,1791195270395,2,05/10/2026 12:14:30,283162,5,task-biuv,,58572850,,16708144,,complete,,,computer,Desktop or Laptop,Windows 10,Firefox 102.0,3840x2160,3840x1838,,,0,UCL - tarea 1 ,6,Group1,spreadsheet1,spreadsheet1,14,trial,Reference,m6fryy,2,timedOut,,,301.9400000000023,299.9800000000105,301.9400000000023,301.9400000000023,299.9800000000105,301.9400000000023,1,0,0,,Time Limit,screen,0,screen,trial,,,,4,"<span style=""font-family: 'Courier New', Courier, monospace; font-size: 60px; color: black;"">seis</span>",######,######,"<span style=""font-family: 'Courier New', Courier, monospace; font-size: 60px; color: black;"">SEIS</span>",J,same,uppercase,baseline,6,1,SEIS,,,,,
81,1791195270482,05/10/2026 10:14:30,1791195270482,2,05/10/2026 12:14:30,283162,5,task-biuv,,58572850,,16708144,,complete,,,computer,Desktop or Laptop,Windows 10,Firefox 102.0,3840x2160,3840x1838,,,0,UCL - tarea 1 ,6,Group1,spreadsheet1,spreadsheet1,14,trial,Target,spx9cn,3,response,J,,89.95999999999185,83.31999999997788,89.95999999999185,89.95999999999185,83.31999999997788,89.95999999999185,1,0,0,,Keyboard Response,Respuesta,3,object-91,trial,,,,4,"<span style=""font-family: 'Courier New', Courier, monospace; font-size: 60px; color: black;"">seis</span>",######,######,"<span style=""font-family: 'Courier New', Courier, monospace; font-size: 60px; color: black;"">SEIS</span>",J,same,uppercase,baseline,6,1,SEIS,,,,,
82,1791195270976,05/10/2026 10:14:30,1791195270976,2,05/10/2026 12:14:30,283162,5,task-biuv,,58572850,,16708144,,complete,,,computer,Desktop or Laptop,Windows 10,Firefox 102.0,3840x2160,3840x1838,,,0,UCL - tarea 1 ,6,Group1,spreadsheet1,spreadsheet1,14,trial,Blank,vybs3x,4,timedOut,,,502.64000000001397,499.9800000000105,502.64000000001397,502.64000000001397,499.9800000000105,502.64000000001397,1,0,0,,Time Limit,screen,0,screen,trial,,,,4,"<span style=""font-family: 'Courier New', Courier, monospace; font-size: 60px; color: black;"">seis</span>",######,######,"<span style=""font-family: 'Courier New', Courier, monospace; font-size: 60px; color: black;"">SEIS</span>",J,same,uppercase,baseline,6,1,SEIS,,,,,
83,1791195271476,05/10/2026 10:14:31,1791195271476,2,05/10/2026 12:14:31,283162,5,task-biuv,,58572850,,16708144,,complete,,,computer,Desktop or Laptop,Windows 10,Firefox 102.0,3840x2160,3840x1838,,,0,UCL - tarea 1 ,6,Group1,spreadsheet1,spreadsheet1,15,trial,Fixation,w99rzd,1,continue,,,499.9800000000105,499.9800000000105,499.9800000000105,499.9800000000105,499.9800000000105,499.9800000000105,1,0,0,,Fixation Timing,Fixation Cross,1,object-125,trial,,,,132,"<span style=""font-family: 'Courier New', Courier, monospace; font-size: 60px; color: black;"">cinco</span>",######,######,"<span style=""font-family: 'Courier New', Courier, monospace; font-size: 60px; color: black;"">C1NCO</span>",J,same,leet,incongruent_leet,5,1,C1NCO,,,,,
84,1791195271776,05/10/2026 10:14:31,1791195271776,2,05/10/2026 12:14:31,283162,5,task-biuv,,58572850,,16708144,,complete,,,computer,Desktop or Laptop,Windows 10,Firefox 102.0,3840x2160,3840x1838,,,0,UCL - tarea 1 ,6,Group1,spreadsheet1,spreadsheet1,15,trial,Reference,m6fryy,2,timedOut,,,301.679999999993,299.9799999999814,301.679999999993,301.679999999993,299.9799999999814,301.679999999993,1,0,0,,Time Limit,screen,0,screen,trial,,,,132,"<span style=""font-family: 'Courier New', Courier, monospace; font-size: 60px; color: black;"">cinco</span>",######,######,"<span style=""font-family: 'Courier New', Courier, monospace; font-size: 60px; color: black;"">C1NCO</span>",J,same,leet,incongruent_leet,5,1,C1NCO,,,,,
85,1791195272328,05/10/2026 10:14:32,1791195272328,2,05/10/2026 12:14:32,283162,5,task-biuv,,58572850,,16708144,,complete,,,computer,Desktop or Laptop,Windows 10,Firefox 102.0,3840x2160,3840x1838,,,0,UCL - tarea 1 ,6,Group1,spreadsheet1,spreadsheet1,15,trial,Target,spx9cn,3,response,F,,553.7000000000116,551.0400000000081,553.7000000000116,553.7000000000116,551.0400000000081,553.7000000000116,0,0,0,,Keyboard Response,Respuesta,3,object-91,trial,,,,132,"<span style=""font-family: 'Courier New', Courier, monospace; font-size: 60px; color: black;"">cinco</span>",######,######,"<span style=""font-family: 'Courier New', Courier, monospace; font-size: 60px; color: black;"">C1NCO</span>",J,same,leet,incongruent_leet,5,1,C1NCO,,,,,
86,1791195272827,05/10/2026 10:14:32,1791195272827,2,05/10/2026 12:14:32,283162,5,task-biuv,,58572850,,16708144,,complete,,,computer,Desktop or Laptop,Windows 10,Firefox 102.0,3840x2160,3840x1838,,,0,UCL - tarea 1 ,6,Group1,spreadsheet1,spreadsheet1,15,trial,Blank,vybs3x,4,timedOut,,,500.6600000000035,499.9800000000105,500.6600000000035,500.6600000000035,499.9800000000105,500.6600000000035,1,0,0,,Time Limit,screen,0,screen,trial,,,,132,"<span style=""font-family: 'Courier New', Courier, monospace; font-size: 60px; color: black;"">cinco</span>",######,######,"<span style=""font-family: 'Courier New', Courier, monospace; font-size: 60px; color: black;"">C1NCO</span>",J,same,leet,incongruent_leet,5,1,C1NCO,,,,,
87,1791195273326,05/10/2026 10:14:33,1791195273326,2,05/10/2026 12:14:33,283162,5,task-biuv,,58572850,,16708144,,complete,,,computer,Desktop or Laptop,Windows 10,Firefox 102.0,3840x2160,3840x1838,,,0,UCL - tarea 1 ,6,Group1,spreadsheet1,spreadsheet1,16,trial,Fixation,w99rzd,1,continue,,,499.9799999999814,499.9799999999814,499.9799999999814,499.9799999999814,499.9799999999814,499.9799999999814,1,0,0,,Fixation Timing,Fixation Cross,1,object-125,trial,,,,129,"<span style=""font-family: 'Courier New', Courier, monospace; font-size: 60px; color: black;"">siete</span>",######,######,"<span style=""font-family: 'Courier New', Courier, monospace; font-size: 60px; color: black;"">SIETE</span>",J,same,uppercase,baseline,7,1,SIETE,,,,,
88,1791195273627,05/10/2026 10:14:33,1791195273627,2,05/10/2026 12:14:33,283162,5,task-biuv,,58572850,,16708144,,complete,,,computer,Desktop or Laptop,Windows 10,Firefox 102.0,3840x2160,3840x1838,,,0,UCL - tarea 1 ,6,Group1,spreadsheet1,spreadsheet1,16,trial,Reference,m6fryy,2,timedOut,,,301.70000000001164,299.9800000000105,301.70000000001164,301.70000000001164,299.9800000000105,301.70000000001164,1,0,0,,Time Limit,screen,0,screen,trial,,,,129,"<span style=""font-family: 'Courier New', Courier, monospace; font-size: 60px; color: black;"">siete</span>",######,######,"<span style=""font-family: 'Courier New', Courier, monospace; font-size: 60px; color: black;"">SIETE</span>",J,same,uppercase,baseline,7,1,SIETE,,,,,
89,1791195274802,05/10/2026 10:14:34,1791195274802,2,05/10/2026 12:14:34,283162,5,task-biuv,,58572850,,16708144,,complete,,,computer,Desktop or Laptop,Windows 10,Firefox 102.0,3840x2160,3840x1838,,,0,UCL - tarea 1 ,6,Group1,spreadsheet1,spreadsheet1,16,trial,Target,spx9cn,3,response,J,,1176.7200000000012,1166.6000000000058,1176.7200000000012,1176.7200000000012,1166.6000000000058,1176.7200000000012,1,0,0,,Keyboard Response,Respuesta,3,object-91,trial,,,,129,"<span style=""font-family: 'Courier New', Courier, monospace; font-size: 60px; color: black;"">siete</span>",######,######,"<span style=""font-family: 'Courier New', Courier, monospace; font-size: 60px; color: black;"">SIETE</span>",J,same,uppercase,baseline,7,1,SIETE,,,,,
90,1791195275293,05/10/2026 10:14:35,1791195275293,2,05/10/2026 12:14:35,283162,5,task-biuv,,58572850,,16708144,,complete,,,computer,Desktop or Laptop,Windows 10,Firefox 102.0,3840x2160,3840x1838,,,0,UCL - tarea 1 ,6,Group1,spreadsheet1,spreadsheet1,16,trial,Blank,vybs3x,4,timedOut,,,501.11999999999534,499.9799999999814,501.11999999999534,501.11999999999534,499.9799999999814,501.11999999999534,1,0,0,,Time Limit,screen,0,screen,trial,,,,129,"<span style=""font-family: 'Courier New', Courier, monospace; font-size: 60px; color: black;"">siete</span>",######,######,"<span style=""font-family: 'Courier New', Courier, monospace; font-size: 60px; color: black;"">SIETE</span>",J,same,uppercase,baseline,7,1,SIETE,,,,,
91,1791195275794,05/10/2026 10:14:35,1791195275794,2,05/10/2026 12:14:35,283162,5,task-biuv,,58572850,,16708144,,complete,,,computer,Desktop or Laptop,Windows 10,Firefox 102.0,3840x2160,3840x1838,,,0,UCL - tarea 1 ,6,Group1,spreadsheet1,spreadsheet1,17,trial,Fixation,w99rzd,1,continue,,,499.9800000000105,499.9800000000105,499.9800000000105,499.9800000000105,499.9800000000105,499.9800000000105,1,0,0,,Fixation Timing,Fixation Cross,1,object-125,trial,,,,138,"<span style=""font-family: 'Courier New', Courier, monospace; font-size: 60px; color: black;"">cinco</span>",######,######,"<span style=""font-family: 'Courier New', Courier, monospace; font-size: 60px; color: black;"">SIE7E</span>",F,different,leet,congruent_leet,5,1,SIE7E,,,,,
92,1791195276094,05/10/2026 10:14:36,1791195276094,2,05/10/2026 12:14:36,283162,5,task-biuv,,58572850,,16708144,,complete,,,computer,Desktop or Laptop,Windows 10,Firefox 102.0,3840x2160,3840x1838,,,0,UCL - tarea 1 ,6,Group1,spreadsheet1,spreadsheet1,17,trial,Reference,m6fryy,2,timedOut,,,302.1600000000035,299.9800000000105,302.1600000000035,302.1600000000035,299.9800000000105,302.1600000000035,1,0,0,,Time Limit,screen,0,screen,trial,,,,138,"<span style=""font-family: 'Courier New', Courier, monospace; font-size: 60px; color: black;"">cinco</span>",######,######,"<span style=""font-family: 'Courier New', Courier, monospace; font-size: 60px; color: black;"">SIE7E</span>",F,different,leet,congruent_leet,5,1,SIE7E,,,,,
93,1791195277049,05/10/2026 10:14:37,1791195277049,2,05/10/2026 12:14:37,283162,5,task-biuv,,58572850,,16708144,,complete,,,computer,Desktop or Laptop,Windows 10,Firefox 102.0,3840x2160,3840x1838,,,0,UCL - tarea 1 ,6,Group1,spreadsheet1,spreadsheet1,17,trial,Target,spx9cn,3,response,F,,956.179999999993,949.9599999999919,956.179999999993,956.179999999993,949.9599999999919,956.179999999993,1,0,0,,Keyboard Response,Respuesta,3,object-91,trial,,,,138,"<span style=""font-family: 'Courier New', Courier, monospace; font-size: 60px; color: black;"">cinco</span>",######,######,"<span style=""font-family: 'Courier New', Courier, monospace; font-size: 60px; color: black;"">SIE7E</span>",F,different,leet,congruent_leet,5,1,SIE7E,,,,,
94,1791195277544,05/10/2026 10:14:37,1791195277544,2,05/10/2026 12:14:37,283162,5,task-biuv,,58572850,,16708144,,complete,,,computer,Desktop or Laptop,Windows 10,Firefox 102.0,3840x2160,3840x1838,,,0,UCL - tarea 1 ,6,Group1,spreadsheet1,spreadsheet1,17,trial,Blank,vybs3x,4,timedOut,,,502.22000000000116,499.95999999999185,502.22000000000116,502.22000000000116,499.95999999999185,502.22000000000116,1,0,0,,Time Limit,screen,0,screen,trial,,,,138,"<span style=""font-family: 'Courier New', Courier, monospace; font-size: 60px; color: black;"">cinco</span>",######,######,"<span style=""font-family: 'Courier New', Courier, monospace; font-size: 60px; color: black;"">SIE7E</span>",F,different,leet,congruent_leet,5,1,SIE7E,,,,,
95,1791195278044,05/10/2026 10:14:38,1791195278044,2,05/10/2026 12:14:38,283162,5,task-biuv,,58572850,,16708144,,complete,,,computer,Desktop or Laptop,Windows 10,Firefox 102.0,3840x2160,3840x1838,,,0,UCL - tarea 1 ,6,Group1,spreadsheet1,spreadsheet1,18,trial,Fixation,w99rzd,1,continue,,,499.9800000000105,499.9800000000105,499.9800000000105,499.9800000000105,499.9800000000105,499.9800000000105,1,0,0,,Fixation Timing,Fixation Cross,1,object-125,trial,,,,13,"<span style=""font-family: 'Courier New', Courier, monospace; font-size: 60px; color: black;"">tres</span>",######,######,"<span style=""font-family: 'Courier New', Courier, monospace; font-size: 60px; color: black;"">SEIS</span>",F,different,uppercase,baseline,3,1,SEIS,,,,,
96,1791195278344,05/10/2026 10:14:38,1791195278344,2,05/10/2026 12:14:38,283162,5,task-biuv,,58572850,,16708144,,complete,,,computer,Desktop or Laptop,Windows 10,Firefox 102.0,3840x2160,3840x1838,,,0,UCL - tarea 1 ,6,Group1,spreadsheet1,spreadsheet1,18,trial,Reference,m6fryy,2,timedOut,,,300.27999999999884,299.9800000000105,300.27999999999884,300.27999999999884,299.9800000000105,300.27999999999884,1,0,0,,Time Limit,screen,0,screen,trial,,,,13,"<span style=""font-family: 'Courier New', Courier, monospace; font-size: 60px; color: black;"">tres</span>",######,######,"<span style=""font-family: 'Courier New', Courier, monospace; font-size: 60px; color: black;"">SEIS</span>",F,different,uppercase,baseline,3,1,SEIS,,,,,
97,1791195279193,05/10/2026 10:14:39,1791195279193,2,05/10/2026 12:14:39,283162,5,task-biuv,,58572850,,16708144,,complete,,,computer,Desktop or Laptop,Windows 10,Firefox 102.0,3840x2160,3840x1838,,,0,UCL - tarea 1 ,6,Group1,spreadsheet1,spreadsheet1,18,trial,Target,spx9cn,3,response,F,,849.9799999999814,833.2999999999884,849.9799999999814,849.9799999999814,833.2999999999884,849.9799999999814,1,0,0,,Keyboard Response,Respuesta,3,object-91,trial,,,,13,"<span style=""font-family: 'Courier New', Courier, monospace; font-size: 60px; color: black;"">tres</span>",######,######,"<span style=""font-family: 'Courier New', Courier, monospace; font-size: 60px; color: black;"">SEIS</span>",F,different,uppercase,baseline,3,1,SEIS,,,,,
98,1791195279676,05/10/2026 10:14:39,1791195279676,2,05/10/2026 12:14:39,283162,5,task-biuv,,58572850,,16708144,,complete,,,computer,Desktop or Laptop,Windows 10,Firefox 102.0,3840x2160,3840x1838,,,0,UCL - tarea 1 ,6,Group1,spreadsheet1,spreadsheet1,18,trial,Blank,vybs3x,4,timedOut,,,501,499.95999999999185,501,501,499.95999999999185,501,1,0,0,,Time Limit,screen,0,screen,trial,,,,13,"<span style=""font-family: 'Courier New', Courier, monospace; font-size: 60px; color: black;"">tres</span>",######,######,"<span style=""font-family: 'Courier New', Courier, monospace; font-size: 60px; color: black;"">SEIS</span>",F,different,uppercase,baseline,3,1,SEIS,,,,,
99,1791195280177,05/10/2026 10:14:40,1791195280177,2,05/10/2026 12:14:40,283162,5,task-biuv,,58572850,,16708144,,complete,,,computer,Desktop or Laptop,Windows 10,Firefox 102.0,3840x2160,3840x1838,,,0,UCL - tarea 1 ,6,Group1,spreadsheet1,spreadsheet1,19,trial,Fixation,w99rzd,1,continue,,,499.9800000000105,499.9800000000105,499.9800000000105,499.9800000000105,499.9800000000105,499.9800000000105,1,0,0,,Fixation Timing,Fixation Cross,1,object-125,trial,,,,136,"<span style=""font-family: 'Courier New', Courier, monospace; font-size: 60px; color: black;"">seis</span>",######,######,"<span style=""font-family: 'Courier New', Courier, monospace; font-size: 60px; color: black;"">TR3S</span>",F,different,leet,congruent_leet,6,1,TR3S,,,,,
100,1791195280478,05/10/2026 10:14:40,1791195280478,2,05/10/2026 12:14:40,283162,5,task-biuv,,58572850,,16708144,,complete,,,computer,Desktop or Laptop,Windows 10,Firefox 102.0,3840x2160,3840x1838,,,0,UCL - tarea 1 ,6,Group1,spreadsheet1,spreadsheet1,19,trial,Reference,m6fryy,2,timedOut,,,301.0599999999977,299.9800000000105,301.0599999999977,301.0599999999977,299.9800000000105,301.0599999999977,1,0,0,,Time Limit,screen,0,screen,trial,,,,136,"<span style=""font-family: 'Courier New', Courier, monospace; font-size: 60px; color: black;"">seis</span>",######,######,"<span style=""font-family: 'Courier New', Courier, monospace; font-size: 60px; color: black;"">TR3S</span>",F,different,leet,congruent_leet,6,1,TR3S,,,,,
101,1791195281207,05/10/2026 10:14:41,1791195281207,2,05/10/2026 12:14:41,283162,5,task-biuv,,58572850,,16708144,,complete,,,computer,Desktop or Laptop,Windows 10,Firefox 102.0,3840x2160,3840x1838,,,0,UCL - tarea 1 ,6,Group1,spreadsheet1,spreadsheet1,19,trial,Target,spx9cn,3,response,F,,732.0799999999872,716.6399999999849,732.0799999999872,732.0799999999872,716.6399999999849,732.0799999999872,1,0,0,,Keyboard Response,Respuesta,3,object-91,trial,,,,136,"<span style=""font-family: 'Courier New', Courier, monospace; font-size: 60px; color: black;"">seis</span>",######,######,"<span style=""font-family: 'Courier New', Courier, monospace; font-size: 60px; color: black;"">TR3S</span>",F,different,leet,congruent_leet,6,1,TR3S,,,,,
102,1791195281694,05/10/2026 10:14:41,1791195281694,2,05/10/2026 12:14:41,283162,5,task-biuv,,58572850,,16708144,,complete,,,computer,Desktop or Laptop,Windows 10,Firefox 102.0,3840x2160,3840x1838,,,0,UCL - tarea 1 ,6,Group1,spreadsheet1,spreadsheet1,19,trial,Blank,vybs3x,4,timedOut,,,501.4400000000023,499.95999999999185,501.4400000000023,501.4400000000023,499.95999999999185,501.4400000000023,1,0,0,,Time Limit,screen,0,screen,trial,,,,136,"<span style=""font-family: 'Courier New', Courier, monospace; font-size: 60px; color: black;"">seis</span>",######,######,"<span style=""font-family: 'Courier New', Courier, monospace; font-size: 60px; color: black;"">TR3S</span>",F,different,leet,congruent_leet,6,1,TR3S,,,,,
103,1791195282193,05/10/2026 10:14:42,1791195282193,2,05/10/2026 12:14:42,283162,5,task-biuv,,58572850,,16708144,,complete,,,computer,Desktop or Laptop,Windows 10,Firefox 102.0,3840x2160,3840x1838,,,0,UCL - tarea 1 ,6,Group1,spreadsheet1,spreadsheet1,20,trial,Fixation,w99rzd,1,continue,,,499.9800000000105,499.9800000000105,499.9800000000105,499.9800000000105,499.9800000000105,499.9800000000105,1,0,0,,Fixation Timing,Fixation Cross,1,object-125,trial,,,,130,"<span style=""font-family: 'Courier New', Courier, monospace; font-size: 60px; color: black;"">seis</span>",######,######,"<span style=""font-family: 'Courier New', Courier, monospace; font-size: 60px; color: black;"">SE1S</span>",J,same,leet,incongruent_leet,6,1,SE1S,,,,,
104,1791195282495,05/10/2026 10:14:42,1791195282495,2,05/10/2026 12:14:42,283162,5,task-biuv,,58572850,,16708144,,complete,,,computer,Desktop or Laptop,Windows 10,Firefox 102.0,3840x2160,3840x1838,,,0,UCL - tarea 1 ,6,Group1,spreadsheet1,spreadsheet1,20,trial,Reference,m6fryy,2,timedOut,,,301.5,299.9800000000105,301.5,301.5,299.9800000000105,301.5,1,0,0,,Time Limit,screen,0,screen,trial,,,,130,"<span style=""font-family: 'Courier New', Courier, monospace; font-size: 60px; color: black;"">seis</span>",######,######,"<span style=""font-family: 'Courier New', Courier, monospace; font-size: 60px; color: black;"">SE1S</span>",J,same,leet,incongruent_leet,6,1,SE1S,,,,,
105,1791195283128,05/10/2026 10:14:43,1791195283128,2,05/10/2026 12:14:43,283162,5,task-biuv,,58572850,,16708144,,complete,,,computer,Desktop or Laptop,Windows 10,Firefox 102.0,3840x2160,3840x1838,,,0,UCL - tarea 1 ,6,Group1,spreadsheet1,spreadsheet1,20,trial,Target,spx9cn,3,response,J,,636.5199999999895,633.2999999999884,636.5199999999895,636.5199999999895,633.2999999999884,636.5199999999895,1,0,0,,Keyboard Response,Respuesta,3,object-91,trial,,,,130,"<span style=""font-family: 'Courier New', Courier, monospace; font-size: 60px; color: black;"">seis</span>",######,######,"<span style=""font-family: 'Courier New', Courier, monospace; font-size: 60px; color: black;"">SE1S</span>",J,same,leet,incongruent_leet,6,1,SE1S,,,,,
106,1791195283626,05/10/2026 10:14:43,1791195283626,2,05/10/2026 12:14:43,283162,5,task-biuv,,58572850,,16708144,,complete,,,computer,Desktop or Laptop,Windows 10,Firefox 102.0,3840x2160,3840x1838,,,0,UCL - tarea 1 ,6,Group1,spreadsheet1,spreadsheet1,20,trial,Blank,vybs3x,4,timedOut,,,500.22000000000116,499.9800000000105,500.22000000000116,500.22000000000116,499.9800000000105,500.22000000000116,1,0,0,,Time Limit,screen,0,screen,trial,,,,130,"<span style=""font-family: 'Courier New', Courier, monospace; font-size: 60px; color: black;"">seis</span>",######,######,"<span style=""font-family: 'Courier New', Courier, monospace; font-size: 60px; color: black;"">SE1S</span>",J,same,leet,incongruent_leet,6,1,SE1S,,,,,
107,1791195284127,05/10/2026 10:14:44,1791195284127,2,05/10/2026 12:14:44,283162,5,task-biuv,,58572850,,16708144,,complete,,,computer,Desktop or Laptop,Windows 10,Firefox 102.0,3840x2160,3840x1838,,,0,UCL - tarea 1 ,6,Group1,spreadsheet1,spreadsheet1,21,trial,Fixation,w99rzd,1,continue,,,499.9799999999814,499.9799999999814,499.9799999999814,499.9799999999814,499.9799999999814,499.9799999999814,1,0,0,,Fixation Timing,Fixation Cross,1,object-125,trial,,,,126,"<span style=""font-family: 'Courier New', Courier, monospace; font-size: 60px; color: black;"">cinco</span>",######,######,"<span style=""font-family: 'Courier New', Courier, monospace; font-size: 60px; color: black;"">CINCO</span>",J,same,uppercase,baseline,5,1,CINCO,,,,,
108,1791195284427,05/10/2026 10:14:44,1791195284427,2,05/10/2026 12:14:44,283162,5,task-biuv,,58572850,,16708144,,complete,,,computer,Desktop or Laptop,Windows 10,Firefox 102.0,3840x2160,3840x1838,,,0,UCL - tarea 1 ,6,Group1,spreadsheet1,spreadsheet1,21,trial,Reference,m6fryy,2,timedOut,,,301.2600000000093,299.9800000000105,301.2600000000093,301.2600000000093,299.9800000000105,301.2600000000093,1,0,0,,Time Limit,screen,0,screen,trial,,,,126,"<span style=""font-family: 'Courier New', Courier, monospace; font-size: 60px; color: black;"">cinco</span>",######,######,"<span style=""font-family: 'Courier New', Courier, monospace; font-size: 60px; color: black;"">CINCO</span>",J,same,uppercase,baseline,5,1,CINCO,,,,,
109,1791195285338,05/10/2026 10:14:45,1791195285338,2,05/10/2026 12:14:45,283162,5,task-biuv,,58572850,,16708144,,complete,,,computer,Desktop or Laptop,Windows 10,Firefox 102.0,3840x2160,3840x1838,,,0,UCL - tarea 1 ,6,Group1,spreadsheet1,spreadsheet1,21,trial,Target,spx9cn,3,response,J,,912.2799999999988,899.9599999999919,912.2799999999988,912.2799999999988,899.9599999999919,912.2799999999988,1,0,0,,Keyboard Response,Respuesta,3,object-91,trial,,,,126,"<span style=""font-family: 'Courier New', Courier, monospace; font-size: 60px; color: black;"">cinco</span>",######,######,"<span style=""font-family: 'Courier New', Courier, monospace; font-size: 60px; color: black;"">CINCO</span>",J,same,uppercase,baseline,5,1,CINCO,,,,,
110,1791195285826,05/10/2026 10:14:45,1791195285826,2,05/10/2026 12:14:45,283162,5,task-biuv,,58572850,,16708144,,complete,,,computer,Desktop or Laptop,Windows 10,Firefox 102.0,3840x2160,3840x1838,,,0,UCL - tarea 1 ,6,Group1,spreadsheet1,spreadsheet1,21,trial,Blank,vybs3x,4,timedOut,,,501.320000000007,499.96000000002095,501.320000000007,501.320000000007,499.96000000002095,501.320000000007,1,0,0,,Time Limit,screen,0,screen,trial,,,,126,"<span style=""font-family: 'Courier New', Courier, monospace; font-size: 60px; color: black;"">cinco</span>",######,######,"<span style=""font-family: 'Courier New', Courier, monospace; font-size: 60px; color: black;"">CINCO</span>",J,same,uppercase,baseline,5,1,CINCO,,,,,
111,1791195286327,05/10/2026 10:14:46,1791195286327,2,05/10/2026 12:14:46,283162,5,task-biuv,,58572850,,16708144,,complete,,,computer,Desktop or Laptop,Windows 10,Firefox 102.0,3840x2160,3840x1838,,,0,UCL - tarea 1 ,6,Group1,spreadsheet1,spreadsheet1,22,trial,Fixation,w99rzd,1,continue,,,499.9799999999814,499.9799999999814,499.9799999999814,499.9799999999814,499.9799999999814,499.9799999999814,1,0,0,,Fixation Timing,Fixation Cross,1,object-125,trial,,,,11,"<span style=""font-family: 'Courier New', Courier, monospace; font-size: 60px; color: black;"">nueve</span>",######,######,"<span style=""font-family: 'Courier New', Courier, monospace; font-size: 60px; color: black;"">NUEVE</span>",J,same,uppercase,baseline,9,1,NUEVE,,,,,
112,1791195286627,05/10/2026 10:14:46,1791195286627,2,05/10/2026 12:14:46,283162,5,task-biuv,,58572850,,16708144,,complete,,,computer,Desktop or Laptop,Windows 10,Firefox 102.0,3840x2160,3840x1838,,,0,UCL - tarea 1 ,6,Group1,spreadsheet1,spreadsheet1,22,trial,Reference,m6fryy,2,timedOut,,,301.38000000000466,299.9800000000105,301.38000000000466,301.38000000000466,299.9800000000105,301.38000000000466,1,0,0,,Time Limit,screen,0,screen,trial,,,,11,"<span style=""font-family: 'Courier New', Courier, monospace; font-size: 60px; color: black;"">nueve</span>",######,######,"<span style=""font-family: 'Courier New', Courier, monospace; font-size: 60px; color: black;"">NUEVE</span>",J,same,uppercase,baseline,9,1,NUEVE,,,,,
113,1791195287327,05/10/2026 10:14:47,1791195287327,2,05/10/2026 12:14:47,283162,5,task-biuv,,58572850,,16708144,,complete,,,computer,Desktop or Laptop,Windows 10,Firefox 102.0,3840x2160,3840x1838,,,0,UCL - tarea 1 ,6,Group1,spreadsheet1,spreadsheet1,22,trial,Target,spx9cn,3,response,J,,702.3999999999942,699.9599999999919,702.3999999999942,702.3999999999942,699.9599999999919,702.3999999999942,1,0,0,,Keyboard Response,Respuesta,3,object-91,trial,,,,11,"<span style=""font-family: 'Courier New', Courier, monospace; font-size: 60px; color: black;"">nueve</span>",######,######,"<span style=""font-family: 'Courier New', Courier, monospace; font-size: 60px; color: black;"">NUEVE</span>",J,same,uppercase,baseline,9,1,NUEVE,,,,,
114,1791195287827,05/10/2026 10:14:47,1791195287827,2,05/10/2026 12:14:47,283162,5,task-biuv,,58572850,,16708144,,complete,,,computer,Desktop or Laptop,Windows 10,Firefox 102.0,3840x2160,3840x1838,,,0,UCL - tarea 1 ,6,Group1,spreadsheet1,spreadsheet1,22,trial,Blank,vybs3x,4,timedOut,,,502.4400000000023,499.9800000000105,502.4400000000023,502.4400000000023,499.9800000000105,502.4400000000023,1,0,0,,Time Limit,screen,0,screen,trial,,,,11,"<span style=""font-family: 'Courier New', Courier, monospace; font-size: 60px; color: black;"">nueve</span>",######,######,"<span style=""font-family: 'Courier New', Courier, monospace; font-size: 60px; color: black;"">NUEVE</span>",J,same,uppercase,baseline,9,1,NUEVE,,,,,
115,1791195288326,05/10/2026 10:14:48,1791195288326,2,05/10/2026 12:14:48,283162,5,task-biuv,,58572850,,16708144,,complete,,,computer,Desktop or Laptop,Windows 10,Firefox 102.0,3840x2160,3840x1838,,,0,UCL - tarea 1 ,6,Group1,spreadsheet1,spreadsheet1,23,trial,Fixation,w99rzd,1,continue,,,499.9799999999814,499.9799999999814,499.9799999999814,499.9799999999814,499.9799999999814,499.9799999999814,1,0,0,,Fixation Timing,Fixation Cross,1,object-125,trial,,,,131,"<span style=""font-family: 'Courier New', Courier, monospace; font-size: 60px; color: black;"">nueve</span>",######,######,"<span style=""font-family: 'Courier New', Courier, monospace; font-size: 60px; color: black;"">NUEVE</span>",J,same,uppercase,baseline,9,1,NUEVE,,,,,
116,1791195288627,05/10/2026 10:14:48,1791195288627,2,05/10/2026 12:14:48,283162,5,task-biuv,,58572850,,16708144,,complete,,,computer,Desktop or Laptop,Windows 10,Firefox 102.0,3840x2160,3840x1838,,,0,UCL - tarea 1 ,6,Group1,spreadsheet1,spreadsheet1,23,trial,Reference,m6fryy,2,timedOut,,,301.4800000000105,299.9800000000105,301.4800000000105,301.4800000000105,299.9800000000105,301.4800000000105,1,0,0,,Time Limit,screen,0,screen,trial,,,,131,"<span style=""font-family: 'Courier New', Courier, monospace; font-size: 60px; color: black;"">nueve</span>",######,######,"<span style=""font-family: 'Courier New', Courier, monospace; font-size: 60px; color: black;"">NUEVE</span>",J,same,uppercase,baseline,9,1,NUEVE,,,,,
117,1791195289216,05/10/2026 10:14:49,1791195289216,2,05/10/2026 12:14:49,283162,5,task-biuv,,58572850,,16708144,,complete,,,computer,Desktop or Laptop,Windows 10,Firefox 102.0,3840x2160,3840x1838,,,0,UCL - tarea 1 ,6,Group1,spreadsheet1,spreadsheet1,23,trial,Target,spx9cn,3,response,J,,591.5,583.2999999999884,591.5,591.5,583.2999999999884,591.5,1,0,0,,Keyboard Response,Respuesta,3,object-91,trial,,,,131,"<span style=""font-family: 'Courier New', Courier, monospace; font-size: 60px; color: black;"">nueve</span>",######,######,"<span style=""font-family: 'Courier New', Courier, monospace; font-size: 60px; color: black;"">NUEVE</span>",J,same,uppercase,baseline,9,1,NUEVE,,,,,
118,1791195289709,05/10/2026 10:14:49,1791195289709,2,05/10/2026 12:14:49,283162,5,task-biuv,,58572850,,16708144,,complete,,,computer,Desktop or Laptop,Windows 10,Firefox 102.0,3840x2160,3840x1838,,,0,UCL - tarea 1 ,6,Group1,spreadsheet1,spreadsheet1,23,trial,Blank,vybs3x,4,timedOut,,,502.20000000001164,499.9800000000105,502.20000000001164,502.20000000001164,499.9800000000105,502.20000000001164,1,0,0,,Time Limit,screen,0,screen,trial,,,,131,"<span style=""font-family: 'Courier New', Courier, monospace; font-size: 60px; color: black;"">nueve</span>",######,######,"<span style=""font-family: 'Courier New', Courier, monospace; font-size: 60px; color: black;"">NUEVE</span>",J,same,uppercase,baseline,9,1,NUEVE,,,,,
119,1791195290211,05/10/2026 10:14:50,1791195290211,2,05/10/2026 12:14:50,283162,5,task-biuv,,58572850,,16708144,,complete,,,computer,Desktop or Laptop,Windows 10,Firefox 102.0,3840x2160,3840x1838,,,0,UCL - tarea 1 ,6,Group1,spreadsheet1,spreadsheet1,24,trial,Fixation,w99rzd,1,continue,,,499.9800000000105,499.9800000000105,499.9800000000105,499.9800000000105,499.9800000000105,499.9800000000105,1,0,0,,Fixation Timing,Fixation Cross,1,object-125,trial,,,,18,"<span style=""font-family: 'Courier New', Courier, monospace; font-size: 60px; color: black;"">cinco</span>",######,######,"<span style=""font-family: 'Courier New', Courier, monospace; font-size: 60px; color: black;"">SIE7E</span>",F,different,leet,congruent_leet,5,1,SIE7E,,,,,
120,1791195290510,05/10/2026 10:14:50,1791195290510,2,05/10/2026 12:14:50,283162,5,task-biuv,,58572850,,16708144,,complete,,,computer,Desktop or Laptop,Windows 10,Firefox 102.0,3840x2160,3840x1838,,,0,UCL - tarea 1 ,6,Group1,spreadsheet1,spreadsheet1,24,trial,Reference,m6fryy,2,timedOut,,,301.2399999999907,299.9799999999814,301.2399999999907,301.2399999999907,299.9799999999814,301.2399999999907,1,0,0,,Time Limit,screen,0,screen,trial,,,,18,"<span style=""font-family: 'Courier New', Courier, monospace; font-size: 60px; color: black;"">cinco</span>",######,######,"<span style=""font-family: 'Courier New', Courier, monospace; font-size: 60px; color: black;"">SIE7E</span>",F,different,leet,congruent_leet,5,1,SIE7E,,,,,
121,1791195291120,05/10/2026 10:14:51,1791195291120,2,05/10/2026 12:14:51,283162,5,task-biuv,,58572850,,16708144,,complete,,,computer,Desktop or Laptop,Windows 10,Firefox 102.0,3840x2160,3840x1838,,,0,UCL - tarea 1 ,6,Group1,spreadsheet1,spreadsheet1,24,trial,Target,spx9cn,3,response,F,,612.2600000000093,599.960000000021,612.2600000000093,612.2600000000093,599.960000000021,612.2600000000093,1,0,0,,Keyboard Response,Respuesta,3,object-91,trial,,,,18,"<span style=""font-family: 'Courier New', Courier, monospace; font-size: 60px; color: black;"">cinco</span>",######,######,"<span style=""font-family: 'Courier New', Courier, monospace; font-size: 60px; color: black;"">SIE7E</span>",F,different,leet,congruent_leet,5,1,SIE7E,,,,,
122,1791195291610,05/10/2026 10:14:51,1791195291610,2,05/10/2026 12:14:51,283162,5,task-biuv,,58572850,,16708144,,complete,,,computer,Desktop or Laptop,Windows 10,Firefox 102.0,3840x2160,3840x1838,,,0,UCL - tarea 1 ,6,Group1,spreadsheet1,spreadsheet1,24,trial,Blank,vybs3x,4,timedOut,,,502.29999999998836,499.9799999999814,502.29999999998836,502.29999999998836,499.9799999999814,502.29999999998836,1,0,0,,Time Limit,screen,0,screen,trial,,,,18,"<span style=""font-family: 'Courier New', Courier, monospace; font-size: 60px; color: black;"">cinco</span>",######,######,"<span style=""font-family: 'Courier New', Courier, monospace; font-size: 60px; color: black;"">SIE7E</span>",F,different,leet,congruent_leet,5,1,SIE7E,,,,,
123,1791195292110,05/10/2026 10:14:52,1791195292110,2,05/10/2026 12:14:52,283162,5,task-biuv,,58572850,,16708144,,complete,,,computer,Desktop or Laptop,Windows 10,Firefox 102.0,3840x2160,3840x1838,,,0,UCL - tarea 1 ,6,Group1,spreadsheet1,spreadsheet1,25,trial,Fixation,w99rzd,1,continue,,,499.9800000000105,499.9800000000105,499.9800000000105,499.9800000000105,499.9800000000105,499.9800000000105,1,0,0,,Fixation Timing,Fixation Cross,1,object-125,trial,,,,41,"<span style=""font-family: 'Courier New', Courier, monospace; font-size: 60px; color: black;"">nueve</span>",######,######,"<span style=""font-family: 'Courier New', Courier, monospace; font-size: 60px; color: black;"">CUATRO</span>",F,different,uppercase,baseline,9,2,CUATRO,,,,,
124,1791195292410,05/10/2026 10:14:52,1791195292410,2,05/10/2026 12:14:52,283162,5,task-biuv,,58572850,,16708144,,complete,,,computer,Desktop or Laptop,Windows 10,Firefox 102.0,3840x2160,3840x1838,,,0,UCL - tarea 1 ,6,Group1,spreadsheet1,spreadsheet1,25,trial,Reference,m6fryy,2,timedOut,,,302.3399999999965,299.9800000000105,302.3399999999965,302.3399999999965,299.9800000000105,302.3399999999965,1,0,0,,Time Limit,screen,0,screen,trial,,,,41,"<span style=""font-family: 'Courier New', Courier, monospace; font-size: 60px; color: black;"">nueve</span>",######,######,"<span style=""font-family: 'Courier New', Courier, monospace; font-size: 60px; color: black;"">CUATRO</span>",F,different,uppercase,baseline,9,2,CUATRO,,,,,
125,1791195293600,05/10/2026 10:14:53,1791195293600,2,05/10/2026 12:14:53,283162,5,task-biuv,,58572850,,16708144,,complete,,,computer,Desktop or Laptop,Windows 10,Firefox 102.0,3840x2160,3840x1838,,,0,UCL - tarea 1 ,6,Group1,spreadsheet1,spreadsheet1,25,trial,Target,spx9cn,3,response,F,,1191.359999999986,1183.2799999999988,1191.359999999986,1191.359999999986,1183.2799999999988,1191.359999999986,1,0,0,,Keyboard Response,Respuesta,3,object-91,trial,,,,41,"<span style=""font-family: 'Courier New', Courier, monospace; font-size: 60px; color: black;"">nueve</span>",######,######,"<span style=""font-family: 'Courier New', Courier, monospace; font-size: 60px; color: black;"">CUATRO</span>",F,different,uppercase,baseline,9,2,CUATRO,,,,,
126,1791195294094,05/10/2026 10:14:54,1791195294094,2,05/10/2026 12:14:54,283162,5,task-biuv,,58572850,,16708144,,complete,,,computer,Desktop or Laptop,Windows 10,Firefox 102.0,3840x2160,3840x1838,,,0,UCL - tarea 1 ,6,Group1,spreadsheet1,spreadsheet1,25,trial,Blank,vybs3x,4,timedOut,,,504.0799999999872,499.95999999999185,504.0799999999872,504.0799999999872,499.95999999999185,504.0799999999872,1,0,0,,Time Limit,screen,0,screen,trial,,,,41,"<span style=""font-family: 'Courier New', Courier, monospace; font-size: 60px; color: black;"">nueve</span>",######,######,"<span style=""font-family: 'Courier New', Courier, monospace; font-size: 60px; color: black;"">CUATRO</span>",F,different,uppercase,baseline,9,2,CUATRO,,,,,
127,1791195294593,05/10/2026 10:14:54,1791195294593,2,05/10/2026 12:14:54,283162,5,task-biuv,,58572850,,16708144,,complete,,,computer,Desktop or Laptop,Windows 10,Firefox 102.0,3840x2160,3840x1838,,,0,UCL - tarea 1 ,6,Group1,spreadsheet1,spreadsheet1,26,trial,Fixation,w99rzd,1,continue,,,499.9799999999814,499.9799999999814,499.9799999999814,499.9799999999814,499.9799999999814,499.9799999999814,1,0,0,,Fixation Timing,Fixation Cross,1,object-125,trial,,,,164,"<span style=""font-family: 'Courier New', Courier, monospace; font-size: 60px; color: black;"">cuatro</span>",######,######,"<span style=""font-family: 'Courier New', Courier, monospace; font-size: 60px; color: black;"">NUEVE</span>",F,different,uppercase,baseline,4,2,NUEVE,,,,,
128,1791195294894,05/10/2026 10:14:54,1791195294894,2,05/10/2026 12:14:54,283162,5,task-biuv,,58572850,,16708144,,complete,,,computer,Desktop or Laptop,Windows 10,Firefox 102.0,3840x2160,3840x1838,,,0,UCL - tarea 1 ,6,Group1,spreadsheet1,spreadsheet1,26,trial,Reference,m6fryy,2,timedOut,,,302.14000000001397,299.9800000000105,302.14000000001397,302.14000000001397,299.9800000000105,302.14000000001397,1,0,0,,Time Limit,screen,0,screen,trial,,,,164,"<span style=""font-family: 'Courier New', Courier, monospace; font-size: 60px; color: black;"">cuatro</span>",######,######,"<span style=""font-family: 'Courier New', Courier, monospace; font-size: 60px; color: black;"">NUEVE</span>",F,different,uppercase,baseline,4,2,NUEVE,,,,,
129,1791195296553,05/10/2026 10:14:56,1791195296553,2,05/10/2026 12:14:56,283162,5,task-biuv,,58572850,,16708144,,complete,,,computer,Desktop or Laptop,Windows 10,Firefox 102.0,3840x2160,3840x1838,,,0,UCL - tarea 1 ,6,Group1,spreadsheet1,spreadsheet1,26,trial,Target,spx9cn,3,response,F,,1661.1600000000035,1651.1199999999953,1661.1600000000035,1661.1600000000035,1651.1199999999953,1661.1600000000035,1,0,0,,Keyboard Response,Respuesta,3,object-91,trial,,,,164,"<span style=""font-family: 'Courier New', Courier, monospace; font-size: 60px; color: black;"">cuatro</span>",######,######,"<span style=""font-family: 'Courier New', Courier, monospace; font-size: 60px; color: black;"">NUEVE</span>",F,different,uppercase,baseline,4,2,NUEVE,,,,,
130,1791195297044,05/10/2026 10:14:57,1791195297044,2,05/10/2026 12:14:57,283162,5,task-biuv,,58572850,,16708144,,complete,,,computer,Desktop or Laptop,Windows 10,Firefox 102.0,3840x2160,3840x1838,,,0,UCL - tarea 1 ,6,Group1,spreadsheet1,spreadsheet1,26,trial,Blank,vybs3x,4,timedOut,,,501.04000000000815,499.96000000002095,501.04000000000815,501.04000000000815,499.96000000002095,501.04000000000815,1,0,0,,Time Limit,screen,0,screen,trial,,,,164,"<span style=""font-family: 'Courier New', Courier, monospace; font-size: 60px; color: black;"">cuatro</span>",######,######,"<span style=""font-family: 'Courier New', Courier, monospace; font-size: 60px; color: black;"">NUEVE</span>",F,different,uppercase,baseline,4,2,NUEVE,,,,,
131,1791195297544,05/10/2026 10:14:57,1791195297544,2,05/10/2026 12:14:57,283162,5,task-biuv,,58572850,,16708144,,complete,,,computer,Desktop or Laptop,Windows 10,Firefox 102.0,3840x2160,3840x1838,,,0,UCL - tarea 1 ,6,Group1,spreadsheet1,spreadsheet1,27,trial,Fixation,w99rzd,1,continue,,,499.9799999999814,499.9799999999814,499.9799999999814,499.9799999999814,499.9799999999814,499.9799999999814,1,0,0,,Fixation Timing,Fixation Cross,1,object-125,trial,,,,168,"<span style=""font-family: 'Courier New', Courier, monospace; font-size: 60px; color: black;"">cinco</span>",######,######,"<span style=""font-family: 'Courier New', Courier, monospace; font-size: 60px; color: black;"">SIETE</span>",F,different,uppercase,baseline,5,2,SIETE,,,,,
132,1791195297844,05/10/2026 10:14:57,1791195297844,2,05/10/2026 12:14:57,283162,5,task-biuv,,58572850,,16708144,,complete,,,computer,Desktop or Laptop,Windows 10,Firefox 102.0,3840x2160,3840x1838,,,0,UCL - tarea 1 ,6,Group1,spreadsheet1,spreadsheet1,27,trial,Reference,m6fryy,2,timedOut,,,302.1000000000058,299.9800000000105,302.1000000000058,302.1000000000058,299.9800000000105,302.1000000000058,1,0,0,,Time Limit,screen,0,screen,trial,,,,168,"<span style=""font-family: 'Courier New', Courier, monospace; font-size: 60px; color: black;"">cinco</span>",######,######,"<span style=""font-family: 'Courier New', Courier, monospace; font-size: 60px; color: black;"">SIETE</span>",F,different,uppercase,baseline,5,2,SIETE,,,,,
133,1791195298791,05/10/2026 10:14:58,1791195298791,2,05/10/2026 12:14:58,283162,5,task-biuv,,58572850,,16708144,,complete,,,computer,Desktop or Laptop,Windows 10,Firefox 102.0,3840x2160,3840x1838,,,0,UCL - tarea 1 ,6,Group1,spreadsheet1,spreadsheet1,27,trial,Target,spx9cn,3,response,J,,948.1199999999953,933.2799999999988,948.1199999999953,948.1199999999953,933.2799999999988,948.1199999999953,0,0,0,,Keyboard Response,Respuesta,3,object-91,trial,,,,168,"<span style=""font-family: 'Courier New', Courier, monospace; font-size: 60px; color: black;"">cinco</span>",######,######,"<span style=""font-family: 'Courier New', Courier, monospace; font-size: 60px; color: black;"">SIETE</span>",F,different,uppercase,baseline,5,2,SIETE,,,,,
134,1791195299277,05/10/2026 10:14:59,1791195299277,2,05/10/2026 12:14:59,283162,5,task-biuv,,58572850,,16708144,,complete,,,computer,Desktop or Laptop,Windows 10,Firefox 102.0,3840x2160,3840x1838,,,0,UCL - tarea 1 ,6,Group1,spreadsheet1,spreadsheet1,27,trial,Blank,vybs3x,4,timedOut,,,501.8399999999965,499.9800000000105,501.8399999999965,501.8399999999965,499.9800000000105,501.8399999999965,1,0,0,,Time Limit,screen,0,screen,trial,,,,168,"<span style=""font-family: 'Courier New', Courier, monospace; font-size: 60px; color: black;"">cinco</span>",######,######,"<span style=""font-family: 'Courier New', Courier, monospace; font-size: 60px; color: black;"">SIETE</span>",F,different,uppercase,baseline,5,2,SIETE,,,,,
135,1791195299777,05/10/2026 10:14:59,1791195299777,2,05/10/2026 12:14:59,283162,5,task-biuv,,58572850,,16708144,,complete,,,computer,Desktop or Laptop,Windows 10,Firefox 102.0,3840x2160,3840x1838,,,0,UCL - tarea 1 ,6,Group1,spreadsheet1,spreadsheet1,28,trial,Fixation,w99rzd,1,continue,,,499.9799999999814,499.9799999999814,499.9799999999814,499.9799999999814,499.9799999999814,499.9799999999814,1,0,0,,Fixation Timing,Fixation Cross,1,object-125,trial,,,,45,"<span style=""font-family: 'Courier New', Courier, monospace; font-size: 60px; color: black;"">siete</span>",######,######,"<span style=""font-family: 'Courier New', Courier, monospace; font-size: 60px; color: black;"">C1NCO</span>",F,different,leet,incongruent_leet,7,2,C1NCO,,,,,
136,1791195300077,05/10/2026 10:15:00,1791195300077,2,05/10/2026 12:15:00,283162,5,task-biuv,,58572850,,16708144,,complete,,,computer,Desktop or Laptop,Windows 10,Firefox 102.0,3840x2160,3840x1838,,,0,UCL - tarea 1 ,6,Group1,spreadsheet1,spreadsheet1,28,trial,Reference,m6fryy,2,timedOut,,,301.88000000000466,299.9800000000105,301.88000000000466,301.88000000000466,299.9800000000105,301.88000000000466,1,0,0,,Time Limit,screen,0,screen,trial,,,,45,"<span style=""font-family: 'Courier New', Courier, monospace; font-size: 60px; color: black;"">siete</span>",######,######,"<span style=""font-family: 'Courier New', Courier, monospace; font-size: 60px; color: black;"">C1NCO</span>",F,different,leet,incongruent_leet,7,2,C1NCO,,,,,
137,1791195301377,05/10/2026 10:15:01,1791195301377,2,05/10/2026 12:15:01,283162,5,task-biuv,,58572850,,16708144,,complete,,,computer,Desktop or Laptop,Windows 10,Firefox 102.0,3840x2160,3840x1838,,,0,UCL - tarea 1 ,6,Group1,spreadsheet1,spreadsheet1,28,trial,Target,spx9cn,3,response,J,,1299.9199999999546,1283.2599999999802,1299.9199999999546,1299.9199999999546,1283.2599999999802,1299.9199999999546,0,0,0,,Keyboard Response,Respuesta,3,object-91,trial,,,,45,"<span style=""font-family: 'Courier New', Courier, monospace; font-size: 60px; color: black;"">siete</span>",######,######,"<span style=""font-family: 'Courier New', Courier, monospace; font-size: 60px; color: black;"">C1NCO</span>",F,different,leet,incongruent_leet,7,2,C1NCO,,,,,
138,1791195301860,05/10/2026 10:15:01,1791195301860,2,05/10/2026 12:15:01,283162,5,task-biuv,,58572850,,16708144,,complete,,,computer,Desktop or Laptop,Windows 10,Firefox 102.0,3840x2160,3840x1838,,,0,UCL - tarea 1 ,6,Group1,spreadsheet1,spreadsheet1,28,trial,Blank,vybs3x,4,timedOut,,,501.64000000001397,499.9800000000105,501.64000000001397,501.64000000001397,499.9800000000105,501.64000000001397,1,0,0,,Time Limit,screen,0,screen,trial,,,,45,"<span style=""font-family: 'Courier New', Courier, monospace; font-size: 60px; color: black;"">siete</span>",######,######,"<span style=""font-family: 'Courier New', Courier, monospace; font-size: 60px; color: black;"">C1NCO</span>",F,different,leet,incongruent_leet,7,2,C1NCO,,,,,
139,1791195302360,05/10/2026 10:15:02,1791195302360,2,05/10/2026 12:15:02,283162,5,task-biuv,,58572850,,16708144,,complete,,,computer,Desktop or Laptop,Windows 10,Firefox 102.0,3840x2160,3840x1838,,,0,UCL - tarea 1 ,6,Group1,spreadsheet1,spreadsheet1,29,trial,Fixation,w99rzd,1,continue,,,499.9800000000105,499.9800000000105,499.9800000000105,499.9800000000105,499.9800000000105,499.9800000000105,1,0,0,,Fixation Timing,Fixation Cross,1,object-125,trial,,,,145,"<span style=""font-family: 'Courier New', Courier, monospace; font-size: 60px; color: black;"">tres</span>",######,######,"<span style=""font-family: 'Courier New', Courier, monospace; font-size: 60px; color: black;"">TRES</span>",J,same,uppercase,baseline,3,2,TRES,,,,,
140,1791195302661,05/10/2026 10:15:02,1791195302661,2,05/10/2026 12:15:02,283162,5,task-biuv,,58572850,,16708144,,complete,,,computer,Desktop or Laptop,Windows 10,Firefox 102.0,3840x2160,3840x1838,,,0,UCL - tarea 1 ,6,Group1,spreadsheet1,spreadsheet1,29,trial,Reference,m6fryy,2,timedOut,,,300.679999999993,299.9799999999814,300.679999999993,300.679999999993,299.9799999999814,300.679999999993,1,0,0,,Time Limit,screen,0,screen,trial,,,,145,"<span style=""font-family: 'Courier New', Courier, monospace; font-size: 60px; color: black;"">tres</span>",######,######,"<span style=""font-family: 'Courier New', Courier, monospace; font-size: 60px; color: black;"">TRES</span>",J,same,uppercase,baseline,3,2,TRES,,,,,
141,1791195303506,05/10/2026 10:15:03,1791195303506,2,05/10/2026 12:15:03,283162,5,task-biuv,,58572850,,16708144,,complete,,,computer,Desktop or Laptop,Windows 10,Firefox 102.0,3840x2160,3840x1838,,,0,UCL - tarea 1 ,6,Group1,spreadsheet1,spreadsheet1,29,trial,Target,spx9cn,3,response,J,,846.7000000000116,833.2799999999988,846.7000000000116,846.7000000000116,833.2799999999988,846.7000000000116,1,0,0,,Keyboard Response,Respuesta,3,object-91,trial,,,,145,"<span style=""font-family: 'Courier New', Courier, monospace; font-size: 60px; color: black;"">tres</span>",######,######,"<span style=""font-family: 'Courier New', Courier, monospace; font-size: 60px; color: black;"">TRES</span>",J,same,uppercase,baseline,3,2,TRES,,,,,
142,1791195303993,05/10/2026 10:15:03,1791195303993,2,05/10/2026 12:15:03,283162,5,task-biuv,,58572850,,16708144,,complete,,,computer,Desktop or Laptop,Windows 10,Firefox 102.0,3840x2160,3840x1838,,,0,UCL - tarea 1 ,6,Group1,spreadsheet1,spreadsheet1,29,trial,Blank,vybs3x,4,timedOut,,,501.4200000000128,499.9800000000105,501.4200000000128,501.4200000000128,499.9800000000105,501.4200000000128,1,0,0,,Time Limit,screen,0,screen,trial,,,,145,"<span style=""font-family: 'Courier New', Courier, monospace; font-size: 60px; color: black;"">tres</span>",######,######,"<span style=""font-family: 'Courier New', Courier, monospace; font-size: 60px; color: black;"">TRES</span>",J,same,uppercase,baseline,3,2,TRES,,,,,
143,1791195304495,05/10/2026 10:15:04,1791195304495,2,05/10/2026 12:15:04,283162,5,task-biuv,,58572850,,16708144,,complete,,,computer,Desktop or Laptop,Windows 10,Firefox 102.0,3840x2160,3840x1838,,,0,UCL - tarea 1 ,6,Group1,spreadsheet1,spreadsheet1,30,trial,Fixation,w99rzd,1,continue,,,499.9800000000105,499.9800000000105,499.9800000000105,499.9800000000105,499.9800000000105,499.9800000000105,1,0,0,,Fixation Timing,Fixation Cross,1,object-125,trial,,,,154,"<span style=""font-family: 'Courier New', Courier, monospace; font-size: 60px; color: black;"">seis</span>",######,######,"<span style=""font-family: 'Courier New', Courier, monospace; font-size: 60px; color: black;"">SE1S</span>",J,same,leet,incongruent_leet,6,2,SE1S,,,,,
144,1791195304794,05/10/2026 10:15:04,1791195304794,2,05/10/2026 12:15:04,283162,5,task-biuv,,58572850,,16708144,,complete,,,computer,Desktop or Laptop,Windows 10,Firefox 102.0,3840x2160,3840x1838,,,0,UCL - tarea 1 ,6,Group1,spreadsheet1,spreadsheet1,30,trial,Reference,m6fryy,2,timedOut,,,301.45999999999185,299.9799999999814,301.45999999999185,301.45999999999185,299.9799999999814,301.45999999999185,1,0,0,,Time Limit,screen,0,screen,trial,,,,154,"<span style=""font-family: 'Courier New', Courier, monospace; font-size: 60px; color: black;"">seis</span>",######,######,"<span style=""font-family: 'Courier New', Courier, monospace; font-size: 60px; color: black;"">SE1S</span>",J,same,leet,incongruent_leet,6,2,SE1S,,,,,
145,1791195305426,05/10/2026 10:15:05,1791195305426,2,05/10/2026 12:15:05,283162,5,task-biuv,,58572850,,16708144,,complete,,,computer,Desktop or Laptop,Windows 10,Firefox 102.0,3840x2160,3840x1838,,,0,UCL - tarea 1 ,6,Group1,spreadsheet1,spreadsheet1,30,trial,Target,spx9cn,3,response,J,,633.3000000000175,616.640000000014,633.3000000000175,633.3000000000175,616.640000000014,633.3000000000175,1,0,0,,Keyboard Response,Respuesta,3,object-91,trial,,,,154,"<span style=""font-family: 'Courier New', Courier, monospace; font-size: 60px; color: black;"">seis</span>",######,######,"<span style=""font-family: 'Courier New', Courier, monospace; font-size: 60px; color: black;"">SE1S</span>",J,same,leet,incongruent_leet,6,2,SE1S,,,,,
146,1791195305910,05/10/2026 10:15:05,1791195305910,2,05/10/2026 12:15:05,283162,5,task-biuv,,58572850,,16708144,,complete,,,computer,Desktop or Laptop,Windows 10,Firefox 102.0,3840x2160,3840x1838,,,0,UCL - tarea 1 ,6,Group1,spreadsheet1,spreadsheet1,30,trial,Blank,vybs3x,4,timedOut,,,500.8399999999965,499.9800000000105,500.8399999999965,500.8399999999965,499.9800000000105,500.8399999999965,1,0,0,,Time Limit,screen,0,screen,trial,,,,154,"<span style=""font-family: 'Courier New', Courier, monospace; font-size: 60px; color: black;"">seis</span>",######,######,"<span style=""font-family: 'Courier New', Courier, monospace; font-size: 60px; color: black;"">SE1S</span>",J,same,leet,incongruent_leet,6,2,SE1S,,,,,
147,1791195306410,05/10/2026 10:15:06,1791195306410,2,05/10/2026 12:15:06,283162,5,task-biuv,,58572850,,16708144,,complete,,,computer,Desktop or Laptop,Windows 10,Firefox 102.0,3840x2160,3840x1838,,,0,UCL - tarea 1 ,6,Group1,spreadsheet1,spreadsheet1,31,trial,Fixation,w99rzd,1,continue,,,499.95999999999185,499.95999999999185,499.95999999999185,499.95999999999185,499.95999999999185,499.95999999999185,1,0,0,,Fixation Timing,Fixation Cross,1,object-125,trial,,,,147,"<span style=""font-family: 'Courier New', Courier, monospace; font-size: 60px; color: black;"">siete</span>",######,######,"<span style=""font-family: 'Courier New', Courier, monospace; font-size: 60px; color: black;"">SIE7E</span>",J,same,leet,congruent_leet,7,2,SIE7E,,,,,
148,1791195306711,05/10/2026 10:15:06,1791195306711,2,05/10/2026 12:15:06,283162,5,task-biuv,,58572850,,16708144,,complete,,,computer,Desktop or Laptop,Windows 10,Firefox 102.0,3840x2160,3840x1838,,,0,UCL - tarea 1 ,6,Group1,spreadsheet1,spreadsheet1,31,trial,Reference,m6fryy,2,timedOut,,,301.8999999999942,299.9799999999814,301.8999999999942,301.8999999999942,299.9799999999814,301.8999999999942,1,0,0,,Time Limit,screen,0,screen,trial,,,,147,"<span style=""font-family: 'Courier New', Courier, monospace; font-size: 60px; color: black;"">siete</span>",######,######,"<span style=""font-family: 'Courier New', Courier, monospace; font-size: 60px; color: black;"">SIE7E</span>",J,same,leet,congruent_leet,7,2,SIE7E,,,,,
149,1791195307360,05/10/2026 10:15:07,1791195307360,2,05/10/2026 12:15:07,283162,5,task-biuv,,58572850,,16708144,,complete,,,computer,Desktop or Laptop,Windows 10,Firefox 102.0,3840x2160,3840x1838,,,0,UCL - tarea 1 ,6,Group1,spreadsheet1,spreadsheet1,31,trial,Target,spx9cn,3,response,J,,649.960000000021,633.3000000000175,649.960000000021,649.960000000021,633.3000000000175,649.960000000021,1,0,0,,Keyboard Response,Respuesta,3,object-91,trial,,,,147,"<span style=""font-family: 'Courier New', Courier, monospace; font-size: 60px; color: black;"">siete</span>",######,######,"<span style=""font-family: 'Courier New', Courier, monospace; font-size: 60px; color: black;"">SIE7E</span>",J,same,leet,congruent_leet,7,2,SIE7E,,,,,
150,1791195307844,05/10/2026 10:15:07,1791195307844,2,05/10/2026 12:15:07,283162,5,task-biuv,,58572850,,16708144,,complete,,,computer,Desktop or Laptop,Windows 10,Firefox 102.0,3840x2160,3840x1838,,,0,UCL - tarea 1 ,6,Group1,spreadsheet1,spreadsheet1,31,trial,Blank,vybs3x,4,timedOut,,,502.61999999999534,499.9799999999814,502.61999999999534,502.61999999999534,499.9799999999814,502.61999999999534,1,0,0,,Time Limit,screen,0,screen,trial,,,,147,"<span style=""font-family: 'Courier New', Courier, monospace; font-size: 60px; color: black;"">siete</span>",######,######,"<span style=""font-family: 'Courier New', Courier, monospace; font-size: 60px; color: black;"">SIE7E</span>",J,same,leet,congruent_leet,7,2,SIE7E,,,,,
151,1791195308344,05/10/2026 10:15:08,1791195308344,2,05/10/2026 12:15:08,283162,5,task-biuv,,58572850,,16708144,,complete,,,computer,Desktop or Laptop,Windows 10,Firefox 102.0,3840x2160,3840x1838,,,0,UCL - tarea 1 ,6,Group1,spreadsheet1,spreadsheet1,32,trial,Fixation,w99rzd,1,continue,,,499.9800000000105,499.9800000000105,499.9800000000105,499.9800000000105,499.9800000000105,499.9800000000105,1,0,0,,Fixation Timing,Fixation Cross,1,object-125,trial,,,,146,"<span style=""font-family: 'Courier New', Courier, monospace; font-size: 60px; color: black;"">cuatro</span>",######,######,"<span style=""font-family: 'Courier New', Courier, monospace; font-size: 60px; color: black;"">CUATRO</span>",J,same,leet,congruent_leet,4,2,CU4TRO,,,,,
152,1791195308643,05/10/2026 10:15:08,1791195308643,2,05/10/2026 12:15:08,283162,5,task-biuv,,58572850,,16708144,,complete,,,computer,Desktop or Laptop,Windows 10,Firefox 102.0,3840x2160,3840x1838,,,0,UCL - tarea 1 ,6,Group1,spreadsheet1,spreadsheet1,32,trial,Reference,m6fryy,2,timedOut,,,301.6600000000035,299.9800000000105,301.6600000000035,301.6600000000035,299.9800000000105,301.6600000000035,1,0,0,,Time Limit,screen,0,screen,trial,,,,146,"<span style=""font-family: 'Courier New', Courier, monospace; font-size: 60px; color: black;"">cuatro</span>",######,######,"<span style=""font-family: 'Courier New', Courier, monospace; font-size: 60px; color: black;"">CUATRO</span>",J,same,leet,congruent_leet,4,2,CU4TRO,,,,,
153,1791195309208,05/10/2026 10:15:09,1791195309208,2,05/10/2026 12:15:09,283162,5,task-biuv,,58572850,,16708144,,complete,,,computer,Desktop or Laptop,Windows 10,Firefox 102.0,3840x2160,3840x1838,,,0,UCL - tarea 1 ,6,Group1,spreadsheet1,spreadsheet1,32,trial,Target,spx9cn,3,response,J,,565.679999999993,549.9799999999814,565.679999999993,565.679999999993,549.9799999999814,565.679999999993,1,0,0,,Keyboard Response,Respuesta,3,object-91,trial,,,,146,"<span style=""font-family: 'Courier New', Courier, monospace; font-size: 60px; color: black;"">cuatro</span>",######,######,"<span style=""font-family: 'Courier New', Courier, monospace; font-size: 60px; color: black;"">CUATRO</span>",J,same,leet,congruent_leet,4,2,CU4TRO,,,,,
154,1791195309693,05/10/2026 10:15:09,1791195309693,2,05/10/2026 12:15:09,283162,5,task-biuv,,58572850,,16708144,,complete,,,computer,Desktop or Laptop,Windows 10,Firefox 102.0,3840x2160,3840x1838,,,0,UCL - tarea 1 ,6,Group1,spreadsheet1,spreadsheet1,32,trial,Blank,vybs3x,4,timedOut,,,502.70000000001164,499.96000000002095,502.70000000001164,502.70000000001164,499.96000000002095,502.70000000001164,1,0,0,,Time Limit,screen,0,screen,trial,,,,146,"<span style=""font-family: 'Courier New', Courier, monospace; font-size: 60px; color: black;"">cuatro</span>",######,######,"<span style=""font-family: 'Courier New', Courier, monospace; font-size: 60px; color: black;"">CUATRO</span>",J,same,leet,congruent_leet,4,2,CU4TRO,,,,,
155,1791195310194,05/10/2026 10:15:10,1791195310194,2,05/10/2026 12:15:10,283162,5,task-biuv,,58572850,,16708144,,complete,,,computer,Desktop or Laptop,Windows 10,Firefox 102.0,3840x2160,3840x1838,,,0,UCL - tarea 1 ,6,Group1,spreadsheet1,spreadsheet1,33,trial,Fixation,w99rzd,1,continue,,,499.9799999999814,499.9799999999814,499.9799999999814,499.9799999999814,499.9799999999814,499.9799999999814,1,0,0,,Fixation Timing,Fixation Cross,1,object-125,trial,,,,26,"<span style=""font-family: 'Courier New', Courier, monospace; font-size: 60px; color: black;"">cuatro</span>",######,######,"<span style=""font-family: 'Courier New', Courier, monospace; font-size: 60px; color: black;"">CU4TRO</span>",J,same,leet,congruent_leet,4,2,CU4TRO,,,,,
156,1791195310494,05/10/2026 10:15:10,1791195310494,2,05/10/2026 12:15:10,283162,5,task-biuv,,58572850,,16708144,,complete,,,computer,Desktop or Laptop,Windows 10,Firefox 102.0,3840x2160,3840x1838,,,0,UCL - tarea 1 ,6,Group1,spreadsheet1,spreadsheet1,33,trial,Reference,m6fryy,2,timedOut,,,301.7600000000093,299.9800000000105,301.7600000000093,301.7600000000093,299.9800000000105,301.7600000000093,1,0,0,,Time Limit,screen,0,screen,trial,,,,26,"<span style=""font-family: 'Courier New', Courier, monospace; font-size: 60px; color: black;"">cuatro</span>",######,######,"<span style=""font-family: 'Courier New', Courier, monospace; font-size: 60px; color: black;"">CU4TRO</span>",J,same,leet,congruent_leet,4,2,CU4TRO,,,,,
157,1791195311113,05/10/2026 10:15:11,1791195311113,2,05/10/2026 12:15:11,283162,5,task-biuv,,58572850,,16708144,,complete,,,computer,Desktop or Laptop,Windows 10,Firefox 102.0,3840x2160,3840x1838,,,0,UCL - tarea 1 ,6,Group1,spreadsheet1,spreadsheet1,33,trial,Target,spx9cn,3,response,J,,620.7799999999988,616.6399999999849,620.7799999999988,620.7799999999988,616.6399999999849,620.7799999999988,1,0,0,,Keyboard Response,Respuesta,3,object-91,trial,,,,26,"<span style=""font-family: 'Courier New', Courier, monospace; font-size: 60px; color: black;"">cuatro</span>",######,######,"<span style=""font-family: 'Courier New', Courier, monospace; font-size: 60px; color: black;"">CU4TRO</span>",J,same,leet,congruent_leet,4,2,CU4TRO,,,,,
158,1791195311611,05/10/2026 10:15:11,1791195311611,2,05/10/2026 12:15:11,283162,5,task-biuv,,58572850,,16708144,,complete,,,computer,Desktop or Laptop,Windows 10,Firefox 102.0,3840x2160,3840x1838,,,0,UCL - tarea 1 ,6,Group1,spreadsheet1,spreadsheet1,33,trial,Blank,vybs3x,4,timedOut,,,502.14000000001397,499.9800000000105,502.14000000001397,502.14000000001397,499.9800000000105,502.14000000001397,1,0,0,,Time Limit,screen,0,screen,trial,,,,26,"<span style=""font-family: 'Courier New', Courier, monospace; font-size: 60px; color: black;"">cuatro</span>",######,######,"<span style=""font-family: 'Courier New', Courier, monospace; font-size: 60px; color: black;"">CU4TRO</span>",J,same,leet,congruent_leet,4,2,CU4TRO,,,,,
159,1791195312110,05/10/2026 10:15:12,1791195312110,2,05/10/2026 12:15:12,283162,5,task-biuv,,58572850,,16708144,,complete,,,computer,Desktop or Laptop,Windows 10,Firefox 102.0,3840x2160,3840x1838,,,0,UCL - tarea 1 ,6,Group1,spreadsheet1,spreadsheet1,34,trial,Fixation,w99rzd,1,continue,,,499.95999999999185,499.95999999999185,499.95999999999185,499.95999999999185,499.95999999999185,499.95999999999185,1,0,0,,Fixation Timing,Fixation Cross,1,object-125,trial,,,,40,"<span style=""font-family: 'Courier New', Courier, monospace; font-size: 60px; color: black;"">seis</span>",######,######,"<span style=""font-family: 'Courier New', Courier, monospace; font-size: 60px; color: black;"">TR3S</span>",F,different,leet,congruent_leet,6,2,TR3S,,,,,
160,1791195312410,05/10/2026 10:15:12,1791195312410,2,05/10/2026 12:15:12,283162,5,task-biuv,,58572850,,16708144,,complete,,,computer,Desktop or Laptop,Windows 10,Firefox 102.0,3840x2160,3840x1838,,,0,UCL - tarea 1 ,6,Group1,spreadsheet1,spreadsheet1,34,trial,Reference,m6fryy,2,timedOut,,,302.20000000001164,300,302.20000000001164,302.20000000001164,300,302.20000000001164,1,0,0,,Time Limit,screen,0,screen,trial,,,,40,"<span style=""font-family: 'Courier New', Courier, monospace; font-size: 60px; color: black;"">seis</span>",######,######,"<span style=""font-family: 'Courier New', Courier, monospace; font-size: 60px; color: black;"">TR3S</span>",F,different,leet,congruent_leet,6,2,TR3S,,,,,
161,1791195313137,05/10/2026 10:15:13,1791195313137,2,05/10/2026 12:15:13,283162,5,task-biuv,,58572850,,16708144,,complete,,,computer,Desktop or Laptop,Windows 10,Firefox 102.0,3840x2160,3840x1838,,,0,UCL - tarea 1 ,6,Group1,spreadsheet1,spreadsheet1,34,trial,Target,spx9cn,3,response,F,,729.2000000000116,716.6200000000244,729.2000000000116,729.2000000000116,716.6200000000244,729.2000000000116,1,0,0,,Keyboard Response,Respuesta,3,object-91,trial,,,,40,"<span style=""font-family: 'Courier New', Courier, monospace; font-size: 60px; color: black;"">seis</span>",######,######,"<span style=""font-family: 'Courier New', Courier, monospace; font-size: 60px; color: black;"">TR3S</span>",F,different,leet,congruent_leet,6,2,TR3S,,,,,
162,1791195313626,05/10/2026 10:15:13,1791195313626,2,05/10/2026 12:15:13,283162,5,task-biuv,,58572850,,16708144,,complete,,,computer,Desktop or Laptop,Windows 10,Firefox 102.0,3840x2160,3840x1838,,,0,UCL - tarea 1 ,6,Group1,spreadsheet1,spreadsheet1,34,trial,Blank,vybs3x,4,timedOut,,,501.5799999999872,499.9799999999814,501.5799999999872,501.5799999999872,499.9799999999814,501.5799999999872,1,0,0,,Time Limit,screen,0,screen,trial,,,,40,"<span style=""font-family: 'Courier New', Courier, monospace; font-size: 60px; color: black;"">seis</span>",######,######,"<span style=""font-family: 'Courier New', Courier, monospace; font-size: 60px; color: black;"">TR3S</span>",F,different,leet,congruent_leet,6,2,TR3S,,,,,
163,1791195314127,05/10/2026 10:15:14,1791195314127,2,05/10/2026 12:15:14,283162,5,task-biuv,,58572850,,16708144,,complete,,,computer,Desktop or Laptop,Windows 10,Firefox 102.0,3840x2160,3840x1838,,,0,UCL - tarea 1 ,6,Group1,spreadsheet1,spreadsheet1,35,trial,Fixation,w99rzd,1,continue,,,499.95999999999185,499.95999999999185,499.95999999999185,499.95999999999185,499.95999999999185,499.95999999999185,1,0,0,,Fixation Timing,Fixation Cross,1,object-125,trial,,,,47,"<span style=""font-family: 'Courier New', Courier, monospace; font-size: 60px; color: black;"">nueve</span>",######,######,"<span style=""font-family: 'Courier New', Courier, monospace; font-size: 60px; color: black;"">CU4TRO</span>",F,different,leet,congruent_leet,9,2,CU4TRO,,,,,
164,1791195314427,05/10/2026 10:15:14,1791195314427,2,05/10/2026 12:15:14,283162,5,task-biuv,,58572850,,16708144,,complete,,,computer,Desktop or Laptop,Windows 10,Firefox 102.0,3840x2160,3840x1838,,,0,UCL - tarea 1 ,6,Group1,spreadsheet1,spreadsheet1,35,trial,Reference,m6fryy,2,timedOut,,,301.64000000001397,300,301.64000000001397,301.64000000001397,300,301.64000000001397,1,0,0,,Time Limit,screen,0,screen,trial,,,,47,"<span style=""font-family: 'Courier New', Courier, monospace; font-size: 60px; color: black;"">nueve</span>",######,######,"<span style=""font-family: 'Courier New', Courier, monospace; font-size: 60px; color: black;"">CU4TRO</span>",F,different,leet,congruent_leet,9,2,CU4TRO,,,,,
165,1791195315088,05/10/2026 10:15:15,1791195315088,2,05/10/2026 12:15:15,283162,5,task-biuv,,58572850,,16708144,,complete,,,computer,Desktop or Laptop,Windows 10,Firefox 102.0,3840x2160,3840x1838,,,0,UCL - tarea 1 ,6,Group1,spreadsheet1,spreadsheet1,35,trial,Target,spx9cn,3,response,F,,663.640000000014,649.960000000021,663.640000000014,663.640000000014,649.960000000021,663.640000000014,1,0,0,,Keyboard Response,Respuesta,3,object-91,trial,,,,47,"<span style=""font-family: 'Courier New', Courier, monospace; font-size: 60px; color: black;"">nueve</span>",######,######,"<span style=""font-family: 'Courier New', Courier, monospace; font-size: 60px; color: black;"">CU4TRO</span>",F,different,leet,congruent_leet,9,2,CU4TRO,,,,,
166,1791195315577,05/10/2026 10:15:15,1791195315577,2,05/10/2026 12:15:15,283162,5,task-biuv,,58572850,,16708144,,complete,,,computer,Desktop or Laptop,Windows 10,Firefox 102.0,3840x2160,3840x1838,,,0,UCL - tarea 1 ,6,Group1,spreadsheet1,spreadsheet1,35,trial,Blank,vybs3x,4,timedOut,,,502.679999999993,499.9799999999814,502.679999999993,502.679999999993,499.9799999999814,502.679999999993,1,0,0,,Time Limit,screen,0,screen,trial,,,,47,"<span style=""font-family: 'Courier New', Courier, monospace; font-size: 60px; color: black;"">nueve</span>",######,######,"<span style=""font-family: 'Courier New', Courier, monospace; font-size: 60px; color: black;"">CU4TRO</span>",F,different,leet,congruent_leet,9,2,CU4TRO,,,,,
167,1791195316078,05/10/2026 10:15:16,1791195316078,2,05/10/2026 12:15:16,283162,5,task-biuv,,58572850,,16708144,,complete,,,computer,Desktop or Laptop,Windows 10,Firefox 102.0,3840x2160,3840x1838,,,0,UCL - tarea 1 ,6,Group1,spreadsheet1,spreadsheet1,36,trial,Fixation,w99rzd,1,continue,,,499.96000000002095,499.96000000002095,499.96000000002095,499.96000000002095,499.96000000002095,499.96000000002095,1,0,0,,Fixation Timing,Fixation Cross,1,object-125,trial,,,,153,"<span style=""font-family: 'Courier New', Courier, monospace; font-size: 60px; color: black;"">siete</span>",######,######,"<span style=""font-family: 'Courier New', Courier, monospace; font-size: 60px; color: black;"">SIETE</span>",J,same,uppercase,baseline,7,2,SIETE,,,,,
168,1791195316377,05/10/2026 10:15:16,1791195316377,2,05/10/2026 12:15:16,283162,5,task-biuv,,58572850,,16708144,,complete,,,computer,Desktop or Laptop,Windows 10,Firefox 102.0,3840x2160,3840x1838,,,0,UCL - tarea 1 ,6,Group1,spreadsheet1,spreadsheet1,36,trial,Reference,m6fryy,2,timedOut,,,301.7399999999907,300,301.7399999999907,301.7399999999907,300,301.7399999999907,1,0,0,,Time Limit,screen,0,screen,trial,,,,153,"<span style=""font-family: 'Courier New', Courier, monospace; font-size: 60px; color: black;"">siete</span>",######,######,"<span style=""font-family: 'Courier New', Courier, monospace; font-size: 60px; color: black;"">SIETE</span>",J,same,uppercase,baseline,7,2,SIETE,,,,,
169,1791195317000,05/10/2026 10:15:17,1791195317000,2,05/10/2026 12:15:17,283162,5,task-biuv,,58572850,,16708144,,complete,,,computer,Desktop or Laptop,Windows 10,Firefox 102.0,3840x2160,3840x1838,,,0,UCL - tarea 1 ,6,Group1,spreadsheet1,spreadsheet1,36,trial,Target,spx9cn,3,response,J,,624.7399999999907,616.6199999999953,624.7399999999907,624.7399999999907,616.6199999999953,624.7399999999907,1,0,0,,Keyboard Response,Respuesta,3,object-91,trial,,,,153,"<span style=""font-family: 'Courier New', Courier, monospace; font-size: 60px; color: black;"">siete</span>",######,######,"<span style=""font-family: 'Courier New', Courier, monospace; font-size: 60px; color: black;"">SIETE</span>",J,same,uppercase,baseline,7,2,SIETE,,,,,
170,1791195317493,05/10/2026 10:15:17,1791195317493,2,05/10/2026 12:15:17,283162,5,task-biuv,,58572850,,16708144,,complete,,,computer,Desktop or Laptop,Windows 10,Firefox 102.0,3840x2160,3840x1838,,,0,UCL - tarea 1 ,6,Group1,spreadsheet1,spreadsheet1,36,trial,Blank,vybs3x,4,timedOut,,,502.11999999999534,499.9799999999814,502.11999999999534,502.11999999999534,499.9799999999814,502.11999999999534,1,0,0,,Time Limit,screen,0,screen,trial,,,,153,"<span style=""font-family: 'Courier New', Courier, monospace; font-size: 60px; color: black;"">siete</span>",######,######,"<span style=""font-family: 'Courier New', Courier, monospace; font-size: 60px; color: black;"">SIETE</span>",J,same,uppercase,baseline,7,2,SIETE,,,,,
171,1791195317993,05/10/2026 10:15:17,1791195317993,2,05/10/2026 12:15:17,283162,5,task-biuv,,58572850,,16708144,,complete,,,computer,Desktop or Laptop,Windows 10,Firefox 102.0,3840x2160,3840x1838,,,0,UCL - tarea 1 ,6,Group1,spreadsheet1,spreadsheet1,37,trial,Fixation,w99rzd,1,continue,,,499.9800000000105,499.9800000000105,499.9800000000105,499.9800000000105,499.9800000000105,499.9800000000105,1,0,0,,Fixation Timing,Fixation Cross,1,object-125,trial,,,,156,"<span style=""font-family: 'Courier New', Courier, monospace; font-size: 60px; color: black;"">cinco</span>",######,######,"<span style=""font-family: 'Courier New', Courier, monospace; font-size: 60px; color: black;"">C1NCO</span>",J,same,leet,incongruent_leet,5,2,C1NCO,,,,,
172,1791195318293,05/10/2026 10:15:18,1791195318293,2,05/10/2026 12:15:18,283162,5,task-biuv,,58572850,,16708144,,complete,,,computer,Desktop or Laptop,Windows 10,Firefox 102.0,3840x2160,3840x1838,,,0,UCL - tarea 1 ,6,Group1,spreadsheet1,spreadsheet1,37,trial,Reference,m6fryy,2,timedOut,,,302.1600000000035,299.9800000000105,302.1600000000035,302.1600000000035,299.9800000000105,302.1600000000035,1,0,0,,Time Limit,screen,0,screen,trial,,,,156,"<span style=""font-family: 'Courier New', Courier, monospace; font-size: 60px; color: black;"">cinco</span>",######,######,"<span style=""font-family: 'Courier New', Courier, monospace; font-size: 60px; color: black;"">C1NCO</span>",J,same,leet,incongruent_leet,5,2,C1NCO,,,,,
173,1791195318815,05/10/2026 10:15:18,1791195318815,2,05/10/2026 12:15:18,283162,5,task-biuv,,58572850,,16708144,,complete,,,computer,Desktop or Laptop,Windows 10,Firefox 102.0,3840x2160,3840x1838,,,0,UCL - tarea 1 ,6,Group1,spreadsheet1,spreadsheet1,37,trial,Target,spx9cn,3,response,J,,523.179999999993,516.6399999999849,523.179999999993,523.179999999993,516.6399999999849,523.179999999993,1,0,0,,Keyboard Response,Respuesta,3,object-91,trial,,,,156,"<span style=""font-family: 'Courier New', Courier, monospace; font-size: 60px; color: black;"">cinco</span>",######,######,"<span style=""font-family: 'Courier New', Courier, monospace; font-size: 60px; color: black;"">C1NCO</span>",J,same,leet,incongruent_leet,5,2,C1NCO,,,,,
174,1791195319310,05/10/2026 10:15:19,1791195319310,2,05/10/2026 12:15:19,283162,5,task-biuv,,58572850,,16708144,,complete,,,computer,Desktop or Laptop,Windows 10,Firefox 102.0,3840x2160,3840x1838,,,0,UCL - tarea 1 ,6,Group1,spreadsheet1,spreadsheet1,37,trial,Blank,vybs3x,4,timedOut,,,502.54000000000815,499.9800000000105,502.54000000000815,502.54000000000815,499.9800000000105,502.54000000000815,1,0,0,,Time Limit,screen,0,screen,trial,,,,156,"<span style=""font-family: 'Courier New', Courier, monospace; font-size: 60px; color: black;"">cinco</span>",######,######,"<span style=""font-family: 'Courier New', Courier, monospace; font-size: 60px; color: black;"">C1NCO</span>",J,same,leet,incongruent_leet,5,2,C1NCO,,,,,
175,1791195319811,05/10/2026 10:15:19,1791195319811,2,05/10/2026 12:15:19,283162,5,task-biuv,,58572850,,16708144,,complete,,,computer,Desktop or Laptop,Windows 10,Firefox 102.0,3840x2160,3840x1838,,,0,UCL - tarea 1 ,6,Group1,spreadsheet1,spreadsheet1,38,trial,Fixation,w99rzd,1,continue,,,499.95999999999185,499.95999999999185,499.95999999999185,499.95999999999185,499.95999999999185,499.95999999999185,1,0,0,,Fixation Timing,Fixation Cross,1,object-125,trial,,,,37,"<span style=""font-family: 'Courier New', Courier, monospace; font-size: 60px; color: black;"">tres</span>",######,######,"<span style=""font-family: 'Courier New', Courier, monospace; font-size: 60px; color: black;"">SEIS</span>",F,different,uppercase,baseline,3,2,SEIS,,,,,
176,1791195320111,05/10/2026 10:15:20,1791195320111,2,05/10/2026 12:15:20,283162,5,task-biuv,,58572850,,16708144,,complete,,,computer,Desktop or Laptop,Windows 10,Firefox 102.0,3840x2160,3840x1838,,,0,UCL - tarea 1 ,6,Group1,spreadsheet1,spreadsheet1,38,trial,Reference,m6fryy,2,timedOut,,,302.6000000000058,300,302.6000000000058,302.6000000000058,300,302.6000000000058,1,0,0,,Time Limit,screen,0,screen,trial,,,,37,"<span style=""font-family: 'Courier New', Courier, monospace; font-size: 60px; color: black;"">tres</span>",######,######,"<span style=""font-family: 'Courier New', Courier, monospace; font-size: 60px; color: black;"">SEIS</span>",F,different,uppercase,baseline,3,2,SEIS,,,,,
177,1791195320568,05/10/2026 10:15:20,1791195320568,2,05/10/2026 12:15:20,283162,5,task-biuv,,58572850,,16708144,,complete,,,computer,Desktop or Laptop,Windows 10,Firefox 102.0,3840x2160,3840x1838,,,0,UCL - tarea 1 ,6,Group1,spreadsheet1,spreadsheet1,38,trial,Target,spx9cn,3,response,J,,459.6000000000058,449.95999999999185,459.6000000000058,459.6000000000058,449.95999999999185,459.6000000000058,0,0,0,,Keyboard Response,Respuesta,3,object-91,trial,,,,37,"<span style=""font-family: 'Courier New', Courier, monospace; font-size: 60px; color: black;"">tres</span>",######,######,"<span style=""font-family: 'Courier New', Courier, monospace; font-size: 60px; color: black;"">SEIS</span>",F,different,uppercase,baseline,3,2,SEIS,,,,,
178,1791195321060,05/10/2026 10:15:21,1791195321060,2,05/10/2026 12:15:21,283162,5,task-biuv,,58572850,,16708144,,complete,,,computer,Desktop or Laptop,Windows 10,Firefox 102.0,3840x2160,3840x1838,,,0,UCL - tarea 1 ,6,Group1,spreadsheet1,spreadsheet1,38,trial,Blank,vybs3x,4,timedOut,,,502.64000000001397,499.9800000000105,502.64000000001397,502.64000000001397,499.9800000000105,502.64000000001397,1,0,0,,Time Limit,screen,0,screen,trial,,,,37,"<span style=""font-family: 'Courier New', Courier, monospace; font-size: 60px; color: black;"">tres</span>",######,######,"<span style=""font-family: 'Courier New', Courier, monospace; font-size: 60px; color: black;"">SEIS</span>",F,different,uppercase,baseline,3,2,SEIS,,,,,
179,1791195321560,05/10/2026 10:15:21,1791195321560,2,05/10/2026 12:15:21,283162,5,task-biuv,,58572850,,16708144,,complete,,,computer,Desktop or Laptop,Windows 10,Firefox 102.0,3840x2160,3840x1838,,,0,UCL - tarea 1 ,6,Group1,spreadsheet1,spreadsheet1,39,trial,Fixation,w99rzd,1,continue,,,499.9800000000105,499.9800000000105,499.9800000000105,499.9800000000105,499.9800000000105,499.9800000000105,1,0,0,,Fixation Timing,Fixation Cross,1,object-125,trial,,,,159,"<span style=""font-family: 'Courier New', Courier, monospace; font-size: 60px; color: black;"">siete</span>",######,######,"<span style=""font-family: 'Courier New', Courier, monospace; font-size: 60px; color: black;"">CINCO</span>",F,different,uppercase,baseline,7,2,CINCO,,,,,
180,1791195321859,05/10/2026 10:15:21,1791195321859,2,05/10/2026 12:15:21,283162,5,task-biuv,,58572850,,16708144,,complete,,,computer,Desktop or Laptop,Windows 10,Firefox 102.0,3840x2160,3840x1838,,,0,UCL - tarea 1 ,6,Group1,spreadsheet1,spreadsheet1,39,trial,Reference,m6fryy,2,timedOut,,,301.679999999993,301.19999999998254,301.679999999993,301.679999999993,301.19999999998254,301.679999999993,1,0,0,,Time Limit,screen,0,screen,trial,,,,159,"<span style=""font-family: 'Courier New', Courier, monospace; font-size: 60px; color: black;"">siete</span>",######,######,"<span style=""font-family: 'Courier New', Courier, monospace; font-size: 60px; color: black;"">CINCO</span>",F,different,uppercase,baseline,7,2,CINCO,,,,,
181,1791195322545,05/10/2026 10:15:22,1791195322545,2,05/10/2026 12:15:22,283162,5,task-biuv,,58572850,,16708144,,complete,,,computer,Desktop or Laptop,Windows 10,Firefox 102.0,3840x2160,3840x1838,,,0,UCL - tarea 1 ,6,Group1,spreadsheet1,spreadsheet1,39,trial,Target,spx9cn,3,response,F,,686.4800000000105,683.3000000000175,686.4800000000105,686.4800000000105,683.3000000000175,686.4800000000105,1,0,0,,Keyboard Response,Respuesta,3,object-91,trial,,,,159,"<span style=""font-family: 'Courier New', Courier, monospace; font-size: 60px; color: black;"">siete</span>",######,######,"<span style=""font-family: 'Courier New', Courier, monospace; font-size: 60px; color: black;"">CINCO</span>",F,different,uppercase,baseline,7,2,CINCO,,,,,
182,1791195323043,05/10/2026 10:15:23,1791195323043,2,05/10/2026 12:15:23,283162,5,task-biuv,,58572850,,16708144,,complete,,,computer,Desktop or Laptop,Windows 10,Firefox 102.0,3840x2160,3840x1838,,,0,UCL - tarea 1 ,6,Group1,spreadsheet1,spreadsheet1,39,trial,Blank,vybs3x,4,timedOut,,,501.179999999993,499.9799999999814,501.179999999993,501.179999999993,499.9799999999814,501.179999999993,1,0,0,,Time Limit,screen,0,screen,trial,,,,159,"<span style=""font-family: 'Courier New', Courier, monospace; font-size: 60px; color: black;"">siete</span>",######,######,"<span style=""font-family: 'Courier New', Courier, monospace; font-size: 60px; color: black;"">CINCO</span>",F,different,uppercase,baseline,7,2,CINCO,,,,,
183,1791195323544,05/10/2026 10:15:23,1791195323544,2,05/10/2026 12:15:23,283162,5,task-biuv,,58572850,,16708144,,complete,,,computer,Desktop or Laptop,Windows 10,Firefox 102.0,3840x2160,3840x1838,,,0,UCL - tarea 1 ,6,Group1,spreadsheet1,spreadsheet1,40,trial,Fixation,w99rzd,1,continue,,,499.9800000000105,499.9800000000105,499.9800000000105,499.9800000000105,499.9800000000105,499.9800000000105,1,0,0,,Fixation Timing,Fixation Cross,1,object-125,trial,,,,149,"<span style=""font-family: 'Courier New', Courier, monospace; font-size: 60px; color: black;"">nueve</span>",######,######,"<span style=""font-family: 'Courier New', Courier, monospace; font-size: 60px; color: black;"">NUEVE</span>",J,same,leet,incongruent_leet,9,2,NU3VE,,,,,
184,1791195323844,05/10/2026 10:15:23,1791195323844,2,05/10/2026 12:15:23,283162,5,task-biuv,,58572850,,16708144,,complete,,,computer,Desktop or Laptop,Windows 10,Firefox 102.0,3840x2160,3840x1838,,,0,UCL - tarea 1 ,6,Group1,spreadsheet1,spreadsheet1,40,trial,Reference,m6fryy,2,timedOut,,,302.22000000000116,299.9800000000105,302.22000000000116,302.22000000000116,299.9800000000105,302.22000000000116,1,0,0,,Time Limit,screen,0,screen,trial,,,,149,"<span style=""font-family: 'Courier New', Courier, monospace; font-size: 60px; color: black;"">nueve</span>",######,######,"<span style=""font-family: 'Courier New', Courier, monospace; font-size: 60px; color: black;"">NUEVE</span>",J,same,leet,incongruent_leet,9,2,NU3VE,,,,,
185,1791195324447,05/10/2026 10:15:24,1791195324447,2,05/10/2026 12:15:24,283162,5,task-biuv,,58572850,,16708144,,complete,,,computer,Desktop or Laptop,Windows 10,Firefox 102.0,3840x2160,3840x1838,,,0,UCL - tarea 1 ,6,Group1,spreadsheet1,spreadsheet1,40,trial,Target,spx9cn,3,response,J,,605.2399999999907,599.9599999999919,605.2399999999907,605.2399999999907,599.9599999999919,605.2399999999907,1,0,0,,Keyboard Response,Respuesta,3,object-91,trial,,,,149,"<span style=""font-family: 'Courier New', Courier, monospace; font-size: 60px; color: black;"">nueve</span>",######,######,"<span style=""font-family: 'Courier New', Courier, monospace; font-size: 60px; color: black;"">NUEVE</span>",J,same,leet,incongruent_leet,9,2,NU3VE,,,,,
186,1791195324943,05/10/2026 10:15:24,1791195324943,2,05/10/2026 12:15:24,283162,5,task-biuv,,58572850,,16708144,,complete,,,computer,Desktop or Laptop,Windows 10,Firefox 102.0,3840x2160,3840x1838,,,0,UCL - tarea 1 ,6,Group1,spreadsheet1,spreadsheet1,40,trial,Blank,vybs3x,4,timedOut,,,501.27999999999884,499.9800000000105,501.27999999999884,501.27999999999884,499.9800000000105,501.27999999999884,1,0,0,,Time Limit,screen,0,screen,trial,,,,149,"<span style=""font-family: 'Courier New', Courier, monospace; font-size: 60px; color: black;"">nueve</span>",######,######,"<span style=""font-family: 'Courier New', Courier, monospace; font-size: 60px; color: black;"">NUEVE</span>",J,same,leet,incongruent_leet,9,2,NU3VE,,,,,
187,1791195325444,05/10/2026 10:15:25,1791195325444,2,05/10/2026 12:15:25,283162,5,task-biuv,,58572850,,16708144,,complete,,,computer,Desktop or Laptop,Windows 10,Firefox 102.0,3840x2160,3840x1838,,,0,UCL - tarea 1 ,6,Group1,spreadsheet1,spreadsheet1,41,trial,Fixation,w99rzd,1,continue,,,499.9799999999814,499.9799999999814,499.9799999999814,499.9799999999814,499.9799999999814,499.9799999999814,1,0,0,,Fixation Timing,Fixation Cross,1,object-125,trial,,,,167,"<span style=""font-family: 'Courier New', Courier, monospace; font-size: 60px; color: black;"">nueve</span>",######,######,"<span style=""font-family: 'Courier New', Courier, monospace; font-size: 60px; color: black;"">CU4TRO</span>",F,different,leet,congruent_leet,9,2,CU4TRO,,,,,
188,1791195325744,05/10/2026 10:15:25,1791195325744,2,05/10/2026 12:15:25,283162,5,task-biuv,,58572850,,16708144,,complete,,,computer,Desktop or Laptop,Windows 10,Firefox 102.0,3840x2160,3840x1838,,,0,UCL - tarea 1 ,6,Group1,spreadsheet1,spreadsheet1,41,trial,Reference,m6fryy,2,timedOut,,,301.320000000007,299.9800000000105,301.320000000007,301.320000000007,299.9800000000105,301.320000000007,1,0,0,,Time Limit,screen,0,screen,trial,,,,167,"<span style=""font-family: 'Courier New', Courier, monospace; font-size: 60px; color: black;"">nueve</span>",######,######,"<span style=""font-family: 'Courier New', Courier, monospace; font-size: 60px; color: black;"">CU4TRO</span>",F,different,leet,congruent_leet,9,2,CU4TRO,,,,,
189,1791195326481,05/10/2026 10:15:26,1791195326481,2,05/10/2026 12:15:26,283162,5,task-biuv,,58572850,,16708144,,complete,,,computer,Desktop or Laptop,Windows 10,Firefox 102.0,3840x2160,3840x1838,,,0,UCL - tarea 1 ,6,Group1,spreadsheet1,spreadsheet1,41,trial,Target,spx9cn,3,response,F,,738.3399999999965,733.2999999999884,738.3399999999965,738.3399999999965,733.2999999999884,738.3399999999965,1,0,0,,Keyboard Response,Respuesta,3,object-91,trial,,,,167,"<span style=""font-family: 'Courier New', Courier, monospace; font-size: 60px; color: black;"">nueve</span>",######,######,"<span style=""font-family: 'Courier New', Courier, monospace; font-size: 60px; color: black;"">CU4TRO</span>",F,different,leet,congruent_leet,9,2,CU4TRO,,,,,
190,1791195326977,05/10/2026 10:15:26,1791195326977,2,05/10/2026 12:15:26,283162,5,task-biuv,,58572850,,16708144,,complete,,,computer,Desktop or Laptop,Windows 10,Firefox 102.0,3840x2160,3840x1838,,,0,UCL - tarea 1 ,6,Group1,spreadsheet1,spreadsheet1,41,trial,Blank,vybs3x,4,timedOut,,,501.04000000000815,499.96000000002095,501.04000000000815,501.04000000000815,499.96000000002095,501.04000000000815,1,0,0,,Time Limit,screen,0,screen,trial,,,,167,"<span style=""font-family: 'Courier New', Courier, monospace; font-size: 60px; color: black;"">nueve</span>",######,######,"<span style=""font-family: 'Courier New', Courier, monospace; font-size: 60px; color: black;"">CU4TRO</span>",F,different,leet,congruent_leet,9,2,CU4TRO,,,,,
191,1791195327476,05/10/2026 10:15:27,1791195327476,2,05/10/2026 12:15:27,283162,5,task-biuv,,58572850,,16708144,,complete,,,computer,Desktop or Laptop,Windows 10,Firefox 102.0,3840x2160,3840x1838,,,0,UCL - tarea 1 ,6,Group1,spreadsheet1,spreadsheet1,42,trial,Fixation,w99rzd,1,continue,,,499.9799999999814,499.9799999999814,499.9799999999814,499.9799999999814,499.9799999999814,499.9799999999814,1,0,0,,Fixation Timing,Fixation Cross,1,object-125,trial,,,,34,"<span style=""font-family: 'Courier New', Courier, monospace; font-size: 60px; color: black;"">seis</span>",######,######,"<span style=""font-family: 'Courier New', Courier, monospace; font-size: 60px; color: black;"">SE1S</span>",J,same,leet,incongruent_leet,6,2,SE1S,,,,,
192,1791195327776,05/10/2026 10:15:27,1791195327776,2,05/10/2026 12:15:27,283162,5,task-biuv,,58572850,,16708144,,complete,,,computer,Desktop or Laptop,Windows 10,Firefox 102.0,3840x2160,3840x1838,,,0,UCL - tarea 1 ,6,Group1,spreadsheet1,spreadsheet1,42,trial,Reference,m6fryy,2,timedOut,,,301.1000000000058,299.9800000000105,301.1000000000058,301.1000000000058,299.9800000000105,301.1000000000058,1,0,0,,Time Limit,screen,0,screen,trial,,,,34,"<span style=""font-family: 'Courier New', Courier, monospace; font-size: 60px; color: black;"">seis</span>",######,######,"<span style=""font-family: 'Courier New', Courier, monospace; font-size: 60px; color: black;"">SE1S</span>",J,same,leet,incongruent_leet,6,2,SE1S,,,,,
193,1791195328399,05/10/2026 10:15:28,1791195328399,2,05/10/2026 12:15:28,283162,5,task-biuv,,58572850,,16708144,,complete,,,computer,Desktop or Laptop,Windows 10,Firefox 102.0,3840x2160,3840x1838,,,0,UCL - tarea 1 ,6,Group1,spreadsheet1,spreadsheet1,42,trial,Target,spx9cn,3,response,J,,624.1199999999953,616.6399999999849,624.1199999999953,624.1199999999953,616.6399999999849,624.1199999999953,1,0,0,,Keyboard Response,Respuesta,3,object-91,trial,,,,34,"<span style=""font-family: 'Courier New', Courier, monospace; font-size: 60px; color: black;"">seis</span>",######,######,"<span style=""font-family: 'Courier New', Courier, monospace; font-size: 60px; color: black;"">SE1S</span>",J,same,leet,incongruent_leet,6,2,SE1S,,,,,
194,1791195328893,05/10/2026 10:15:28,1791195328893,2,05/10/2026 12:15:28,283162,5,task-biuv,,58572850,,16708144,,complete,,,computer,Desktop or Laptop,Windows 10,Firefox 102.0,3840x2160,3840x1838,,,0,UCL - tarea 1 ,6,Group1,spreadsheet1,spreadsheet1,42,trial,Blank,vybs3x,4,timedOut,,,502.4800000000105,499.9800000000105,502.4800000000105,502.4800000000105,499.9800000000105,502.4800000000105,1,0,0,,Time Limit,screen,0,screen,trial,,,,34,"<span style=""font-family: 'Courier New', Courier, monospace; font-size: 60px; color: black;"">seis</span>",######,######,"<span style=""font-family: 'Courier New', Courier, monospace; font-size: 60px; color: black;"">SE1S</span>",J,same,leet,incongruent_leet,6,2,SE1S,,,,,
195,1791195329394,05/10/2026 10:15:29,1791195329394,2,05/10/2026 12:15:29,283162,5,task-biuv,,58572850,,16708144,,complete,,,computer,Desktop or Laptop,Windows 10,Firefox 102.0,3840x2160,3840x1838,,,0,UCL - tarea 1 ,6,Group1,spreadsheet1,spreadsheet1,43,trial,Fixation,w99rzd,1,continue,,,499.95999999999185,499.95999999999185,499.95999999999185,499.95999999999185,499.95999999999185,499.95999999999185,1,0,0,,Fixation Timing,Fixation Cross,1,object-125,trial,,,,27,"<span style=""font-family: 'Courier New', Courier, monospace; font-size: 60px; color: black;"">siete</span>",######,######,"<span style=""font-family: 'Courier New', Courier, monospace; font-size: 60px; color: black;"">SIE7E</span>",J,same,leet,congruent_leet,7,2,SIE7E,,,,,
196,1791195329694,05/10/2026 10:15:29,1791195329694,2,05/10/2026 12:15:29,283162,5,task-biuv,,58572850,,16708144,,complete,,,computer,Desktop or Laptop,Windows 10,Firefox 102.0,3840x2160,3840x1838,,,0,UCL - tarea 1 ,6,Group1,spreadsheet1,spreadsheet1,43,trial,Reference,m6fryy,2,timedOut,,,301.54000000000815,300,301.54000000000815,301.54000000000815,300,301.54000000000815,1,0,0,,Time Limit,screen,0,screen,trial,,,,27,"<span style=""font-family: 'Courier New', Courier, monospace; font-size: 60px; color: black;"">siete</span>",######,######,"<span style=""font-family: 'Courier New', Courier, monospace; font-size: 60px; color: black;"">SIE7E</span>",J,same,leet,congruent_leet,7,2,SIE7E,,,,,
197,1791195330336,05/10/2026 10:15:30,1791195330336,2,05/10/2026 12:15:30,283162,5,task-biuv,,58572850,,16708144,,complete,,,computer,Desktop or Laptop,Windows 10,Firefox 102.0,3840x2160,3840x1838,,,0,UCL - tarea 1 ,6,Group1,spreadsheet1,spreadsheet1,43,trial,Target,spx9cn,3,response,J,,644.5400000000081,633.3000000000175,644.5400000000081,644.5400000000081,633.3000000000175,644.5400000000081,1,0,0,,Keyboard Response,Respuesta,3,object-91,trial,,,,27,"<span style=""font-family: 'Courier New', Courier, monospace; font-size: 60px; color: black;"">siete</span>",######,######,"<span style=""font-family: 'Courier New', Courier, monospace; font-size: 60px; color: black;"">SIE7E</span>",J,same,leet,congruent_leet,7,2,SIE7E,,,,,
198,1791195330826,05/10/2026 10:15:30,1791195330826,2,05/10/2026 12:15:30,283162,5,task-biuv,,58572850,,16708144,,complete,,,computer,Desktop or Laptop,Windows 10,Firefox 102.0,3840x2160,3840x1838,,,0,UCL - tarea 1 ,6,Group1,spreadsheet1,spreadsheet1,43,trial,Blank,vybs3x,4,timedOut,,,501.2399999999907,499.95999999999185,501.2399999999907,501.2399999999907,499.95999999999185,501.2399999999907,1,0,0,,Time Limit,screen,0,screen,trial,,,,27,"<span style=""font-family: 'Courier New', Courier, monospace; font-size: 60px; color: black;"">siete</span>",######,######,"<span style=""font-family: 'Courier New', Courier, monospace; font-size: 60px; color: black;"">SIE7E</span>",J,same,leet,congruent_leet,7,2,SIE7E,,,,,
199,1791195331326,05/10/2026 10:15:31,1791195331326,2,05/10/2026 12:15:31,283162,5,task-biuv,,58572850,,16708144,,complete,,,computer,Desktop or Laptop,Windows 10,Firefox 102.0,3840x2160,3840x1838,,,0,UCL - tarea 1 ,6,Group1,spreadsheet1,spreadsheet1,44,trial,Fixation,w99rzd,1,continue,,,499.9800000000105,499.9800000000105,499.9800000000105,499.9800000000105,499.9800000000105,499.9800000000105,1,0,0,,Fixation Timing,Fixation Cross,1,object-125,trial,,,,166,"<span style=""font-family: 'Courier New', Courier, monospace; font-size: 60px; color: black;"">seis</span>",######,######,"<span style=""font-family: 'Courier New', Courier, monospace; font-size: 60px; color: black;"">TRES</span>",F,different,uppercase,baseline,6,2,TRES,,,,,
200,1791195331626,05/10/2026 10:15:31,1791195331626,2,05/10/2026 12:15:31,283162,5,task-biuv,,58572850,,16708144,,complete,,,computer,Desktop or Laptop,Windows 10,Firefox 102.0,3840x2160,3840x1838,,,0,UCL - tarea 1 ,6,Group1,spreadsheet1,spreadsheet1,44,trial,Reference,m6fryy,2,timedOut,,,301.29999999998836,299.9799999999814,301.29999999998836,301.29999999998836,299.9799999999814,301.29999999998836,1,0,0,,Time Limit,screen,0,screen,trial,,,,166,"<span style=""font-family: 'Courier New', Courier, monospace; font-size: 60px; color: black;"">seis</span>",######,######,"<span style=""font-family: 'Courier New', Courier, monospace; font-size: 60px; color: black;"">TRES</span>",F,different,uppercase,baseline,6,2,TRES,,,,,
201,1791195332302,05/10/2026 10:15:32,1791195332302,2,05/10/2026 12:15:32,283162,5,task-biuv,,58572850,,16708144,,complete,,,computer,Desktop or Laptop,Windows 10,Firefox 102.0,3840x2160,3840x1838,,,0,UCL - tarea 1 ,6,Group1,spreadsheet1,spreadsheet1,44,trial,Target,spx9cn,3,response,F,,676.320000000007,666.640000000014,676.320000000007,676.320000000007,666.640000000014,676.320000000007,1,0,0,,Keyboard Response,Respuesta,3,object-91,trial,,,,166,"<span style=""font-family: 'Courier New', Courier, monospace; font-size: 60px; color: black;"">seis</span>",######,######,"<span style=""font-family: 'Courier New', Courier, monospace; font-size: 60px; color: black;"">TRES</span>",F,different,uppercase,baseline,6,2,TRES,,,,,
202,1791195332793,05/10/2026 10:15:32,1791195332793,2,05/10/2026 12:15:32,283162,5,task-biuv,,58572850,,16708144,,complete,,,computer,Desktop or Laptop,Windows 10,Firefox 102.0,3840x2160,3840x1838,,,0,UCL - tarea 1 ,6,Group1,spreadsheet1,spreadsheet1,44,trial,Blank,vybs3x,4,timedOut,,,500.679999999993,499.95999999999185,500.679999999993,500.679999999993,499.95999999999185,500.679999999993,1,0,0,,Time Limit,screen,0,screen,trial,,,,166,"<span style=""font-family: 'Courier New', Courier, monospace; font-size: 60px; color: black;"">seis</span>",######,######,"<span style=""font-family: 'Courier New', Courier, monospace; font-size: 60px; color: black;"">TRES</span>",F,different,uppercase,baseline,6,2,TRES,,,,,
203,1791195333295,05/10/2026 10:15:33,1791195333295,2,05/10/2026 12:15:33,283162,5,task-biuv,,58572850,,16708144,,complete,,,computer,Desktop or Laptop,Windows 10,Firefox 102.0,3840x2160,3840x1838,,,0,UCL - tarea 1 ,6,Group1,spreadsheet1,spreadsheet1,45,trial,Fixation,w99rzd,1,continue,,,499.9800000000105,499.9800000000105,499.9800000000105,499.9800000000105,499.9800000000105,499.9800000000105,1,0,0,,Fixation Timing,Fixation Cross,1,object-125,trial,,,,155,"<span style=""font-family: 'Courier New', Courier, monospace; font-size: 60px; color: black;"">nueve</span>",######,######,"<span style=""font-family: 'Courier New', Courier, monospace; font-size: 60px; color: black;"">NUEVE</span>",J,same,uppercase,baseline,9,2,NUEVE,,,,,
204,1791195333594,05/10/2026 10:15:33,1791195333594,2,05/10/2026 12:15:33,283162,5,task-biuv,,58572850,,16708144,,complete,,,computer,Desktop or Laptop,Windows 10,Firefox 102.0,3840x2160,3840x1838,,,0,UCL - tarea 1 ,6,Group1,spreadsheet1,spreadsheet1,45,trial,Reference,m6fryy,2,timedOut,,,300.7399999999907,299.9799999999814,300.7399999999907,300.7399999999907,299.9799999999814,300.7399999999907,1,0,0,,Time Limit,screen,0,screen,trial,,,,155,"<span style=""font-family: 'Courier New', Courier, monospace; font-size: 60px; color: black;"">nueve</span>",######,######,"<span style=""font-family: 'Courier New', Courier, monospace; font-size: 60px; color: black;"">NUEVE</span>",J,same,uppercase,baseline,9,2,NUEVE,,,,,
205,1791195334138,05/10/2026 10:15:34,1791195334138,2,05/10/2026 12:15:34,283162,5,task-biuv,,58572850,,16708144,,complete,,,computer,Desktop or Laptop,Windows 10,Firefox 102.0,3840x2160,3840x1838,,,0,UCL - tarea 1 ,6,Group1,spreadsheet1,spreadsheet1,45,trial,Target,spx9cn,3,response,J,,545.7600000000093,533.320000000007,545.7600000000093,545.7600000000093,533.320000000007,545.7600000000093,1,0,0,,Keyboard Response,Respuesta,3,object-91,trial,,,,155,"<span style=""font-family: 'Courier New', Courier, monospace; font-size: 60px; color: black;"">nueve</span>",######,######,"<span style=""font-family: 'Courier New', Courier, monospace; font-size: 60px; color: black;"">NUEVE</span>",J,same,uppercase,baseline,9,2,NUEVE,,,,,
206,1791195334626,05/10/2026 10:15:34,1791195334626,2,05/10/2026 12:15:34,283162,5,task-biuv,,58572850,,16708144,,complete,,,computer,Desktop or Laptop,Windows 10,Firefox 102.0,3840x2160,3840x1838,,,0,UCL - tarea 1 ,6,Group1,spreadsheet1,spreadsheet1,45,trial,Blank,vybs3x,4,timedOut,,,501.4400000000023,499.95999999999185,501.4400000000023,501.4400000000023,499.95999999999185,501.4400000000023,1,0,0,,Time Limit,screen,0,screen,trial,,,,155,"<span style=""font-family: 'Courier New', Courier, monospace; font-size: 60px; color: black;"">nueve</span>",######,######,"<span style=""font-family: 'Courier New', Courier, monospace; font-size: 60px; color: black;"">NUEVE</span>",J,same,uppercase,baseline,9,2,NUEVE,,,,,
207,1791195335127,05/10/2026 10:15:35,1791195335127,2,05/10/2026 12:15:35,283162,5,task-biuv,,58572850,,16708144,,complete,,,computer,Desktop or Laptop,Windows 10,Firefox 102.0,3840x2160,3840x1838,,,0,UCL - tarea 1 ,6,Group1,spreadsheet1,spreadsheet1,46,trial,Fixation,w99rzd,1,continue,,,499.9800000000105,499.9800000000105,499.9800000000105,499.9800000000105,499.9800000000105,499.9800000000105,1,0,0,,Fixation Timing,Fixation Cross,1,object-125,trial,,,,152,"<span style=""font-family: 'Courier New', Courier, monospace; font-size: 60px; color: black;"">cuatro</span>",######,######,"<span style=""font-family: 'Courier New', Courier, monospace; font-size: 60px; color: black;"">CUATRO</span>",J,same,uppercase,baseline,4,2,CUATRO,,,,,
208,1791195335427,05/10/2026 10:15:35,1791195335427,2,05/10/2026 12:15:35,283162,5,task-biuv,,58572850,,16708144,,complete,,,computer,Desktop or Laptop,Windows 10,Firefox 102.0,3840x2160,3840x1838,,,0,UCL - tarea 1 ,6,Group1,spreadsheet1,spreadsheet1,46,trial,Reference,m6fryy,2,timedOut,,,301.5,299.9799999999814,301.5,301.5,299.9799999999814,301.5,1,0,0,,Time Limit,screen,0,screen,trial,,,,152,"<span style=""font-family: 'Courier New', Courier, monospace; font-size: 60px; color: black;"">cuatro</span>",######,######,"<span style=""font-family: 'Courier New', Courier, monospace; font-size: 60px; color: black;"">CUATRO</span>",J,same,uppercase,baseline,4,2,CUATRO,,,,,
209,1791195336037,05/10/2026 10:15:36,1791195336037,2,05/10/2026 12:15:36,283162,5,task-biuv,,58572850,,16708144,,complete,,,computer,Desktop or Laptop,Windows 10,Firefox 102.0,3840x2160,3840x1838,,,0,UCL - tarea 1 ,6,Group1,spreadsheet1,spreadsheet1,46,trial,Target,spx9cn,3,response,J,,612.5200000000186,599.9800000000396,612.5200000000186,612.5200000000186,599.9800000000396,612.5200000000186,1,0,0,,Keyboard Response,Respuesta,3,object-91,trial,,,,152,"<span style=""font-family: 'Courier New', Courier, monospace; font-size: 60px; color: black;"">cuatro</span>",######,######,"<span style=""font-family: 'Courier New', Courier, monospace; font-size: 60px; color: black;"">CUATRO</span>",J,same,uppercase,baseline,4,2,CUATRO,,,,,
210,1791195336526,05/10/2026 10:15:36,1791195336526,2,05/10/2026 12:15:36,283162,5,task-biuv,,58572850,,16708144,,complete,,,computer,Desktop or Laptop,Windows 10,Firefox 102.0,3840x2160,3840x1838,,,0,UCL - tarea 1 ,6,Group1,spreadsheet1,spreadsheet1,46,trial,Blank,vybs3x,4,timedOut,,,501.53999999997905,499.95999999996275,501.53999999997905,501.53999999997905,499.95999999996275,501.53999999997905,1,0,0,,Time Limit,screen,0,screen,trial,,,,152,"<span style=""font-family: 'Courier New', Courier, monospace; font-size: 60px; color: black;"">cuatro</span>",######,######,"<span style=""font-family: 'Courier New', Courier, monospace; font-size: 60px; color: black;"">CUATRO</span>",J,same,uppercase,baseline,4,2,CUATRO,,,,,
211,1791195337026,05/10/2026 10:15:37,1791195337026,2,05/10/2026 12:15:37,283162,5,task-biuv,,58572850,,16708144,,complete,,,computer,Desktop or Laptop,Windows 10,Firefox 102.0,3840x2160,3840x1838,,,0,UCL - tarea 1 ,6,Group1,spreadsheet1,spreadsheet1,47,trial,Fixation,w99rzd,1,continue,,,499.9800000000396,499.9800000000396,499.9800000000396,499.9800000000396,499.9800000000396,499.9800000000396,1,0,0,,Fixation Timing,Fixation Cross,1,object-125,trial,,,,148,"<span style=""font-family: 'Courier New', Courier, monospace; font-size: 60px; color: black;"">seis</span>",######,######,"<span style=""font-family: 'Courier New', Courier, monospace; font-size: 60px; color: black;"">SE1S</span>",J,same,uppercase,baseline,6,2,SEIS,,,,,
212,1791195337327,05/10/2026 10:15:37,1791195337327,2,05/10/2026 12:15:37,283162,5,task-biuv,,58572850,,16708144,,complete,,,computer,Desktop or Laptop,Windows 10,Firefox 102.0,3840x2160,3840x1838,,,0,UCL - tarea 1 ,6,Group1,spreadsheet1,spreadsheet1,47,trial,Reference,m6fryy,2,timedOut,,,301.5999999999767,299.9799999999814,301.5999999999767,301.5999999999767,299.9799999999814,301.5999999999767,1,0,0,,Time Limit,screen,0,screen,trial,,,,148,"<span style=""font-family: 'Courier New', Courier, monospace; font-size: 60px; color: black;"">seis</span>",######,######,"<span style=""font-family: 'Courier New', Courier, monospace; font-size: 60px; color: black;"">SE1S</span>",J,same,uppercase,baseline,6,2,SEIS,,,,,
213,1791195337832,05/10/2026 10:15:37,1791195337832,2,05/10/2026 12:15:37,283162,5,task-biuv,,58572850,,16708144,,complete,,,computer,Desktop or Laptop,Windows 10,Firefox 102.0,3840x2160,3840x1838,,,0,UCL - tarea 1 ,6,Group1,spreadsheet1,spreadsheet1,47,trial,Target,spx9cn,3,response,J,,507.61999999999534,499.9799999999814,507.61999999999534,507.61999999999534,499.9799999999814,507.61999999999534,1,0,0,,Keyboard Response,Respuesta,3,object-91,trial,,,,148,"<span style=""font-family: 'Courier New', Courier, monospace; font-size: 60px; color: black;"">seis</span>",######,######,"<span style=""font-family: 'Courier New', Courier, monospace; font-size: 60px; color: black;"">SE1S</span>",J,same,uppercase,baseline,6,2,SEIS,,,,,
214,1791195338326,05/10/2026 10:15:38,1791195338326,2,05/10/2026 12:15:38,283162,5,task-biuv,,58572850,,16708144,,complete,,,computer,Desktop or Laptop,Windows 10,Firefox 102.0,3840x2160,3840x1838,,,0,UCL - tarea 1 ,6,Group1,spreadsheet1,spreadsheet1,47,trial,Blank,vybs3x,4,timedOut,,,501.64000000001397,499.9800000000396,501.64000000001397,501.64000000001397,499.9800000000396,501.64000000001397,1,0,0,,Time Limit,screen,0,screen,trial,,,,148,"<span style=""font-family: 'Courier New', Courier, monospace; font-size: 60px; color: black;"">seis</span>",######,######,"<span style=""font-family: 'Courier New', Courier, monospace; font-size: 60px; color: black;"">SE1S</span>",J,same,uppercase,baseline,6,2,SEIS,,,,,
215,1791195338827,05/10/2026 10:15:38,1791195338827,2,05/10/2026 12:15:38,283162,5,task-biuv,,58572850,,16708144,,complete,,,computer,Desktop or Laptop,Windows 10,Firefox 102.0,3840x2160,3840x1838,,,0,UCL - tarea 1 ,6,Group1,spreadsheet1,spreadsheet1,48,trial,Fixation,w99rzd,1,continue,,,499.95999999996275,499.95999999996275,499.95999999996275,499.95999999996275,499.95999999996275,499.95999999996275,1,0,0,,Fixation Timing,Fixation Cross,1,object-125,trial,,,,28,"<span style=""font-family: 'Courier New', Courier, monospace; font-size: 60px; color: black;"">seis</span>",######,######,"<span style=""font-family: 'Courier New', Courier, monospace; font-size: 60px; color: black;"">SEIS</span>",J,same,uppercase,baseline,6,2,SEIS,,,,,
216,1791195339127,05/10/2026 10:15:39,1791195339127,2,05/10/2026 12:15:39,283162,5,task-biuv,,58572850,,16708144,,complete,,,computer,Desktop or Laptop,Windows 10,Firefox 102.0,3840x2160,3840x1838,,,0,UCL - tarea 1 ,6,Group1,spreadsheet1,spreadsheet1,48,trial,Reference,m6fryy,2,timedOut,,,301.70000000001164,300,301.70000000001164,301.70000000001164,300,301.70000000001164,1,0,0,,Time Limit,screen,0,screen,trial,,,,28,"<span style=""font-family: 'Courier New', Courier, monospace; font-size: 60px; color: black;"">seis</span>",######,######,"<span style=""font-family: 'Courier New', Courier, monospace; font-size: 60px; color: black;"">SEIS</span>",J,same,uppercase,baseline,6,2,SEIS,,,,,
217,1791195339656,05/10/2026 10:15:39,1791195339656,2,05/10/2026 12:15:39,283162,5,task-biuv,,58572850,,16708144,,complete,,,computer,Desktop or Laptop,Windows 10,Firefox 102.0,3840x2160,3840x1838,,,0,UCL - tarea 1 ,6,Group1,spreadsheet1,spreadsheet1,48,trial,Target,spx9cn,3,response,J,,531.7000000000116,516.640000000014,531.7000000000116,531.7000000000116,516.640000000014,531.7000000000116,1,0,0,,Keyboard Response,Respuesta,3,object-91,trial,,,,28,"<span style=""font-family: 'Courier New', Courier, monospace; font-size: 60px; color: black;"">seis</span>",######,######,"<span style=""font-family: 'Courier New', Courier, monospace; font-size: 60px; color: black;"">SEIS</span>",J,same,uppercase,baseline,6,2,SEIS,,,,,
218,1791195340143,05/10/2026 10:15:40,1791195340143,2,05/10/2026 12:15:40,283162,5,task-biuv,,58572850,,16708144,,complete,,,computer,Desktop or Laptop,Windows 10,Firefox 102.0,3840x2160,3840x1838,,,0,UCL - tarea 1 ,6,Group1,spreadsheet1,spreadsheet1,48,trial,Blank,vybs3x,4,timedOut,,,502.0599999999977,499.96000000002095,502.0599999999977,502.0599999999977,499.96000000002095,502.0599999999977,1,0,0,,Time Limit,screen,0,screen,trial,,,,28,"<span style=""font-family: 'Courier New', Courier, monospace; font-size: 60px; color: black;"">seis</span>",######,######,"<span style=""font-family: 'Courier New', Courier, monospace; font-size: 60px; color: black;"">SEIS</span>",J,same,uppercase,baseline,6,2,SEIS,,,,,
219,1791195340644,05/10/2026 10:15:40,1791195340644,2,05/10/2026 12:15:40,283162,5,task-biuv,,58572850,,16708144,,complete,,,computer,Desktop or Laptop,Windows 10,Firefox 102.0,3840x2160,3840x1838,,,0,UCL - tarea 1 ,6,Group1,spreadsheet1,spreadsheet1,49,trial,Fixation,w99rzd,1,continue,,,499.9799999999814,499.9799999999814,499.9799999999814,499.9799999999814,499.9799999999814,499.9799999999814,1,0,0,,Fixation Timing,Fixation Cross,1,object-125,trial,,,,191,"<span style=""font-family: 'Courier New', Courier, monospace; font-size: 60px; color: black;"">nueve</span>",######,######,"<span style=""font-family: 'Courier New', Courier, monospace; font-size: 60px; color: black;"">CU4TRO</span>",F,different,leet,congruent_leet,9,3,CU4TRO,,,,,
220,1791195340944,05/10/2026 10:15:40,1791195340944,2,05/10/2026 12:15:40,283162,5,task-biuv,,58572850,,16708144,,complete,,,computer,Desktop or Laptop,Windows 10,Firefox 102.0,3840x2160,3840x1838,,,0,UCL - tarea 1 ,6,Group1,spreadsheet1,spreadsheet1,49,trial,Reference,m6fryy,2,timedOut,,,303.11999999999534,299.9799999999814,303.11999999999534,303.11999999999534,299.9799999999814,303.11999999999534,1,0,0,,Time Limit,screen,0,screen,trial,,,,191,"<span style=""font-family: 'Courier New', Courier, monospace; font-size: 60px; color: black;"">nueve</span>",######,######,"<span style=""font-family: 'Courier New', Courier, monospace; font-size: 60px; color: black;"">CU4TRO</span>",F,different,leet,congruent_leet,9,3,CU4TRO,,,,,
221,1791195341560,05/10/2026 10:15:41,1791195341560,2,05/10/2026 12:15:41,283162,5,task-biuv,,58572850,,16708144,,complete,,,computer,Desktop or Laptop,Windows 10,Firefox 102.0,3840x2160,3840x1838,,,0,UCL - tarea 1 ,6,Group1,spreadsheet1,spreadsheet1,49,trial,Target,spx9cn,3,response,F,,616.6600000000908,599.9800000000396,616.6600000000908,616.6600000000908,599.9800000000396,616.6600000000908,1,0,0,,Keyboard Response,Respuesta,3,object-91,trial,,,,191,"<span style=""font-family: 'Courier New', Courier, monospace; font-size: 60px; color: black;"">nueve</span>",######,######,"<span style=""font-family: 'Courier New', Courier, monospace; font-size: 60px; color: black;"">CU4TRO</span>",F,different,leet,congruent_leet,9,3,CU4TRO,,,,,
222,1791195342044,05/10/2026 10:15:42,1791195342044,2,05/10/2026 12:15:42,283162,5,task-biuv,,58572850,,16708144,,complete,,,computer,Desktop or Laptop,Windows 10,Firefox 102.0,3840x2160,3840x1838,,,0,UCL - tarea 1 ,6,Group1,spreadsheet1,spreadsheet1,49,trial,Blank,vybs3x,4,timedOut,,,502.1599999999744,499.95999999996275,502.1599999999744,502.1599999999744,499.95999999996275,502.1599999999744,1,0,0,,Time Limit,screen,0,screen,trial,,,,191,"<span style=""font-family: 'Courier New', Courier, monospace; font-size: 60px; color: black;"">nueve</span>",######,######,"<span style=""font-family: 'Courier New', Courier, monospace; font-size: 60px; color: black;"">CU4TRO</span>",F,different,leet,congruent_leet,9,3,CU4TRO,,,,,
223,1791195342543,05/10/2026 10:15:42,1791195342543,2,05/10/2026 12:15:42,283162,5,task-biuv,,58572850,,16708144,,complete,,,computer,Desktop or Laptop,Windows 10,Firefox 102.0,3840x2160,3840x1838,,,0,UCL - tarea 1 ,6,Group1,spreadsheet1,spreadsheet1,50,trial,Fixation,w99rzd,1,continue,,,499.9800000000396,499.9800000000396,499.9800000000396,499.9800000000396,499.9800000000396,499.9800000000396,1,0,0,,Fixation Timing,Fixation Cross,1,object-125,trial,,,,173,"<span style=""font-family: 'Courier New', Courier, monospace; font-size: 60px; color: black;"">nueve</span>",######,######,"<span style=""font-family: 'Courier New', Courier, monospace; font-size: 60px; color: black;"">NU3VE</span>",J,same,leet,incongruent_leet,9,3,NU3VE,,,,,
224,1791195342844,05/10/2026 10:15:42,1791195342844,2,05/10/2026 12:15:42,283162,5,task-biuv,,58572850,,16708144,,complete,,,computer,Desktop or Laptop,Windows 10,Firefox 102.0,3840x2160,3840x1838,,,0,UCL - tarea 1 ,6,Group1,spreadsheet1,spreadsheet1,50,trial,Reference,m6fryy,2,timedOut,,,303.21999999997206,299.9799999999814,303.21999999997206,303.21999999997206,299.9799999999814,303.21999999997206,1,0,0,,Time Limit,screen,0,screen,trial,,,,173,"<span style=""font-family: 'Courier New', Courier, monospace; font-size: 60px; color: black;"">nueve</span>",######,######,"<span style=""font-family: 'Courier New', Courier, monospace; font-size: 60px; color: black;"">NU3VE</span>",J,same,leet,incongruent_leet,9,3,NU3VE,,,,,
225,1791195343658,05/10/2026 10:15:43,1791195343658,2,05/10/2026 12:15:43,283162,5,task-biuv,,58572850,,16708144,,complete,,,computer,Desktop or Laptop,Windows 10,Firefox 102.0,3840x2160,3840x1838,,,0,UCL - tarea 1 ,6,Group1,spreadsheet1,spreadsheet1,50,trial,Target,spx9cn,3,response,J,,816.2399999999907,799.9599999999627,816.2399999999907,816.2399999999907,799.9599999999627,816.2399999999907,1,0,0,,Keyboard Response,Respuesta,3,object-91,trial,,,,173,"<span style=""font-family: 'Courier New', Courier, monospace; font-size: 60px; color: black;"">nueve</span>",######,######,"<span style=""font-family: 'Courier New', Courier, monospace; font-size: 60px; color: black;"">NU3VE</span>",J,same,leet,incongruent_leet,9,3,NU3VE,,,,,
226,1791195344143,05/10/2026 10:15:44,1791195344143,2,05/10/2026 12:15:44,283162,5,task-biuv,,58572850,,16708144,,complete,,,computer,Desktop or Laptop,Windows 10,Firefox 102.0,3840x2160,3840x1838,,,0,UCL - tarea 1 ,6,Group1,spreadsheet1,spreadsheet1,50,trial,Blank,vybs3x,4,timedOut,,,502.28000000002794,499.9800000000396,502.28000000002794,502.28000000002794,499.9800000000396,502.28000000002794,1,0,0,,Time Limit,screen,0,screen,trial,,,,173,"<span style=""font-family: 'Courier New', Courier, monospace; font-size: 60px; color: black;"">nueve</span>",######,######,"<span style=""font-family: 'Courier New', Courier, monospace; font-size: 60px; color: black;"">NU3VE</span>",J,same,leet,incongruent_leet,9,3,NU3VE,,,,,
227,1791195344643,05/10/2026 10:15:44,1791195344643,2,05/10/2026 12:15:44,283162,5,task-biuv,,58572850,,16708144,,complete,,,computer,Desktop or Laptop,Windows 10,Firefox 102.0,3840x2160,3840x1838,,,0,UCL - tarea 1 ,6,Group1,spreadsheet1,spreadsheet1,51,trial,Fixation,w99rzd,1,continue,,,499.9799999999814,499.9799999999814,499.9799999999814,499.9799999999814,499.9799999999814,499.9799999999814,1,0,0,,Fixation Timing,Fixation Cross,1,object-125,trial,,,,58,"<span style=""font-family: 'Courier New', Courier, monospace; font-size: 60px; color: black;"">seis</span>",######,######,"<span style=""font-family: 'Courier New', Courier, monospace; font-size: 60px; color: black;"">SE1S</span>",J,same,leet,incongruent_leet,6,3,SE1S,,,,,
228,1791195344944,05/10/2026 10:15:44,1791195344944,2,05/10/2026 12:15:44,283162,5,task-biuv,,58572850,,16708144,,complete,,,computer,Desktop or Laptop,Windows 10,Firefox 102.0,3840x2160,3840x1838,,,0,UCL - tarea 1 ,6,Group1,spreadsheet1,spreadsheet1,51,trial,Reference,m6fryy,2,timedOut,,,303.320000000007,299.9799999999814,303.320000000007,303.320000000007,299.9799999999814,303.320000000007,1,0,0,,Time Limit,screen,0,screen,trial,,,,58,"<span style=""font-family: 'Courier New', Courier, monospace; font-size: 60px; color: black;"">seis</span>",######,######,"<span style=""font-family: 'Courier New', Courier, monospace; font-size: 60px; color: black;"">SE1S</span>",J,same,leet,incongruent_leet,6,3,SE1S,,,,,
229,1791195345561,05/10/2026 10:15:45,1791195345561,2,05/10/2026 12:15:45,283162,5,task-biuv,,58572850,,16708144,,complete,,,computer,Desktop or Laptop,Windows 10,Firefox 102.0,3840x2160,3840x1838,,,0,UCL - tarea 1 ,6,Group1,spreadsheet1,spreadsheet1,51,trial,Target,spx9cn,3,response,J,,619.3400000000256,616.640000000014,619.3400000000256,619.3400000000256,616.640000000014,619.3400000000256,1,0,0,,Keyboard Response,Respuesta,3,object-91,trial,,,,58,"<span style=""font-family: 'Courier New', Courier, monospace; font-size: 60px; color: black;"">seis</span>",######,######,"<span style=""font-family: 'Courier New', Courier, monospace; font-size: 60px; color: black;"">SE1S</span>",J,same,leet,incongruent_leet,6,3,SE1S,,,,,
230,1791195346060,05/10/2026 10:15:46,1791195346060,2,05/10/2026 12:15:46,283162,5,task-biuv,,58572850,,16708144,,complete,,,computer,Desktop or Laptop,Windows 10,Firefox 102.0,3840x2160,3840x1838,,,0,UCL - tarea 1 ,6,Group1,spreadsheet1,spreadsheet1,51,trial,Blank,vybs3x,4,timedOut,,,501.70000000001164,499.96000000002095,501.70000000001164,501.70000000001164,499.96000000002095,501.70000000001164,1,0,0,,Time Limit,screen,0,screen,trial,,,,58,"<span style=""font-family: 'Courier New', Courier, monospace; font-size: 60px; color: black;"">seis</span>",######,######,"<span style=""font-family: 'Courier New', Courier, monospace; font-size: 60px; color: black;"">SE1S</span>",J,same,leet,incongruent_leet,6,3,SE1S,,,,,
231,1791195346561,05/10/2026 10:15:46,1791195346561,2,05/10/2026 12:15:46,283162,5,task-biuv,,58572850,,16708144,,complete,,,computer,Desktop or Laptop,Windows 10,Firefox 102.0,3840x2160,3840x1838,,,0,UCL - tarea 1 ,6,Group1,spreadsheet1,spreadsheet1,52,trial,Fixation,w99rzd,1,continue,,,499.9799999999814,499.9799999999814,499.9799999999814,499.9799999999814,499.9799999999814,499.9799999999814,1,0,0,,Fixation Timing,Fixation Cross,1,object-125,trial,,,,178,"<span style=""font-family: 'Courier New', Courier, monospace; font-size: 60px; color: black;"">seis</span>",######,######,"<span style=""font-family: 'Courier New', Courier, monospace; font-size: 60px; color: black;"">SE1S</span>",J,same,leet,incongruent_leet,6,3,SE1S,,,,,
232,1791195346861,05/10/2026 10:15:46,1791195346861,2,05/10/2026 12:15:46,283162,5,task-biuv,,58572850,,16708144,,complete,,,computer,Desktop or Laptop,Windows 10,Firefox 102.0,3840x2160,3840x1838,,,0,UCL - tarea 1 ,6,Group1,spreadsheet1,spreadsheet1,52,trial,Reference,m6fryy,2,timedOut,,,302.7600000000093,299.9799999999814,302.7600000000093,302.7600000000093,299.9799999999814,302.7600000000093,1,0,0,,Time Limit,screen,0,screen,trial,,,,178,"<span style=""font-family: 'Courier New', Courier, monospace; font-size: 60px; color: black;"">seis</span>",######,######,"<span style=""font-family: 'Courier New', Courier, monospace; font-size: 60px; color: black;"">SE1S</span>",J,same,leet,incongruent_leet,6,3,SE1S,,,,,
233,1791195347383,05/10/2026 10:15:47,1791195347383,2,05/10/2026 12:15:47,283162,5,task-biuv,,58572850,,16708144,,complete,,,computer,Desktop or Laptop,Windows 10,Firefox 102.0,3840x2160,3840x1838,,,0,UCL - tarea 1 ,6,Group1,spreadsheet1,spreadsheet1,52,trial,Target,spx9cn,3,response,J,,524.7800000000279,516.640000000014,524.7800000000279,524.7800000000279,516.640000000014,524.7800000000279,1,0,0,,Keyboard Response,Respuesta,3,object-91,trial,,,,178,"<span style=""font-family: 'Courier New', Courier, monospace; font-size: 60px; color: black;"">seis</span>",######,######,"<span style=""font-family: 'Courier New', Courier, monospace; font-size: 60px; color: black;"">SE1S</span>",J,same,leet,incongruent_leet,6,3,SE1S,,,,,
234,1791195347877,05/10/2026 10:15:47,1791195347877,2,05/10/2026 12:15:47,283162,5,task-biuv,,58572850,,16708144,,complete,,,computer,Desktop or Laptop,Windows 10,Firefox 102.0,3840x2160,3840x1838,,,0,UCL - tarea 1 ,6,Group1,spreadsheet1,spreadsheet1,52,trial,Blank,vybs3x,4,timedOut,,,503.14000000001397,501.28000000002794,503.14000000001397,503.14000000001397,501.28000000002794,503.14000000001397,1,0,0,,Time Limit,screen,0,screen,trial,,,,178,"<span style=""font-family: 'Courier New', Courier, monospace; font-size: 60px; color: black;"">seis</span>",######,######,"<span style=""font-family: 'Courier New', Courier, monospace; font-size: 60px; color: black;"">SE1S</span>",J,same,leet,incongruent_leet,6,3,SE1S,,,,,
235,1791195348377,05/10/2026 10:15:48,1791195348377,2,05/10/2026 12:15:48,283162,5,task-biuv,,58572850,,16708144,,complete,,,computer,Desktop or Laptop,Windows 10,Firefox 102.0,3840x2160,3840x1838,,,0,UCL - tarea 1 ,6,Group1,spreadsheet1,spreadsheet1,53,trial,Fixation,w99rzd,1,continue,,,499.9799999999814,499.9799999999814,499.9799999999814,499.9799999999814,499.9799999999814,499.9799999999814,1,0,0,,Fixation Timing,Fixation Cross,1,object-125,trial,,,,70,"<span style=""font-family: 'Courier New', Courier, monospace; font-size: 60px; color: black;"">seis</span>",######,######,"<span style=""font-family: 'Courier New', Courier, monospace; font-size: 60px; color: black;"">TRES</span>",F,different,uppercase,baseline,6,3,TRES,,,,,
236,1791195348676,05/10/2026 10:15:48,1791195348676,2,05/10/2026 12:15:48,283162,5,task-biuv,,58572850,,16708144,,complete,,,computer,Desktop or Laptop,Windows 10,Firefox 102.0,3840x2160,3840x1838,,,0,UCL - tarea 1 ,6,Group1,spreadsheet1,spreadsheet1,53,trial,Reference,m6fryy,2,timedOut,,,300.88000000000466,299.9799999999814,300.88000000000466,300.88000000000466,299.9799999999814,300.88000000000466,1,0,0,,Time Limit,screen,0,screen,trial,,,,70,"<span style=""font-family: 'Courier New', Courier, monospace; font-size: 60px; color: black;"">seis</span>",######,######,"<span style=""font-family: 'Courier New', Courier, monospace; font-size: 60px; color: black;"">TRES</span>",F,different,uppercase,baseline,6,3,TRES,,,,,
237,1791195349416,05/10/2026 10:15:49,1791195349416,2,05/10/2026 12:15:49,283162,5,task-biuv,,58572850,,16708144,,complete,,,computer,Desktop or Laptop,Windows 10,Firefox 102.0,3840x2160,3840x1838,,,0,UCL - tarea 1 ,6,Group1,spreadsheet1,spreadsheet1,53,trial,Target,spx9cn,3,response,F,,740.9000000000233,733.3000000000466,740.9000000000233,740.9000000000233,733.3000000000466,740.9000000000233,1,0,0,,Keyboard Response,Respuesta,3,object-91,trial,,,,70,"<span style=""font-family: 'Courier New', Courier, monospace; font-size: 60px; color: black;"">seis</span>",######,######,"<span style=""font-family: 'Courier New', Courier, monospace; font-size: 60px; color: black;"">TRES</span>",F,different,uppercase,baseline,6,3,TRES,,,,,
238,1791195349910,05/10/2026 10:15:49,1791195349910,2,05/10/2026 12:15:49,283162,5,task-biuv,,58572850,,16708144,,complete,,,computer,Desktop or Laptop,Windows 10,Firefox 102.0,3840x2160,3840x1838,,,0,UCL - tarea 1 ,6,Group1,spreadsheet1,spreadsheet1,53,trial,Blank,vybs3x,4,timedOut,,,500.5999999999767,499.9799999999814,500.5999999999767,500.5999999999767,499.9799999999814,500.5999999999767,1,0,0,,Time Limit,screen,0,screen,trial,,,,70,"<span style=""font-family: 'Courier New', Courier, monospace; font-size: 60px; color: black;"">seis</span>",######,######,"<span style=""font-family: 'Courier New', Courier, monospace; font-size: 60px; color: black;"">TRES</span>",F,different,uppercase,baseline,6,3,TRES,,,,,
239,1791195350410,05/10/2026 10:15:50,1791195350410,2,05/10/2026 12:15:50,283162,5,task-biuv,,58572850,,16708144,,complete,,,computer,Desktop or Laptop,Windows 10,Firefox 102.0,3840x2160,3840x1838,,,0,UCL - tarea 1 ,6,Group1,spreadsheet1,spreadsheet1,54,trial,Fixation,w99rzd,1,continue,,,499.96000000002095,499.96000000002095,499.96000000002095,499.96000000002095,499.96000000002095,499.96000000002095,1,0,0,,Fixation Timing,Fixation Cross,1,object-125,trial,,,,179,"<span style=""font-family: 'Courier New', Courier, monospace; font-size: 60px; color: black;"">nueve</span>",######,######,"<span style=""font-family: 'Courier New', Courier, monospace; font-size: 60px; color: black;"">NUEVE</span>",J,same,uppercase,baseline,9,3,NUEVE,,,,,
240,1791195350711,05/10/2026 10:15:50,1791195350711,2,05/10/2026 12:15:50,283162,5,task-biuv,,58572850,,16708144,,complete,,,computer,Desktop or Laptop,Windows 10,Firefox 102.0,3840x2160,3840x1838,,,0,UCL - tarea 1 ,6,Group1,spreadsheet1,spreadsheet1,54,trial,Reference,m6fryy,2,timedOut,,,301.6599999999744,299.9799999999814,301.6599999999744,301.6599999999744,299.9799999999814,301.6599999999744,1,0,0,,Time Limit,screen,0,screen,trial,,,,179,"<span style=""font-family: 'Courier New', Courier, monospace; font-size: 60px; color: black;"">nueve</span>",######,######,"<span style=""font-family: 'Courier New', Courier, monospace; font-size: 60px; color: black;"">NUEVE</span>",J,same,uppercase,baseline,9,3,NUEVE,,,,,
241,1791195351361,05/10/2026 10:15:51,1791195351361,2,05/10/2026 12:15:51,283162,5,task-biuv,,58572850,,16708144,,complete,,,computer,Desktop or Laptop,Windows 10,Firefox 102.0,3840x2160,3840x1838,,,0,UCL - tarea 1 ,6,Group1,spreadsheet1,spreadsheet1,54,trial,Target,spx9cn,3,response,J,,651.679999999993,649.9799999999814,651.679999999993,651.679999999993,649.9799999999814,651.679999999993,1,0,0,,Keyboard Response,Respuesta,3,object-91,trial,,,,179,"<span style=""font-family: 'Courier New', Courier, monospace; font-size: 60px; color: black;"">nueve</span>",######,######,"<span style=""font-family: 'Courier New', Courier, monospace; font-size: 60px; color: black;"">NUEVE</span>",J,same,uppercase,baseline,9,3,NUEVE,,,,,
242,1791195351861,05/10/2026 10:15:51,1791195351861,2,05/10/2026 12:15:51,283162,5,task-biuv,,58572850,,16708144,,complete,,,computer,Desktop or Laptop,Windows 10,Firefox 102.0,3840x2160,3840x1838,,,0,UCL - tarea 1 ,6,Group1,spreadsheet1,spreadsheet1,54,trial,Blank,vybs3x,4,timedOut,,,501.70000000001164,499.9800000000396,501.70000000001164,501.70000000001164,499.9800000000396,501.70000000001164,1,0,0,,Time Limit,screen,0,screen,trial,,,,179,"<span style=""font-family: 'Courier New', Courier, monospace; font-size: 60px; color: black;"">nueve</span>",######,######,"<span style=""font-family: 'Courier New', Courier, monospace; font-size: 60px; color: black;"">NUEVE</span>",J,same,uppercase,baseline,9,3,NUEVE,,,,,
243,1791195352360,05/10/2026 10:15:52,1791195352360,2,05/10/2026 12:15:52,283162,5,task-biuv,,58572850,,16708144,,complete,,,computer,Desktop or Laptop,Windows 10,Firefox 102.0,3840x2160,3840x1838,,,0,UCL - tarea 1 ,6,Group1,spreadsheet1,spreadsheet1,55,trial,Fixation,w99rzd,1,continue,,,499.95999999996275,499.95999999996275,499.95999999996275,499.95999999996275,499.95999999996275,499.95999999996275,1,0,0,,Fixation Timing,Fixation Cross,1,object-125,trial,,,,184,"<span style=""font-family: 'Courier New', Courier, monospace; font-size: 60px; color: black;"">seis</span>",######,######,"<span style=""font-family: 'Courier New', Courier, monospace; font-size: 60px; color: black;"">TR3S</span>",F,different,leet,congruent_leet,6,3,TR3S,,,,,
244,1791195352660,05/10/2026 10:15:52,1791195352660,2,05/10/2026 12:15:52,283162,5,task-biuv,,58572850,,16708144,,complete,,,computer,Desktop or Laptop,Windows 10,Firefox 102.0,3840x2160,3840x1838,,,0,UCL - tarea 1 ,6,Group1,spreadsheet1,spreadsheet1,55,trial,Reference,m6fryy,2,timedOut,,,301.7600000000093,299.9799999999814,301.7600000000093,301.7600000000093,299.9799999999814,301.7600000000093,1,0,0,,Time Limit,screen,0,screen,trial,,,,184,"<span style=""font-family: 'Courier New', Courier, monospace; font-size: 60px; color: black;"">seis</span>",######,######,"<span style=""font-family: 'Courier New', Courier, monospace; font-size: 60px; color: black;"">TR3S</span>",F,different,leet,congruent_leet,6,3,TR3S,,,,,
245,1791195353358,05/10/2026 10:15:53,1791195353358,2,05/10/2026 12:15:53,283162,5,task-biuv,,58572850,,16708144,,complete,,,computer,Desktop or Laptop,Windows 10,Firefox 102.0,3840x2160,3840x1838,,,0,UCL - tarea 1 ,6,Group1,spreadsheet1,spreadsheet1,55,trial,Target,spx9cn,3,response,F,,698.7800000000279,683.3000000000466,698.7800000000279,698.7800000000279,683.3000000000466,698.7800000000279,1,0,0,,Keyboard Response,Respuesta,3,object-91,trial,,,,184,"<span style=""font-family: 'Courier New', Courier, monospace; font-size: 60px; color: black;"">seis</span>",######,######,"<span style=""font-family: 'Courier New', Courier, monospace; font-size: 60px; color: black;"">TR3S</span>",F,different,leet,congruent_leet,6,3,TR3S,,,,,
246,1791195353843,05/10/2026 10:15:53,1791195353843,2,05/10/2026 12:15:53,283162,5,task-biuv,,58572850,,16708144,,complete,,,computer,Desktop or Laptop,Windows 10,Firefox 102.0,3840x2160,3840x1838,,,0,UCL - tarea 1 ,6,Group1,spreadsheet1,spreadsheet1,55,trial,Blank,vybs3x,4,timedOut,,,501.4799999999814,499.9799999999814,501.4799999999814,501.4799999999814,499.9799999999814,501.4799999999814,1,0,0,,Time Limit,screen,0,screen,trial,,,,184,"<span style=""font-family: 'Courier New', Courier, monospace; font-size: 60px; color: black;"">seis</span>",######,######,"<span style=""font-family: 'Courier New', Courier, monospace; font-size: 60px; color: black;"">TR3S</span>",F,different,leet,congruent_leet,6,3,TR3S,,,,,
247,1791195354343,05/10/2026 10:15:54,1791195354343,2,05/10/2026 12:15:54,283162,5,task-biuv,,58572850,,16708144,,complete,,,computer,Desktop or Laptop,Windows 10,Firefox 102.0,3840x2160,3840x1838,,,0,UCL - tarea 1 ,6,Group1,spreadsheet1,spreadsheet1,56,trial,Fixation,w99rzd,1,continue,,,499.9799999999814,499.9799999999814,499.9799999999814,499.9799999999814,499.9799999999814,499.9799999999814,1,0,0,,Fixation Timing,Fixation Cross,1,object-125,trial,,,,69,"<span style=""font-family: 'Courier New', Courier, monospace; font-size: 60px; color: black;"">siete</span>",######,######,"<span style=""font-family: 'Courier New', Courier, monospace; font-size: 60px; color: black;"">C1NCO</span>",F,different,leet,incongruent_leet,7,3,C1NCO,,,,,
248,1791195354644,05/10/2026 10:15:54,1791195354644,2,05/10/2026 12:15:54,283162,5,task-biuv,,58572850,,16708144,,complete,,,computer,Desktop or Laptop,Windows 10,Firefox 102.0,3840x2160,3840x1838,,,0,UCL - tarea 1 ,6,Group1,spreadsheet1,spreadsheet1,56,trial,Reference,m6fryy,2,timedOut,,,301.5200000000186,299.9800000000396,301.5200000000186,301.5200000000186,299.9800000000396,301.5200000000186,1,0,0,,Time Limit,screen,0,screen,trial,,,,69,"<span style=""font-family: 'Courier New', Courier, monospace; font-size: 60px; color: black;"">siete</span>",######,######,"<span style=""font-family: 'Courier New', Courier, monospace; font-size: 60px; color: black;"">C1NCO</span>",F,different,leet,incongruent_leet,7,3,C1NCO,,,,,
249,1791195355361,05/10/2026 10:15:55,1791195355361,2,05/10/2026 12:15:55,283162,5,task-biuv,,58572850,,16708144,,complete,,,computer,Desktop or Laptop,Windows 10,Firefox 102.0,3840x2160,3840x1838,,,0,UCL - tarea 1 ,6,Group1,spreadsheet1,spreadsheet1,56,trial,Target,spx9cn,3,response,F,,719.539999999979,716.6199999999953,719.539999999979,719.539999999979,716.6199999999953,719.539999999979,1,0,0,,Keyboard Response,Respuesta,3,object-91,trial,,,,69,"<span style=""font-family: 'Courier New', Courier, monospace; font-size: 60px; color: black;"">siete</span>",######,######,"<span style=""font-family: 'Courier New', Courier, monospace; font-size: 60px; color: black;"">C1NCO</span>",F,different,leet,incongruent_leet,7,3,C1NCO,,,,,
250,1791195355860,05/10/2026 10:15:55,1791195355860,2,05/10/2026 12:15:55,283162,5,task-biuv,,58572850,,16708144,,complete,,,computer,Desktop or Laptop,Windows 10,Firefox 102.0,3840x2160,3840x1838,,,0,UCL - tarea 1 ,6,Group1,spreadsheet1,spreadsheet1,56,trial,Blank,vybs3x,4,timedOut,,,501.9199999999837,499.9799999999814,501.9199999999837,501.9199999999837,499.9799999999814,501.9199999999837,1,0,0,,Time Limit,screen,0,screen,trial,,,,69,"<span style=""font-family: 'Courier New', Courier, monospace; font-size: 60px; color: black;"">siete</span>",######,######,"<span style=""font-family: 'Courier New', Courier, monospace; font-size: 60px; color: black;"">C1NCO</span>",F,different,leet,incongruent_leet,7,3,C1NCO,,,,,
251,1791195356361,05/10/2026 10:15:56,1791195356361,2,05/10/2026 12:15:56,283162,5,task-biuv,,58572850,,16708144,,complete,,,computer,Desktop or Laptop,Windows 10,Firefox 102.0,3840x2160,3840x1838,,,0,UCL - tarea 1 ,6,Group1,spreadsheet1,spreadsheet1,57,trial,Fixation,w99rzd,1,continue,,,499.9799999999814,499.9799999999814,499.9799999999814,499.9799999999814,499.9799999999814,499.9799999999814,1,0,0,,Fixation Timing,Fixation Cross,1,object-125,trial,,,,71,"<span style=""font-family: 'Courier New', Courier, monospace; font-size: 60px; color: black;"">nueve</span>",######,######,"<span style=""font-family: 'Courier New', Courier, monospace; font-size: 60px; color: black;"">CU4TRO</span>",F,different,leet,congruent_leet,9,3,CU4TRO,,,,,
252,1791195356660,05/10/2026 10:15:56,1791195356660,2,05/10/2026 12:15:56,283162,5,task-biuv,,58572850,,16708144,,complete,,,computer,Desktop or Laptop,Windows 10,Firefox 102.0,3840x2160,3840x1838,,,0,UCL - tarea 1 ,6,Group1,spreadsheet1,spreadsheet1,57,trial,Reference,m6fryy,2,timedOut,,,300.96000000002095,299.9800000000396,300.96000000002095,300.96000000002095,299.9800000000396,300.96000000002095,1,0,0,,Time Limit,screen,0,screen,trial,,,,71,"<span style=""font-family: 'Courier New', Courier, monospace; font-size: 60px; color: black;"">nueve</span>",######,######,"<span style=""font-family: 'Courier New', Courier, monospace; font-size: 60px; color: black;"">CU4TRO</span>",F,different,leet,congruent_leet,9,3,CU4TRO,,,,,
253,1791195357408,05/10/2026 10:15:57,1791195357408,2,05/10/2026 12:15:57,283162,5,task-biuv,,58572850,,16708144,,complete,,,computer,Desktop or Laptop,Windows 10,Firefox 102.0,3840x2160,3840x1838,,,0,UCL - tarea 1 ,6,Group1,spreadsheet1,spreadsheet1,57,trial,Target,spx9cn,3,response,F,,748.9799999999814,733.2999999999884,748.9799999999814,748.9799999999814,733.2999999999884,748.9799999999814,1,0,0,,Keyboard Response,Respuesta,3,object-91,trial,,,,71,"<span style=""font-family: 'Courier New', Courier, monospace; font-size: 60px; color: black;"">nueve</span>",######,######,"<span style=""font-family: 'Courier New', Courier, monospace; font-size: 60px; color: black;"">CU4TRO</span>",F,different,leet,congruent_leet,9,3,CU4TRO,,,,,
254,1791195357893,05/10/2026 10:15:57,1791195357893,2,05/10/2026 12:15:57,283162,5,task-biuv,,58572850,,16708144,,complete,,,computer,Desktop or Laptop,Windows 10,Firefox 102.0,3840x2160,3840x1838,,,0,UCL - tarea 1 ,6,Group1,spreadsheet1,spreadsheet1,57,trial,Blank,vybs3x,4,timedOut,,,501.679999999993,499.96000000002095,501.679999999993,501.679999999993,499.96000000002095,501.679999999993,1,0,0,,Time Limit,screen,0,screen,trial,,,,71,"<span style=""font-family: 'Courier New', Courier, monospace; font-size: 60px; color: black;"">nueve</span>",######,######,"<span style=""font-family: 'Courier New', Courier, monospace; font-size: 60px; color: black;"">CU4TRO</span>",F,different,leet,congruent_leet,9,3,CU4TRO,,,,,
255,1791195358395,05/10/2026 10:15:58,1791195358395,2,05/10/2026 12:15:58,283162,5,task-biuv,,58572850,,16708144,,complete,,,computer,Desktop or Laptop,Windows 10,Firefox 102.0,3840x2160,3840x1838,,,0,UCL - tarea 1 ,6,Group1,spreadsheet1,spreadsheet1,58,trial,Fixation,w99rzd,1,continue,,,499.9799999999814,499.9799999999814,499.9799999999814,499.9799999999814,499.9799999999814,499.9799999999814,1,0,0,,Fixation Timing,Fixation Cross,1,object-125,trial,,,,57,"<span style=""font-family: 'Courier New', Courier, monospace; font-size: 60px; color: black;"">siete</span>",######,######,"<span style=""font-family: 'Courier New', Courier, monospace; font-size: 60px; color: black;"">SIETE</span>",J,same,uppercase,baseline,7,3,SIETE,,,,,
256,1791195358694,05/10/2026 10:15:58,1791195358694,2,05/10/2026 12:15:58,283162,5,task-biuv,,58572850,,16708144,,complete,,,computer,Desktop or Laptop,Windows 10,Firefox 102.0,3840x2160,3840x1838,,,0,UCL - tarea 1 ,6,Group1,spreadsheet1,spreadsheet1,58,trial,Reference,m6fryy,2,timedOut,,,301.7399999999907,299.9799999999814,301.7399999999907,301.7399999999907,299.9799999999814,301.7399999999907,1,0,0,,Time Limit,screen,0,screen,trial,,,,57,"<span style=""font-family: 'Courier New', Courier, monospace; font-size: 60px; color: black;"">siete</span>",######,######,"<span style=""font-family: 'Courier New', Courier, monospace; font-size: 60px; color: black;"">SIETE</span>",J,same,uppercase,baseline,7,3,SIETE,,,,,
257,1791195359384,05/10/2026 10:15:59,1791195359384,2,05/10/2026 12:15:59,283162,5,task-biuv,,58572850,,16708144,,complete,,,computer,Desktop or Laptop,Windows 10,Firefox 102.0,3840x2160,3840x1838,,,0,UCL - tarea 1 ,6,Group1,spreadsheet1,spreadsheet1,58,trial,Target,spx9cn,3,response,J,,692.7600000000093,683.2999999999884,692.7600000000093,692.7600000000093,683.2999999999884,692.7600000000093,1,0,0,,Keyboard Response,Respuesta,3,object-91,trial,,,,57,"<span style=""font-family: 'Courier New', Courier, monospace; font-size: 60px; color: black;"">siete</span>",######,######,"<span style=""font-family: 'Courier New', Courier, monospace; font-size: 60px; color: black;"">SIETE</span>",J,same,uppercase,baseline,7,3,SIETE,,,,,
258,1791195359877,05/10/2026 10:15:59,1791195359877,2,05/10/2026 12:15:59,283162,5,task-biuv,,58572850,,16708144,,complete,,,computer,Desktop or Laptop,Windows 10,Firefox 102.0,3840x2160,3840x1838,,,0,UCL - tarea 1 ,6,Group1,spreadsheet1,spreadsheet1,58,trial,Blank,vybs3x,4,timedOut,,,501.46000000002095,499.9800000000396,501.46000000002095,501.46000000002095,499.9800000000396,501.46000000002095,1,0,0,,Time Limit,screen,0,screen,trial,,,,57,"<span style=""font-family: 'Courier New', Courier, monospace; font-size: 60px; color: black;"">siete</span>",######,######,"<span style=""font-family: 'Courier New', Courier, monospace; font-size: 60px; color: black;"">SIETE</span>",J,same,uppercase,baseline,7,3,SIETE,,,,,
259,1791195360377,05/10/2026 10:16:00,1791195360377,2,05/10/2026 12:16:00,283162,5,task-biuv,,58572850,,16708144,,complete,,,computer,Desktop or Laptop,Windows 10,Firefox 102.0,3840x2160,3840x1838,,,0,UCL - tarea 1 ,6,Group1,spreadsheet1,spreadsheet1,59,trial,Fixation,w99rzd,1,continue,,,499.9799999999814,499.9799999999814,499.9799999999814,499.9799999999814,499.9799999999814,499.9799999999814,1,0,0,,Fixation Timing,Fixation Cross,1,object-125,trial,,,,192,"<span style=""font-family: 'Courier New', Courier, monospace; font-size: 60px; color: black;"">cinco</span>",######,######,"<span style=""font-family: 'Courier New', Courier, monospace; font-size: 60px; color: black;"">SIETE</span>",F,different,uppercase,baseline,5,3,SIETE,,,,,
260,1791195360677,05/10/2026 10:16:00,1791195360677,2,05/10/2026 12:16:00,283162,5,task-biuv,,58572850,,16708144,,complete,,,computer,Desktop or Laptop,Windows 10,Firefox 102.0,3840x2160,3840x1838,,,0,UCL - tarea 1 ,6,Group1,spreadsheet1,spreadsheet1,59,trial,Reference,m6fryy,2,timedOut,,,301.5,299.9799999999814,301.5,301.5,299.9799999999814,301.5,1,0,0,,Time Limit,screen,0,screen,trial,,,,192,"<span style=""font-family: 'Courier New', Courier, monospace; font-size: 60px; color: black;"">cinco</span>",######,######,"<span style=""font-family: 'Courier New', Courier, monospace; font-size: 60px; color: black;"">SIETE</span>",F,different,uppercase,baseline,5,3,SIETE,,,,,
261,1791195361504,05/10/2026 10:16:01,1791195361504,2,05/10/2026 12:16:01,283162,5,task-biuv,,58572850,,16708144,,complete,,,computer,Desktop or Laptop,Windows 10,Firefox 102.0,3840x2160,3840x1838,,,0,UCL - tarea 1 ,6,Group1,spreadsheet1,spreadsheet1,59,trial,Target,spx9cn,3,response,F,,828.5200000000186,816.6199999999953,828.5200000000186,828.5200000000186,816.6199999999953,828.5200000000186,1,0,0,,Keyboard Response,Respuesta,3,object-91,trial,,,,192,"<span style=""font-family: 'Courier New', Courier, monospace; font-size: 60px; color: black;"">cinco</span>",######,######,"<span style=""font-family: 'Courier New', Courier, monospace; font-size: 60px; color: black;"">SIETE</span>",F,different,uppercase,baseline,5,3,SIETE,,,,,
262,1791195361993,05/10/2026 10:16:01,1791195361993,2,05/10/2026 12:16:01,283162,5,task-biuv,,58572850,,16708144,,complete,,,computer,Desktop or Laptop,Windows 10,Firefox 102.0,3840x2160,3840x1838,,,0,UCL - tarea 1 ,6,Group1,spreadsheet1,spreadsheet1,59,trial,Blank,vybs3x,4,timedOut,,,500.9000000000233,499.9800000000396,500.9000000000233,500.9000000000233,499.9800000000396,500.9000000000233,1,0,0,,Time Limit,screen,0,screen,trial,,,,192,"<span style=""font-family: 'Courier New', Courier, monospace; font-size: 60px; color: black;"">cinco</span>",######,######,"<span style=""font-family: 'Courier New', Courier, monospace; font-size: 60px; color: black;"">SIETE</span>",F,different,uppercase,baseline,5,3,SIETE,,,,,
263,1791195362495,05/10/2026 10:16:02,1791195362495,2,05/10/2026 12:16:02,283162,5,task-biuv,,58572850,,16708144,,complete,,,computer,Desktop or Laptop,Windows 10,Firefox 102.0,3840x2160,3840x1838,,,0,UCL - tarea 1 ,6,Group1,spreadsheet1,spreadsheet1,60,trial,Fixation,w99rzd,1,continue,,,499.9799999999814,499.9799999999814,499.9799999999814,499.9799999999814,499.9799999999814,499.9799999999814,1,0,0,,Fixation Timing,Fixation Cross,1,object-125,trial,,,,169,"<span style=""font-family: 'Courier New', Courier, monospace; font-size: 60px; color: black;"">tres</span>",######,######,"<span style=""font-family: 'Courier New', Courier, monospace; font-size: 60px; color: black;"">TRES</span>",J,same,uppercase,baseline,3,3,TRES,,,,,
264,1791195362795,05/10/2026 10:16:02,1791195362795,2,05/10/2026 12:16:02,283162,5,task-biuv,,58572850,,16708144,,complete,,,computer,Desktop or Laptop,Windows 10,Firefox 102.0,3840x2160,3840x1838,,,0,UCL - tarea 1 ,6,Group1,spreadsheet1,spreadsheet1,60,trial,Reference,m6fryy,2,timedOut,,,301.9400000000023,299.9799999999814,301.9400000000023,301.9400000000023,299.9799999999814,301.9400000000023,1,0,0,,Time Limit,screen,0,screen,trial,,,,169,"<span style=""font-family: 'Courier New', Courier, monospace; font-size: 60px; color: black;"">tres</span>",######,######,"<span style=""font-family: 'Courier New', Courier, monospace; font-size: 60px; color: black;"">TRES</span>",J,same,uppercase,baseline,3,3,TRES,,,,,
265,1791195363456,05/10/2026 10:16:03,1791195363456,2,05/10/2026 12:16:03,283162,5,task-biuv,,58572850,,16708144,,complete,,,computer,Desktop or Laptop,Windows 10,Firefox 102.0,3840x2160,3840x1838,,,0,UCL - tarea 1 ,6,Group1,spreadsheet1,spreadsheet1,60,trial,Target,spx9cn,3,response,J,,663.960000000021,649.960000000021,663.960000000021,663.960000000021,649.960000000021,663.960000000021,1,0,0,,Keyboard Response,Respuesta,3,object-91,trial,,,,169,"<span style=""font-family: 'Courier New', Courier, monospace; font-size: 60px; color: black;"">tres</span>",######,######,"<span style=""font-family: 'Courier New', Courier, monospace; font-size: 60px; color: black;"">TRES</span>",J,same,uppercase,baseline,3,3,TRES,,,,,
266,1791195363943,05/10/2026 10:16:03,1791195363943,2,05/10/2026 12:16:03,283162,5,task-biuv,,58572850,,16708144,,complete,,,computer,Desktop or Laptop,Windows 10,Firefox 102.0,3840x2160,3840x1838,,,0,UCL - tarea 1 ,6,Group1,spreadsheet1,spreadsheet1,60,trial,Blank,vybs3x,4,timedOut,,,501,499.9799999999814,501,501,499.9799999999814,501,1,0,0,,Time Limit,screen,0,screen,trial,,,,169,"<span style=""font-family: 'Courier New', Courier, monospace; font-size: 60px; color: black;"">tres</span>",######,######,"<span style=""font-family: 'Courier New', Courier, monospace; font-size: 60px; color: black;"">TRES</span>",J,same,uppercase,baseline,3,3,TRES,,,,,
267,1791195367628,05/10/2026 10:16:07,1791195367628,2,05/10/2026 12:16:07,283162,5,task-biuv,,58572850,,16708144,,complete,,,computer,Desktop or Laptop,Windows 10,Firefox 102.0,3840x2160,3840x1838,,,0,UCL - tarea 1 ,6,Group1,spreadsheet1,spreadsheet1,1,Descanso,Descanso,1tm3p2,1,continue,,,3687.0200000000186,3683.140000000014,3687.0200000000186,3687.0200000000186,3683.140000000014,3687.0200000000186,1,0,0,,Click To Continue,Continue Button,2,object-322,Descanso,,,,,,,,,,,,,,,,,,,,
268,1791195369667,05/10/2026 10:16:09,1791195369667,2,05/10/2026 12:16:09,283162,5,task-biuv,,58572850,,16708144,,complete,,,computer,Desktop or Laptop,Windows 10,Firefox 102.0,3840x2160,3840x1838,,,0,UCL - tarea 1 ,6,Group1,spreadsheet1,spreadsheet1,1,Descanso,Recuerdo-instrucciones,1qq8ro,2,continue,,,2042.8800000000047,2033.2200000000303,2042.8800000000047,2042.8800000000047,2033.2200000000303,2042.8800000000047,1,0,0,,Click To Continue,Continue Button,2,object-326,Descanso,,,,,,,,,,,,,,,,,,,,
269,1791195370160,05/10/2026 10:16:10,1791195370160,2,05/10/2026 12:16:10,283162,5,task-biuv,,58572850,,16708144,,complete,,,computer,Desktop or Laptop,Windows 10,Firefox 102.0,3840x2160,3840x1838,,,0,UCL - tarea 1 ,6,Group1,spreadsheet1,spreadsheet1,61,trial,Fixation,w99rzd,1,continue,,,499.9799999999814,499.9799999999814,499.9799999999814,499.9799999999814,499.9799999999814,499.9799999999814,1,0,0,,Fixation Timing,Fixation Cross,1,object-125,trial,,,,68,"<span style=""font-family: 'Courier New', Courier, monospace; font-size: 60px; color: black;"">cuatro</span>",######,######,"<span style=""font-family: 'Courier New', Courier, monospace; font-size: 60px; color: black;"">NUEVE</span>",F,different,uppercase,baseline,4,3,NUEVE,,,,,
270,1791195370460,05/10/2026 10:16:10,1791195370460,2,05/10/2026 12:16:10,283162,5,task-biuv,,58572850,,16708144,,complete,,,computer,Desktop or Laptop,Windows 10,Firefox 102.0,3840x2160,3840x1838,,,0,UCL - tarea 1 ,6,Group1,spreadsheet1,spreadsheet1,61,trial,Reference,m6fryy,2,timedOut,,,301.679999999993,299.9799999999814,301.679999999993,301.679999999993,299.9799999999814,301.679999999993,1,0,0,,Time Limit,screen,0,screen,trial,,,,68,"<span style=""font-family: 'Courier New', Courier, monospace; font-size: 60px; color: black;"">cuatro</span>",######,######,"<span style=""font-family: 'Courier New', Courier, monospace; font-size: 60px; color: black;"">NUEVE</span>",F,different,uppercase,baseline,4,3,NUEVE,,,,,
271,1791195371097,05/10/2026 10:16:11,1791195371097,2,05/10/2026 12:16:11,283162,5,task-biuv,,58572850,,16708144,,complete,,,computer,Desktop or Laptop,Windows 10,Firefox 102.0,3840x2160,3840x1838,,,0,UCL - tarea 1 ,6,Group1,spreadsheet1,spreadsheet1,61,trial,Target,spx9cn,3,response,F,,638.7000000000116,633.2999999999884,638.7000000000116,638.7000000000116,633.2999999999884,638.7000000000116,1,0,0,,Keyboard Response,Respuesta,3,object-91,trial,,,,68,"<span style=""font-family: 'Courier New', Courier, monospace; font-size: 60px; color: black;"">cuatro</span>",######,######,"<span style=""font-family: 'Courier New', Courier, monospace; font-size: 60px; color: black;"">NUEVE</span>",F,different,uppercase,baseline,4,3,NUEVE,,,,,
272,1791195371594,05/10/2026 10:16:11,1791195371594,2,05/10/2026 12:16:11,283162,5,task-biuv,,58572850,,16708144,,complete,,,computer,Desktop or Laptop,Windows 10,Firefox 102.0,3840x2160,3840x1838,,,0,UCL - tarea 1 ,6,Group1,spreadsheet1,spreadsheet1,61,trial,Blank,vybs3x,4,timedOut,,,502.4000000000233,499.9800000000396,502.4000000000233,502.4000000000233,499.9800000000396,502.4000000000233,1,0,0,,Time Limit,screen,0,screen,trial,,,,68,"<span style=""font-family: 'Courier New', Courier, monospace; font-size: 60px; color: black;"">cuatro</span>",######,######,"<span style=""font-family: 'Courier New', Courier, monospace; font-size: 60px; color: black;"">NUEVE</span>",F,different,uppercase,baseline,4,3,NUEVE,,,,,
273,1791195372095,05/10/2026 10:16:12,1791195372095,2,05/10/2026 12:16:12,283162,5,task-biuv,,58572850,,16708144,,complete,,,computer,Desktop or Laptop,Windows 10,Firefox 102.0,3840x2160,3840x1838,,,0,UCL - tarea 1 ,6,Group1,spreadsheet1,spreadsheet1,62,trial,Fixation,w99rzd,1,continue,,,499.9799999999814,499.9799999999814,499.9799999999814,499.9799999999814,499.9799999999814,499.9799999999814,1,0,0,,Fixation Timing,Fixation Cross,1,object-125,trial,,,,72,"<span style=""font-family: 'Courier New', Courier, monospace; font-size: 60px; color: black;"">cinco</span>",######,######,"<span style=""font-family: 'Courier New', Courier, monospace; font-size: 60px; color: black;"">SIETE</span>",F,different,uppercase,baseline,5,3,SIETE,,,,,
274,1791195372395,05/10/2026 10:16:12,1791195372395,2,05/10/2026 12:16:12,283162,5,task-biuv,,58572850,,16708144,,complete,,,computer,Desktop or Laptop,Windows 10,Firefox 102.0,3840x2160,3840x1838,,,0,UCL - tarea 1 ,6,Group1,spreadsheet1,spreadsheet1,62,trial,Reference,m6fryy,2,timedOut,,,302.4400000000023,299.9799999999814,302.4400000000023,302.4400000000023,299.9799999999814,302.4400000000023,1,0,0,,Time Limit,screen,0,screen,trial,,,,72,"<span style=""font-family: 'Courier New', Courier, monospace; font-size: 60px; color: black;"">cinco</span>",######,######,"<span style=""font-family: 'Courier New', Courier, monospace; font-size: 60px; color: black;"">SIETE</span>",F,different,uppercase,baseline,5,3,SIETE,,,,,
275,1791195373152,05/10/2026 10:16:13,1791195373152,2,05/10/2026 12:16:13,283162,5,task-biuv,,58572850,,16708144,,complete,,,computer,Desktop or Laptop,Windows 10,Firefox 102.0,3840x2160,3840x1838,,,0,UCL - tarea 1 ,6,Group1,spreadsheet1,spreadsheet1,62,trial,Target,spx9cn,3,response,F,,760.460000000021,749.960000000021,760.460000000021,760.460000000021,749.960000000021,760.460000000021,1,0,0,,Keyboard Response,Respuesta,3,object-91,trial,,,,72,"<span style=""font-family: 'Courier New', Courier, monospace; font-size: 60px; color: black;"">cinco</span>",######,######,"<span style=""font-family: 'Courier New', Courier, monospace; font-size: 60px; color: black;"">SIETE</span>",F,different,uppercase,baseline,5,3,SIETE,,,,,
276,1791195373644,05/10/2026 10:16:13,1791195373644,2,05/10/2026 12:16:13,283162,5,task-biuv,,58572850,,16708144,,complete,,,computer,Desktop or Laptop,Windows 10,Firefox 102.0,3840x2160,3840x1838,,,0,UCL - tarea 1 ,6,Group1,spreadsheet1,spreadsheet1,62,trial,Blank,vybs3x,4,timedOut,,,503.5,499.9799999999814,503.5,503.5,499.9799999999814,503.5,1,0,0,,Time Limit,screen,0,screen,trial,,,,72,"<span style=""font-family: 'Courier New', Courier, monospace; font-size: 60px; color: black;"">cinco</span>",######,######,"<span style=""font-family: 'Courier New', Courier, monospace; font-size: 60px; color: black;"">SIETE</span>",F,different,uppercase,baseline,5,3,SIETE,,,,,
277,1791195374144,05/10/2026 10:16:14,1791195374144,2,05/10/2026 12:16:14,283162,5,task-biuv,,58572850,,16708144,,complete,,,computer,Desktop or Laptop,Windows 10,Firefox 102.0,3840x2160,3840x1838,,,0,UCL - tarea 1 ,6,Group1,spreadsheet1,spreadsheet1,63,trial,Fixation,w99rzd,1,continue,,,499.96000000002095,499.96000000002095,499.96000000002095,499.96000000002095,499.96000000002095,499.96000000002095,1,0,0,,Fixation Timing,Fixation Cross,1,object-125,trial,,,,190,"<span style=""font-family: 'Courier New', Courier, monospace; font-size: 60px; color: black;"">seis</span>",######,######,"<span style=""font-family: 'Courier New', Courier, monospace; font-size: 60px; color: black;"">TRES</span>",F,different,uppercase,baseline,6,3,TRES,,,,,
278,1791195374443,05/10/2026 10:16:14,1791195374443,2,05/10/2026 12:16:14,283162,5,task-biuv,,58572850,,16708144,,complete,,,computer,Desktop or Laptop,Windows 10,Firefox 102.0,3840x2160,3840x1838,,,0,UCL - tarea 1 ,6,Group1,spreadsheet1,spreadsheet1,63,trial,Reference,m6fryy,2,timedOut,,,301.5599999999977,299.9799999999814,301.5599999999977,301.5599999999977,299.9799999999814,301.5599999999977,1,0,0,,Time Limit,screen,0,screen,trial,,,,190,"<span style=""font-family: 'Courier New', Courier, monospace; font-size: 60px; color: black;"">seis</span>",######,######,"<span style=""font-family: 'Courier New', Courier, monospace; font-size: 60px; color: black;"">TRES</span>",F,different,uppercase,baseline,6,3,TRES,,,,,
279,1791195375374,05/10/2026 10:16:15,1791195375374,2,05/10/2026 12:16:15,283162,5,task-biuv,,58572850,,16708144,,complete,,,computer,Desktop or Laptop,Windows 10,Firefox 102.0,3840x2160,3840x1838,,,0,UCL - tarea 1 ,6,Group1,spreadsheet1,spreadsheet1,63,trial,Target,spx9cn,3,response,F,,932.5800000000163,916.6199999999953,932.5800000000163,932.5800000000163,916.6199999999953,932.5800000000163,1,0,0,,Keyboard Response,Respuesta,3,object-91,trial,,,,190,"<span style=""font-family: 'Courier New', Courier, monospace; font-size: 60px; color: black;"">seis</span>",######,######,"<span style=""font-family: 'Courier New', Courier, monospace; font-size: 60px; color: black;"">TRES</span>",F,different,uppercase,baseline,6,3,TRES,,,,,
280,1791195375860,05/10/2026 10:16:15,1791195375860,2,05/10/2026 12:16:15,283162,5,task-biuv,,58572850,,16708144,,complete,,,computer,Desktop or Laptop,Windows 10,Firefox 102.0,3840x2160,3840x1838,,,0,UCL - tarea 1 ,6,Group1,spreadsheet1,spreadsheet1,63,trial,Blank,vybs3x,4,timedOut,,,501.96000000002095,499.9800000000396,501.96000000002095,501.96000000002095,499.9800000000396,501.96000000002095,1,0,0,,Time Limit,screen,0,screen,trial,,,,190,"<span style=""font-family: 'Courier New', Courier, monospace; font-size: 60px; color: black;"">seis</span>",######,######,"<span style=""font-family: 'Courier New', Courier, monospace; font-size: 60px; color: black;"">TRES</span>",F,different,uppercase,baseline,6,3,TRES,,,,,
281,1791195376359,05/10/2026 10:16:16,1791195376359,2,05/10/2026 12:16:16,283162,5,task-biuv,,58572850,,16708144,,complete,,,computer,Desktop or Laptop,Windows 10,Firefox 102.0,3840x2160,3840x1838,,,0,UCL - tarea 1 ,6,Group1,spreadsheet1,spreadsheet1,64,trial,Fixation,w99rzd,1,continue,,,499.9799999999814,499.9799999999814,499.9799999999814,499.9799999999814,499.9799999999814,499.9799999999814,1,0,0,,Fixation Timing,Fixation Cross,1,object-125,trial,,,,185,"<span style=""font-family: 'Courier New', Courier, monospace; font-size: 60px; color: black;"">nueve</span>",######,######,"<span style=""font-family: 'Courier New', Courier, monospace; font-size: 60px; color: black;"">CUATRO</span>",F,different,uppercase,baseline,9,3,CUATRO,,,,,
282,1791195376659,05/10/2026 10:16:16,1791195376659,2,05/10/2026 12:16:16,283162,5,task-biuv,,58572850,,16708144,,complete,,,computer,Desktop or Laptop,Windows 10,Firefox 102.0,3840x2160,3840x1838,,,0,UCL - tarea 1 ,6,Group1,spreadsheet1,spreadsheet1,64,trial,Reference,m6fryy,2,timedOut,,,302,299.9799999999814,302,302,299.9799999999814,302,1,0,0,,Time Limit,screen,0,screen,trial,,,,185,"<span style=""font-family: 'Courier New', Courier, monospace; font-size: 60px; color: black;"">nueve</span>",######,######,"<span style=""font-family: 'Courier New', Courier, monospace; font-size: 60px; color: black;"">CUATRO</span>",F,different,uppercase,baseline,9,3,CUATRO,,,,,
283,1791195377472,05/10/2026 10:16:17,1791195377472,2,05/10/2026 12:16:17,283162,5,task-biuv,,58572850,,16708144,,complete,,,computer,Desktop or Laptop,Windows 10,Firefox 102.0,3840x2160,3840x1838,,,0,UCL - tarea 1 ,6,Group1,spreadsheet1,spreadsheet1,64,trial,Target,spx9cn,3,response,F,,813.0200000000186,799.960000000021,813.0200000000186,813.0200000000186,799.960000000021,813.0200000000186,1,0,0,,Keyboard Response,Respuesta,3,object-91,trial,,,,185,"<span style=""font-family: 'Courier New', Courier, monospace; font-size: 60px; color: black;"">nueve</span>",######,######,"<span style=""font-family: 'Courier New', Courier, monospace; font-size: 60px; color: black;"">CUATRO</span>",F,different,uppercase,baseline,9,3,CUATRO,,,,,
284,1791195377959,05/10/2026 10:16:17,1791195377959,2,05/10/2026 12:16:17,283162,5,task-biuv,,58572850,,16708144,,complete,,,computer,Desktop or Laptop,Windows 10,Firefox 102.0,3840x2160,3840x1838,,,0,UCL - tarea 1 ,6,Group1,spreadsheet1,spreadsheet1,64,trial,Blank,vybs3x,4,timedOut,,,502.0599999999977,499.9799999999814,502.0599999999977,502.0599999999977,499.9799999999814,502.0599999999977,1,0,0,,Time Limit,screen,0,screen,trial,,,,185,"<span style=""font-family: 'Courier New', Courier, monospace; font-size: 60px; color: black;"">nueve</span>",######,######,"<span style=""font-family: 'Courier New', Courier, monospace; font-size: 60px; color: black;"">CUATRO</span>",F,different,uppercase,baseline,9,3,CUATRO,,,,,
285,1791195378459,05/10/2026 10:16:18,1791195378459,2,05/10/2026 12:16:18,283162,5,task-biuv,,58572850,,16708144,,complete,,,computer,Desktop or Laptop,Windows 10,Firefox 102.0,3840x2160,3840x1838,,,0,UCL - tarea 1 ,6,Group1,spreadsheet1,spreadsheet1,65,trial,Fixation,w99rzd,1,continue,,,499.96000000002095,499.96000000002095,499.96000000002095,499.96000000002095,499.96000000002095,499.96000000002095,1,0,0,,Fixation Timing,Fixation Cross,1,object-125,trial,,,,52,"<span style=""font-family: 'Courier New', Courier, monospace; font-size: 60px; color: black;"">seis</span>",######,######,"<span style=""font-family: 'Courier New', Courier, monospace; font-size: 60px; color: black;"">SEIS</span>",J,same,uppercase,baseline,6,3,SEIS,,,,,
286,1791195378759,05/10/2026 10:16:18,1791195378759,2,05/10/2026 12:16:18,283162,5,task-biuv,,58572850,,16708144,,complete,,,computer,Desktop or Laptop,Windows 10,Firefox 102.0,3840x2160,3840x1838,,,0,UCL - tarea 1 ,6,Group1,spreadsheet1,spreadsheet1,65,trial,Reference,m6fryy,2,timedOut,,,302.11999999999534,301.5200000000186,302.11999999999534,302.11999999999534,301.5200000000186,302.11999999999534,1,0,0,,Time Limit,screen,0,screen,trial,,,,52,"<span style=""font-family: 'Courier New', Courier, monospace; font-size: 60px; color: black;"">seis</span>",######,######,"<span style=""font-family: 'Courier New', Courier, monospace; font-size: 60px; color: black;"">SEIS</span>",J,same,uppercase,baseline,6,3,SEIS,,,,,
287,1791195379510,05/10/2026 10:16:19,1791195379510,2,05/10/2026 12:16:19,283162,5,task-biuv,,58572850,,16708144,,complete,,,computer,Desktop or Laptop,Windows 10,Firefox 102.0,3840x2160,3840x1838,,,0,UCL - tarea 1 ,6,Group1,spreadsheet1,spreadsheet1,65,trial,Target,spx9cn,3,response,J,,752.5999999999767,749.9199999999837,752.5999999999767,752.5999999999767,749.9199999999837,752.5999999999767,1,0,0,,Keyboard Response,Respuesta,3,object-91,trial,,,,52,"<span style=""font-family: 'Courier New', Courier, monospace; font-size: 60px; color: black;"">seis</span>",######,######,"<span style=""font-family: 'Courier New', Courier, monospace; font-size: 60px; color: black;"">SEIS</span>",J,same,uppercase,baseline,6,3,SEIS,,,,,
288,1791195380009,05/10/2026 10:16:20,1791195380009,2,05/10/2026 12:16:20,283162,5,task-biuv,,58572850,,16708144,,complete,,,computer,Desktop or Laptop,Windows 10,Firefox 102.0,3840x2160,3840x1838,,,0,UCL - tarea 1 ,6,Group1,spreadsheet1,spreadsheet1,65,trial,Blank,vybs3x,4,timedOut,,,500.679999999993,499.96000000002095,500.679999999993,500.679999999993,499.96000000002095,500.679999999993,1,0,0,,Time Limit,screen,0,screen,trial,,,,52,"<span style=""font-family: 'Courier New', Courier, monospace; font-size: 60px; color: black;"">seis</span>",######,######,"<span style=""font-family: 'Courier New', Courier, monospace; font-size: 60px; color: black;"">SEIS</span>",J,same,uppercase,baseline,6,3,SEIS,,,,,
289,1791195380509,05/10/2026 10:16:20,1791195380509,2,05/10/2026 12:16:20,283162,5,task-biuv,,58572850,,16708144,,complete,,,computer,Desktop or Laptop,Windows 10,Firefox 102.0,3840x2160,3840x1838,,,0,UCL - tarea 1 ,6,Group1,spreadsheet1,spreadsheet1,66,trial,Fixation,w99rzd,1,continue,,,499.9799999999814,499.9799999999814,499.9799999999814,499.9799999999814,499.9799999999814,499.9799999999814,1,0,0,,Fixation Timing,Fixation Cross,1,object-125,trial,,,,187,"<span style=""font-family: 'Courier New', Courier, monospace; font-size: 60px; color: black;"">tres</span>",######,######,"<span style=""font-family: 'Courier New', Courier, monospace; font-size: 60px; color: black;"">SE1S</span>",F,different,leet,incongruent_leet,3,3,SE1S,,,,,
290,1791195380810,05/10/2026 10:16:20,1791195380810,2,05/10/2026 12:16:20,283162,5,task-biuv,,58572850,,16708144,,complete,,,computer,Desktop or Laptop,Windows 10,Firefox 102.0,3840x2160,3840x1838,,,0,UCL - tarea 1 ,6,Group1,spreadsheet1,spreadsheet1,66,trial,Reference,m6fryy,2,timedOut,,,300.7399999999907,299.9799999999814,300.7399999999907,300.7399999999907,299.9799999999814,300.7399999999907,1,0,0,,Time Limit,screen,0,screen,trial,,,,187,"<span style=""font-family: 'Courier New', Courier, monospace; font-size: 60px; color: black;"">tres</span>",######,######,"<span style=""font-family: 'Courier New', Courier, monospace; font-size: 60px; color: black;"">SE1S</span>",F,different,leet,incongruent_leet,3,3,SE1S,,,,,
291,1791195381583,05/10/2026 10:16:21,1791195381583,2,05/10/2026 12:16:21,283162,5,task-biuv,,58572850,,16708144,,complete,,,computer,Desktop or Laptop,Windows 10,Firefox 102.0,3840x2160,3840x1838,,,0,UCL - tarea 1 ,6,Group1,spreadsheet1,spreadsheet1,66,trial,Target,spx9cn,3,response,F,,773.7600000000093,766.640000000014,773.7600000000093,773.7600000000093,766.640000000014,773.7600000000093,1,0,0,,Keyboard Response,Respuesta,3,object-91,trial,,,,187,"<span style=""font-family: 'Courier New', Courier, monospace; font-size: 60px; color: black;"">tres</span>",######,######,"<span style=""font-family: 'Courier New', Courier, monospace; font-size: 60px; color: black;"">SE1S</span>",F,different,leet,incongruent_leet,3,3,SE1S,,,,,
292,1791195382076,05/10/2026 10:16:22,1791195382076,2,05/10/2026 12:16:22,283162,5,task-biuv,,58572850,,16708144,,complete,,,computer,Desktop or Laptop,Windows 10,Firefox 102.0,3840x2160,3840x1838,,,0,UCL - tarea 1 ,6,Group1,spreadsheet1,spreadsheet1,66,trial,Blank,vybs3x,4,timedOut,,,501.11999999999534,499.96000000002095,501.11999999999534,501.11999999999534,499.96000000002095,501.11999999999534,1,0,0,,Time Limit,screen,0,screen,trial,,,,187,"<span style=""font-family: 'Courier New', Courier, monospace; font-size: 60px; color: black;"">tres</span>",######,######,"<span style=""font-family: 'Courier New', Courier, monospace; font-size: 60px; color: black;"">SE1S</span>",F,different,leet,incongruent_leet,3,3,SE1S,,,,,
293,1791195382576,05/10/2026 10:16:22,1791195382576,2,05/10/2026 12:16:22,283162,5,task-biuv,,58572850,,16708144,,complete,,,computer,Desktop or Laptop,Windows 10,Firefox 102.0,3840x2160,3840x1838,,,0,UCL - tarea 1 ,6,Group1,spreadsheet1,spreadsheet1,67,trial,Fixation,w99rzd,1,continue,,,499.9799999999814,499.9799999999814,499.9799999999814,499.9799999999814,499.9799999999814,499.9799999999814,1,0,0,,Fixation Timing,Fixation Cross,1,object-125,trial,,,,67,"<span style=""font-family: 'Courier New', Courier, monospace; font-size: 60px; color: black;"">tres</span>",######,######,"<span style=""font-family: 'Courier New', Courier, monospace; font-size: 60px; color: black;"">SE1S</span>",F,different,leet,incongruent_leet,3,3,SE1S,,,,,
294,1791195382877,05/10/2026 10:16:22,1791195382877,2,05/10/2026 12:16:22,283162,5,task-biuv,,58572850,,16708144,,complete,,,computer,Desktop or Laptop,Windows 10,Firefox 102.0,3840x2160,3840x1838,,,0,UCL - tarea 1 ,6,Group1,spreadsheet1,spreadsheet1,67,trial,Reference,m6fryy,2,timedOut,,,301.179999999993,299.9799999999814,301.179999999993,301.179999999993,299.9799999999814,301.179999999993,1,0,0,,Time Limit,screen,0,screen,trial,,,,67,"<span style=""font-family: 'Courier New', Courier, monospace; font-size: 60px; color: black;"">tres</span>",######,######,"<span style=""font-family: 'Courier New', Courier, monospace; font-size: 60px; color: black;"">SE1S</span>",F,different,leet,incongruent_leet,3,3,SE1S,,,,,
295,1791195383658,05/10/2026 10:16:23,1791195383658,2,05/10/2026 12:16:23,283162,5,task-biuv,,58572850,,16708144,,complete,,,computer,Desktop or Laptop,Windows 10,Firefox 102.0,3840x2160,3840x1838,,,0,UCL - tarea 1 ,6,Group1,spreadsheet1,spreadsheet1,67,trial,Target,spx9cn,3,response,F,,782.2000000000116,766.6199999999953,782.2000000000116,782.2000000000116,766.6199999999953,782.2000000000116,1,0,0,,Keyboard Response,Respuesta,3,object-91,trial,,,,67,"<span style=""font-family: 'Courier New', Courier, monospace; font-size: 60px; color: black;"">tres</span>",######,######,"<span style=""font-family: 'Courier New', Courier, monospace; font-size: 60px; color: black;"">SE1S</span>",F,different,leet,incongruent_leet,3,3,SE1S,,,,,
296,1791195384143,05/10/2026 10:16:24,1791195384143,2,05/10/2026 12:16:24,283162,5,task-biuv,,58572850,,16708144,,complete,,,computer,Desktop or Laptop,Windows 10,Firefox 102.0,3840x2160,3840x1838,,,0,UCL - tarea 1 ,6,Group1,spreadsheet1,spreadsheet1,67,trial,Blank,vybs3x,4,timedOut,,,501.5800000000163,499.9800000000396,501.5800000000163,501.5800000000163,499.9800000000396,501.5800000000163,1,0,0,,Time Limit,screen,0,screen,trial,,,,67,"<span style=""font-family: 'Courier New', Courier, monospace; font-size: 60px; color: black;"">tres</span>",######,######,"<span style=""font-family: 'Courier New', Courier, monospace; font-size: 60px; color: black;"">SE1S</span>",F,different,leet,incongruent_leet,3,3,SE1S,,,,,
297,1791195384643,05/10/2026 10:16:24,1791195384643,2,05/10/2026 12:16:24,283162,5,task-biuv,,58572850,,16708144,,complete,,,computer,Desktop or Laptop,Windows 10,Firefox 102.0,3840x2160,3840x1838,,,0,UCL - tarea 1 ,6,Group1,spreadsheet1,spreadsheet1,68,trial,Fixation,w99rzd,1,continue,,,499.9799999999814,499.9799999999814,499.9799999999814,499.9799999999814,499.9799999999814,499.9799999999814,1,0,0,,Fixation Timing,Fixation Cross,1,object-125,trial,,,,182,"<span style=""font-family: 'Courier New', Courier, monospace; font-size: 60px; color: black;"">cuatro</span>",######,######,"<span style=""font-family: 'Courier New', Courier, monospace; font-size: 60px; color: black;"">NU3VE</span>",F,different,leet,incongruent_leet,4,3,NU3VE,,,,,
298,1791195384944,05/10/2026 10:16:24,1791195384944,2,05/10/2026 12:16:24,283162,5,task-biuv,,58572850,,16708144,,complete,,,computer,Desktop or Laptop,Windows 10,Firefox 102.0,3840x2160,3840x1838,,,0,UCL - tarea 1 ,6,Group1,spreadsheet1,spreadsheet1,68,trial,Reference,m6fryy,2,timedOut,,,301.61999999999534,299.9799999999814,301.61999999999534,301.61999999999534,299.9799999999814,301.61999999999534,1,0,0,,Time Limit,screen,0,screen,trial,,,,182,"<span style=""font-family: 'Courier New', Courier, monospace; font-size: 60px; color: black;"">cuatro</span>",######,######,"<span style=""font-family: 'Courier New', Courier, monospace; font-size: 60px; color: black;"">NU3VE</span>",F,different,leet,incongruent_leet,4,3,NU3VE,,,,,
299,1791195385760,05/10/2026 10:16:25,1791195385760,2,05/10/2026 12:16:25,283162,5,task-biuv,,58572850,,16708144,,complete,,,computer,Desktop or Laptop,Windows 10,Firefox 102.0,3840x2160,3840x1838,,,0,UCL - tarea 1 ,6,Group1,spreadsheet1,spreadsheet1,68,trial,Target,spx9cn,3,response,F,,816.6200000000536,799.960000000021,816.6200000000536,816.6200000000536,799.960000000021,816.6200000000536,1,0,0,,Keyboard Response,Respuesta,3,object-91,trial,,,,182,"<span style=""font-family: 'Courier New', Courier, monospace; font-size: 60px; color: black;"">cuatro</span>",######,######,"<span style=""font-family: 'Courier New', Courier, monospace; font-size: 60px; color: black;"">NU3VE</span>",F,different,leet,incongruent_leet,4,3,NU3VE,,,,,
300,1791195386243,05/10/2026 10:16:26,1791195386243,2,05/10/2026 12:16:26,283162,5,task-biuv,,58572850,,16708144,,complete,,,computer,Desktop or Laptop,Windows 10,Firefox 102.0,3840x2160,3840x1838,,,0,UCL - tarea 1 ,6,Group1,spreadsheet1,spreadsheet1,68,trial,Blank,vybs3x,4,timedOut,,,501.679999999993,499.9799999999814,501.679999999993,501.679999999993,499.9799999999814,501.679999999993,1,0,0,,Time Limit,screen,0,screen,trial,,,,182,"<span style=""font-family: 'Courier New', Courier, monospace; font-size: 60px; color: black;"">cuatro</span>",######,######,"<span style=""font-family: 'Courier New', Courier, monospace; font-size: 60px; color: black;"">NU3VE</span>",F,different,leet,incongruent_leet,4,3,NU3VE,,,,,
301,1791195386745,05/10/2026 10:16:26,1791195386745,2,05/10/2026 12:16:26,283162,5,task-biuv,,58572850,,16708144,,complete,,,computer,Desktop or Laptop,Windows 10,Firefox 102.0,3840x2160,3840x1838,,,0,UCL - tarea 1 ,6,Group1,spreadsheet1,spreadsheet1,69,trial,Fixation,w99rzd,1,continue,,,499.96000000002095,499.96000000002095,499.96000000002095,499.96000000002095,499.96000000002095,499.96000000002095,1,0,0,,Fixation Timing,Fixation Cross,1,object-125,trial,,,,60,"<span style=""font-family: 'Courier New', Courier, monospace; font-size: 60px; color: black;"">cinco</span>",######,######,"<span style=""font-family: 'Courier New', Courier, monospace; font-size: 60px; color: black;"">C1NCO</span>",J,same,leet,incongruent_leet,5,3,C1NCO,,,,,
302,1791195387044,05/10/2026 10:16:27,1791195387044,2,05/10/2026 12:16:27,283162,5,task-biuv,,58572850,,16708144,,complete,,,computer,Desktop or Laptop,Windows 10,Firefox 102.0,3840x2160,3840x1838,,,0,UCL - tarea 1 ,6,Group1,spreadsheet1,spreadsheet1,69,trial,Reference,m6fryy,2,timedOut,,,301.7399999999907,300,301.7399999999907,301.7399999999907,300,301.7399999999907,1,0,0,,Time Limit,screen,0,screen,trial,,,,60,"<span style=""font-family: 'Courier New', Courier, monospace; font-size: 60px; color: black;"">cinco</span>",######,######,"<span style=""font-family: 'Courier New', Courier, monospace; font-size: 60px; color: black;"">C1NCO</span>",J,same,leet,incongruent_leet,5,3,C1NCO,,,,,
303,1791195387729,05/10/2026 10:16:27,1791195387729,2,05/10/2026 12:16:27,283162,5,task-biuv,,58572850,,16708144,,complete,,,computer,Desktop or Laptop,Windows 10,Firefox 102.0,3840x2160,3840x1838,,,0,UCL - tarea 1 ,6,Group1,spreadsheet1,spreadsheet1,69,trial,Target,spx9cn,3,response,J,,686.7399999999907,683.2999999999884,686.7399999999907,686.7399999999907,683.2999999999884,686.7399999999907,1,0,0,,Keyboard Response,Respuesta,3,object-91,trial,,,,60,"<span style=""font-family: 'Courier New', Courier, monospace; font-size: 60px; color: black;"">cinco</span>",######,######,"<span style=""font-family: 'Courier New', Courier, monospace; font-size: 60px; color: black;"">C1NCO</span>",J,same,leet,incongruent_leet,5,3,C1NCO,,,,,
304,1791195388226,05/10/2026 10:16:28,1791195388226,2,05/10/2026 12:16:28,283162,5,task-biuv,,58572850,,16708144,,complete,,,computer,Desktop or Laptop,Windows 10,Firefox 102.0,3840x2160,3840x1838,,,0,UCL - tarea 1 ,6,Group1,spreadsheet1,spreadsheet1,69,trial,Blank,vybs3x,4,timedOut,,,501.4400000000023,499.96000000002095,501.4400000000023,501.4400000000023,499.96000000002095,501.4400000000023,1,0,0,,Time Limit,screen,0,screen,trial,,,,60,"<span style=""font-family: 'Courier New', Courier, monospace; font-size: 60px; color: black;"">cinco</span>",######,######,"<span style=""font-family: 'Courier New', Courier, monospace; font-size: 60px; color: black;"">C1NCO</span>",J,same,leet,incongruent_leet,5,3,C1NCO,,,,,
305,1791195388727,05/10/2026 10:16:28,1791195388727,2,05/10/2026 12:16:28,283162,5,task-biuv,,58572850,,16708144,,complete,,,computer,Desktop or Laptop,Windows 10,Firefox 102.0,3840x2160,3840x1838,,,0,UCL - tarea 1 ,6,Group1,spreadsheet1,spreadsheet1,70,trial,Fixation,w99rzd,1,continue,,,499.9799999999814,499.9799999999814,499.9799999999814,499.9799999999814,499.9799999999814,499.9799999999814,1,0,0,,Fixation Timing,Fixation Cross,1,object-125,trial,,,,53,"<span style=""font-family: 'Courier New', Courier, monospace; font-size: 60px; color: black;"">nueve</span>",######,######,"<span style=""font-family: 'Courier New', Courier, monospace; font-size: 60px; color: black;"">NU3VE</span>",J,same,leet,incongruent_leet,9,3,NU3VE,,,,,
306,1791195389026,05/10/2026 10:16:29,1791195389026,2,05/10/2026 12:16:29,283162,5,task-biuv,,58572850,,16708144,,complete,,,computer,Desktop or Laptop,Windows 10,Firefox 102.0,3840x2160,3840x1838,,,0,UCL - tarea 1 ,6,Group1,spreadsheet1,spreadsheet1,70,trial,Reference,m6fryy,2,timedOut,,,300.5,299.9799999999814,300.5,300.5,299.9799999999814,300.5,1,0,0,,Time Limit,screen,0,screen,trial,,,,53,"<span style=""font-family: 'Courier New', Courier, monospace; font-size: 60px; color: black;"">nueve</span>",######,######,"<span style=""font-family: 'Courier New', Courier, monospace; font-size: 60px; color: black;"">NU3VE</span>",J,same,leet,incongruent_leet,9,3,NU3VE,,,,,
307,1791195389647,05/10/2026 10:16:29,1791195389647,2,05/10/2026 12:16:29,283162,5,task-biuv,,58572850,,16708144,,complete,,,computer,Desktop or Laptop,Windows 10,Firefox 102.0,3840x2160,3840x1838,,,0,UCL - tarea 1 ,6,Group1,spreadsheet1,spreadsheet1,70,trial,Target,spx9cn,3,response,J,,622.5200000000186,616.640000000014,622.5200000000186,622.5200000000186,616.640000000014,622.5200000000186,1,0,0,,Keyboard Response,Respuesta,3,object-91,trial,,,,53,"<span style=""font-family: 'Courier New', Courier, monospace; font-size: 60px; color: black;"">nueve</span>",######,######,"<span style=""font-family: 'Courier New', Courier, monospace; font-size: 60px; color: black;"">NU3VE</span>",J,same,leet,incongruent_leet,9,3,NU3VE,,,,,
308,1791195390143,05/10/2026 10:16:30,1791195390143,2,05/10/2026 12:16:30,283162,5,task-biuv,,58572850,,16708144,,complete,,,computer,Desktop or Laptop,Windows 10,Firefox 102.0,3840x2160,3840x1838,,,0,UCL - tarea 1 ,6,Group1,spreadsheet1,spreadsheet1,70,trial,Blank,vybs3x,4,timedOut,,,500.88000000000466,499.9799999999814,500.88000000000466,500.88000000000466,499.9799999999814,500.88000000000466,1,0,0,,Time Limit,screen,0,screen,trial,,,,53,"<span style=""font-family: 'Courier New', Courier, monospace; font-size: 60px; color: black;"">nueve</span>",######,######,"<span style=""font-family: 'Courier New', Courier, monospace; font-size: 60px; color: black;"">NU3VE</span>",J,same,leet,incongruent_leet,9,3,NU3VE,,,,,
309,1791195390645,05/10/2026 10:16:30,1791195390645,2,05/10/2026 12:16:30,283162,5,task-biuv,,58572850,,16708144,,complete,,,computer,Desktop or Laptop,Windows 10,Firefox 102.0,3840x2160,3840x1838,,,0,UCL - tarea 1 ,6,Group1,spreadsheet1,spreadsheet1,71,trial,Fixation,w99rzd,1,continue,,,499.96000000002095,499.96000000002095,499.96000000002095,499.96000000002095,499.96000000002095,499.96000000002095,1,0,0,,Fixation Timing,Fixation Cross,1,object-125,trial,,,,51,"<span style=""font-family: 'Courier New', Courier, monospace; font-size: 60px; color: black;"">siete</span>",######,######,"<span style=""font-family: 'Courier New', Courier, monospace; font-size: 60px; color: black;"">SIE7E</span>",J,same,leet,congruent_leet,7,3,SIE7E,,,,,
310,1791195390944,05/10/2026 10:16:30,1791195390944,2,05/10/2026 12:16:30,283162,5,task-biuv,,58572850,,16708144,,complete,,,computer,Desktop or Laptop,Windows 10,Firefox 102.0,3840x2160,3840x1838,,,0,UCL - tarea 1 ,6,Group1,spreadsheet1,spreadsheet1,71,trial,Reference,m6fryy,2,timedOut,,,301.9400000000023,300,301.9400000000023,301.9400000000023,300,301.9400000000023,1,0,0,,Time Limit,screen,0,screen,trial,,,,51,"<span style=""font-family: 'Courier New', Courier, monospace; font-size: 60px; color: black;"">siete</span>",######,######,"<span style=""font-family: 'Courier New', Courier, monospace; font-size: 60px; color: black;"">SIE7E</span>",J,same,leet,congruent_leet,7,3,SIE7E,,,,,
311,1791195391872,05/10/2026 10:16:31,1791195391872,2,05/10/2026 12:16:31,283162,5,task-biuv,,58572850,,16708144,,complete,,,computer,Desktop or Laptop,Windows 10,Firefox 102.0,3840x2160,3840x1838,,,0,UCL - tarea 1 ,6,Group1,spreadsheet1,spreadsheet1,71,trial,Target,spx9cn,3,response,J,,929.9400000000023,916.5999999999767,929.9400000000023,929.9400000000023,916.5999999999767,929.9400000000023,1,0,0,,Keyboard Response,Respuesta,3,object-91,trial,,,,51,"<span style=""font-family: 'Courier New', Courier, monospace; font-size: 60px; color: black;"">siete</span>",######,######,"<span style=""font-family: 'Courier New', Courier, monospace; font-size: 60px; color: black;"">SIE7E</span>",J,same,leet,congruent_leet,7,3,SIE7E,,,,,
312,1791195392360,05/10/2026 10:16:32,1791195392360,2,05/10/2026 12:16:32,283162,5,task-biuv,,58572850,,16708144,,complete,,,computer,Desktop or Laptop,Windows 10,Firefox 102.0,3840x2160,3840x1838,,,0,UCL - tarea 1 ,6,Group1,spreadsheet1,spreadsheet1,71,trial,Blank,vybs3x,4,timedOut,,,501.3400000000256,499.9800000000396,501.3400000000256,501.3400000000256,499.9800000000396,501.3400000000256,1,0,0,,Time Limit,screen,0,screen,trial,,,,51,"<span style=""font-family: 'Courier New', Courier, monospace; font-size: 60px; color: black;"">siete</span>",######,######,"<span style=""font-family: 'Courier New', Courier, monospace; font-size: 60px; color: black;"">SIE7E</span>",J,same,leet,congruent_leet,7,3,SIE7E,,,,,
313,1791195392860,05/10/2026 10:16:32,1791195392860,2,05/10/2026 12:16:32,283162,5,task-biuv,,58572850,,16708144,,complete,,,computer,Desktop or Laptop,Windows 10,Firefox 102.0,3840x2160,3840x1838,,,0,UCL - tarea 1 ,6,Group1,spreadsheet1,spreadsheet1,72,trial,Fixation,w99rzd,1,continue,,,499.9799999999814,499.9799999999814,499.9799999999814,499.9799999999814,499.9799999999814,499.9799999999814,1,0,0,,Fixation Timing,Fixation Cross,1,object-125,trial,,,,177,"<span style=""font-family: 'Courier New', Courier, monospace; font-size: 60px; color: black;"">siete</span>",######,######,"<span style=""font-family: 'Courier New', Courier, monospace; font-size: 60px; color: black;"">SIETE</span>",J,same,uppercase,baseline,7,3,SIETE,,,,,
314,1791195393160,05/10/2026 10:16:33,1791195393160,2,05/10/2026 12:16:33,283162,5,task-biuv,,58572850,,16708144,,complete,,,computer,Desktop or Laptop,Windows 10,Firefox 102.0,3840x2160,3840x1838,,,0,UCL - tarea 1 ,6,Group1,spreadsheet1,spreadsheet1,72,trial,Reference,m6fryy,2,timedOut,,,301.38000000000466,299.9799999999814,301.38000000000466,301.38000000000466,299.9799999999814,301.38000000000466,1,0,0,,Time Limit,screen,0,screen,trial,,,,177,"<span style=""font-family: 'Courier New', Courier, monospace; font-size: 60px; color: black;"">siete</span>",######,######,"<span style=""font-family: 'Courier New', Courier, monospace; font-size: 60px; color: black;"">SIETE</span>",J,same,uppercase,baseline,7,3,SIETE,,,,,
315,1791195393848,05/10/2026 10:16:33,1791195393848,2,05/10/2026 12:16:33,283162,5,task-biuv,,58572850,,16708144,,complete,,,computer,Desktop or Laptop,Windows 10,Firefox 102.0,3840x2160,3840x1838,,,0,UCL - tarea 1 ,6,Group1,spreadsheet1,spreadsheet1,72,trial,Target,spx9cn,3,response,J,,689.4000000000233,683.3000000000466,689.4000000000233,689.4000000000233,683.3000000000466,689.4000000000233,1,0,0,,Keyboard Response,Respuesta,3,object-91,trial,,,,177,"<span style=""font-family: 'Courier New', Courier, monospace; font-size: 60px; color: black;"">siete</span>",######,######,"<span style=""font-family: 'Courier New', Courier, monospace; font-size: 60px; color: black;"">SIETE</span>",J,same,uppercase,baseline,7,3,SIETE,,,,,
316,1791195394343,05/10/2026 10:16:34,1791195394343,2,05/10/2026 12:16:34,283162,5,task-biuv,,58572850,,16708144,,complete,,,computer,Desktop or Laptop,Windows 10,Firefox 102.0,3840x2160,3840x1838,,,0,UCL - tarea 1 ,6,Group1,spreadsheet1,spreadsheet1,72,trial,Blank,vybs3x,4,timedOut,,,501.0999999999767,499.9799999999814,501.0999999999767,501.0999999999767,499.9799999999814,501.0999999999767,1,0,0,,Time Limit,screen,0,screen,trial,,,,177,"<span style=""font-family: 'Courier New', Courier, monospace; font-size: 60px; color: black;"">siete</span>",######,######,"<span style=""font-family: 'Courier New', Courier, monospace; font-size: 60px; color: black;"">SIETE</span>",J,same,uppercase,baseline,7,3,SIETE,,,,,
317,1791195394843,05/10/2026 10:16:34,1791195394843,2,05/10/2026 12:16:34,283162,5,task-biuv,,58572850,,16708144,,complete,,,computer,Desktop or Laptop,Windows 10,Firefox 102.0,3840x2160,3840x1838,,,0,UCL - tarea 1 ,6,Group1,spreadsheet1,spreadsheet1,73,trial,Fixation,w99rzd,1,continue,,,499.96000000002095,499.96000000002095,499.96000000002095,499.96000000002095,499.96000000002095,499.96000000002095,1,0,0,,Fixation Timing,Fixation Cross,1,object-125,trial,,,,197,"<span style=""font-family: 'Courier New', Courier, monospace; font-size: 60px; color: black;"">nueve</span>",######,######,"<span style=""font-family: 'Courier New', Courier, monospace; font-size: 60px; color: black;"">CUATRO</span>",F,different,uppercase,baseline,9,4,CUATRO,,,,,
318,1791195395144,05/10/2026 10:16:35,1791195395144,2,05/10/2026 12:16:35,283162,5,task-biuv,,58572850,,16708144,,complete,,,computer,Desktop or Laptop,Windows 10,Firefox 102.0,3840x2160,3840x1838,,,0,UCL - tarea 1 ,6,Group1,spreadsheet1,spreadsheet1,73,trial,Reference,m6fryy,2,timedOut,,,303.1599999999744,300,303.1599999999744,303.1599999999744,300,303.1599999999744,1,0,0,,Time Limit,screen,0,screen,trial,,,,197,"<span style=""font-family: 'Courier New', Courier, monospace; font-size: 60px; color: black;"">nueve</span>",######,######,"<span style=""font-family: 'Courier New', Courier, monospace; font-size: 60px; color: black;"">CUATRO</span>",F,different,uppercase,baseline,9,4,CUATRO,,,,,
319,1791195395777,05/10/2026 10:16:35,1791195395777,2,05/10/2026 12:16:35,283162,5,task-biuv,,58572850,,16708144,,complete,,,computer,Desktop or Laptop,Windows 10,Firefox 102.0,3840x2160,3840x1838,,,0,UCL - tarea 1 ,6,Group1,spreadsheet1,spreadsheet1,73,trial,Target,spx9cn,3,response,F,,633.2800000000279,616.6199999999953,633.2800000000279,633.2800000000279,616.6199999999953,633.2800000000279,1,0,0,,Keyboard Response,Respuesta,3,object-91,trial,,,,197,"<span style=""font-family: 'Courier New', Courier, monospace; font-size: 60px; color: black;"">nueve</span>",######,######,"<span style=""font-family: 'Courier New', Courier, monospace; font-size: 60px; color: black;"">CUATRO</span>",F,different,uppercase,baseline,9,4,CUATRO,,,,,
320,1791195396260,05/10/2026 10:16:36,1791195396260,2,05/10/2026 12:16:36,283162,5,task-biuv,,58572850,,16708144,,complete,,,computer,Desktop or Laptop,Windows 10,Firefox 102.0,3840x2160,3840x1838,,,0,UCL - tarea 1 ,6,Group1,spreadsheet1,spreadsheet1,73,trial,Blank,vybs3x,4,timedOut,,,502.53999999997905,499.9799999999814,502.53999999997905,502.53999999997905,499.9799999999814,502.53999999997905,1,0,0,,Time Limit,screen,0,screen,trial,,,,197,"<span style=""font-family: 'Courier New', Courier, monospace; font-size: 60px; color: black;"">nueve</span>",######,######,"<span style=""font-family: 'Courier New', Courier, monospace; font-size: 60px; color: black;"">CUATRO</span>",F,different,uppercase,baseline,9,4,CUATRO,,,,,
321,1791195396760,05/10/2026 10:16:36,1791195396760,2,05/10/2026 12:16:36,283162,5,task-biuv,,58572850,,16708144,,complete,,,computer,Desktop or Laptop,Windows 10,Firefox 102.0,3840x2160,3840x1838,,,0,UCL - tarea 1 ,6,Group1,spreadsheet1,spreadsheet1,74,trial,Fixation,w99rzd,1,continue,,,499.9799999999814,499.9799999999814,499.9799999999814,499.9799999999814,499.9799999999814,499.9799999999814,1,0,0,,Fixation Timing,Fixation Cross,1,object-125,trial,,,,184,"<span style=""font-family: 'Courier New', Courier, monospace; font-size: 60px; color: black;"">seis</span>",######,######,"<span style=""font-family: 'Courier New', Courier, monospace; font-size: 60px; color: black;"">SEIS</span>",J,same,uppercase,baseline,6,4,SEIS,,,,,
322,1791195397060,05/10/2026 10:16:37,1791195397060,2,05/10/2026 12:16:37,283162,5,task-biuv,,58572850,,16708144,,complete,,,computer,Desktop or Laptop,Windows 10,Firefox 102.0,3840x2160,3840x1838,,,0,UCL - tarea 1 ,6,Group1,spreadsheet1,spreadsheet1,74,trial,Reference,m6fryy,2,timedOut,,,302.5800000000163,299.9800000000396,302.5800000000163,302.5800000000163,299.9800000000396,302.5800000000163,1,0,0,,Time Limit,screen,0,screen,trial,,,,184,"<span style=""font-family: 'Courier New', Courier, monospace; font-size: 60px; color: black;"">seis</span>",######,######,"<span style=""font-family: 'Courier New', Courier, monospace; font-size: 60px; color: black;"">SEIS</span>",J,same,uppercase,baseline,6,4,SEIS,,,,,
323,1791195397608,05/10/2026 10:16:37,1791195397608,2,05/10/2026 12:16:37,283162,5,task-biuv,,58572850,,16708144,,complete,,,computer,Desktop or Laptop,Windows 10,Firefox 102.0,3840x2160,3840x1838,,,0,UCL - tarea 1 ,6,Group1,spreadsheet1,spreadsheet1,74,trial,Target,spx9cn,3,response,J,,549.960000000021,533.2999999999884,549.960000000021,549.960000000021,533.2999999999884,549.960000000021,1,0,0,,Keyboard Response,Respuesta,3,object-91,trial,,,,184,"<span style=""font-family: 'Courier New', Courier, monospace; font-size: 60px; color: black;"">seis</span>",######,######,"<span style=""font-family: 'Courier New', Courier, monospace; font-size: 60px; color: black;"">SEIS</span>",J,same,uppercase,baseline,6,4,SEIS,,,,,
324,1791195398094,05/10/2026 10:16:38,1791195398094,2,05/10/2026 12:16:38,283162,5,task-biuv,,58572850,,16708144,,complete,,,computer,Desktop or Laptop,Windows 10,Firefox 102.0,3840x2160,3840x1838,,,0,UCL - tarea 1 ,6,Group1,spreadsheet1,spreadsheet1,74,trial,Blank,vybs3x,4,timedOut,,,502.29999999998836,499.9799999999814,502.29999999998836,502.29999999998836,499.9799999999814,502.29999999998836,1,0,0,,Time Limit,screen,0,screen,trial,,,,184,"<span style=""font-family: 'Courier New', Courier, monospace; font-size: 60px; color: black;"">seis</span>",######,######,"<span style=""font-family: 'Courier New', Courier, monospace; font-size: 60px; color: black;"">SEIS</span>",J,same,uppercase,baseline,6,4,SEIS,,,,,
325,1791195398594,05/10/2026 10:16:38,1791195398594,2,05/10/2026 12:16:38,283162,5,task-biuv,,58572850,,16708144,,complete,,,computer,Desktop or Laptop,Windows 10,Firefox 102.0,3840x2160,3840x1838,,,0,UCL - tarea 1 ,6,Group1,spreadsheet1,spreadsheet1,75,trial,Fixation,w99rzd,1,continue,,,499.9799999999814,499.9799999999814,499.9799999999814,499.9799999999814,499.9799999999814,499.9799999999814,1,0,0,,Fixation Timing,Fixation Cross,1,object-125,trial,,,,73,"<span style=""font-family: 'Courier New', Courier, monospace; font-size: 60px; color: black;"">tres</span>",######,######,"<span style=""font-family: 'Courier New', Courier, monospace; font-size: 60px; color: black;"">TRES</span>",J,same,uppercase,baseline,3,4,TRES,,,,,
326,1791195398893,05/10/2026 10:16:38,1791195398893,2,05/10/2026 12:16:38,283162,5,task-biuv,,58572850,,16708144,,complete,,,computer,Desktop or Laptop,Windows 10,Firefox 102.0,3840x2160,3840x1838,,,0,UCL - tarea 1 ,6,Group1,spreadsheet1,spreadsheet1,75,trial,Reference,m6fryy,2,timedOut,,,302.3400000000256,299.9800000000396,302.3400000000256,302.3400000000256,299.9800000000396,302.3400000000256,1,0,0,,Time Limit,screen,0,screen,trial,,,,73,"<span style=""font-family: 'Courier New', Courier, monospace; font-size: 60px; color: black;"">tres</span>",######,######,"<span style=""font-family: 'Courier New', Courier, monospace; font-size: 60px; color: black;"">TRES</span>",J,same,uppercase,baseline,3,4,TRES,,,,,
327,1791195399743,05/10/2026 10:16:39,1791195399743,2,05/10/2026 12:16:39,283162,5,task-biuv,,58572850,,16708144,,complete,,,computer,Desktop or Laptop,Windows 10,Firefox 102.0,3840x2160,3840x1838,,,0,UCL - tarea 1 ,6,Group1,spreadsheet1,spreadsheet1,75,trial,Target,spx9cn,3,response,J,,849.9399999999441,833.2799999999697,849.9399999999441,849.9399999999441,833.2799999999697,849.9399999999441,1,0,0,,Keyboard Response,Respuesta,3,object-91,trial,,,,73,"<span style=""font-family: 'Courier New', Courier, monospace; font-size: 60px; color: black;"">tres</span>",######,######,"<span style=""font-family: 'Courier New', Courier, monospace; font-size: 60px; color: black;"">TRES</span>",J,same,uppercase,baseline,3,4,TRES,,,,,
328,1791195400226,05/10/2026 10:16:40,1791195400226,2,05/10/2026 12:16:40,283162,5,task-biuv,,58572850,,16708144,,complete,,,computer,Desktop or Laptop,Windows 10,Firefox 102.0,3840x2160,3840x1838,,,0,UCL - tarea 1 ,6,Group1,spreadsheet1,spreadsheet1,75,trial,Blank,vybs3x,4,timedOut,,,502.0800000000163,499.9800000000396,502.0800000000163,502.0800000000163,499.9800000000396,502.0800000000163,1,0,0,,Time Limit,screen,0,screen,trial,,,,73,"<span style=""font-family: 'Courier New', Courier, monospace; font-size: 60px; color: black;"">tres</span>",######,######,"<span style=""font-family: 'Courier New', Courier, monospace; font-size: 60px; color: black;"">TRES</span>",J,same,uppercase,baseline,3,4,TRES,,,,,
329,1791195400726,05/10/2026 10:16:40,1791195400726,2,05/10/2026 12:16:40,283162,5,task-biuv,,58572850,,16708144,,complete,,,computer,Desktop or Laptop,Windows 10,Firefox 102.0,3840x2160,3840x1838,,,0,UCL - tarea 1 ,6,Group1,spreadsheet1,spreadsheet1,76,trial,Fixation,w99rzd,1,continue,,,499.9799999999814,499.9799999999814,499.9799999999814,499.9799999999814,499.9799999999814,499.9799999999814,1,0,0,,Fixation Timing,Fixation Cross,1,object-125,trial,,,,90,"<span style=""font-family: 'Courier New', Courier, monospace; font-size: 60px; color: black;"">cinco</span>",######,######,"<span style=""font-family: 'Courier New', Courier, monospace; font-size: 60px; color: black;"">SIE7E</span>",F,different,leet,congruent_leet,5,4,SIE7E,,,,,
330,1791195401028,05/10/2026 10:16:41,1791195401028,2,05/10/2026 12:16:41,283162,5,task-biuv,,58572850,,16708144,,complete,,,computer,Desktop or Laptop,Windows 10,Firefox 102.0,3840x2160,3840x1838,,,0,UCL - tarea 1 ,6,Group1,spreadsheet1,spreadsheet1,76,trial,Reference,m6fryy,2,timedOut,,,302.11999999999534,299.9799999999814,302.11999999999534,302.11999999999534,299.9799999999814,302.11999999999534,1,0,0,,Time Limit,screen,0,screen,trial,,,,90,"<span style=""font-family: 'Courier New', Courier, monospace; font-size: 60px; color: black;"">cinco</span>",######,######,"<span style=""font-family: 'Courier New', Courier, monospace; font-size: 60px; color: black;"">SIE7E</span>",F,different,leet,congruent_leet,5,4,SIE7E,,,,,
331,1791195401747,05/10/2026 10:16:41,1791195401747,2,05/10/2026 12:16:41,283162,5,task-biuv,,58572850,,16708144,,complete,,,computer,Desktop or Laptop,Windows 10,Firefox 102.0,3840x2160,3840x1838,,,0,UCL - tarea 1 ,6,Group1,spreadsheet1,spreadsheet1,76,trial,Target,spx9cn,3,response,F,,722.140000000014,716.6199999999953,722.140000000014,722.140000000014,716.6199999999953,722.140000000014,1,0,0,,Keyboard Response,Respuesta,3,object-91,trial,,,,90,"<span style=""font-family: 'Courier New', Courier, monospace; font-size: 60px; color: black;"">cinco</span>",######,######,"<span style=""font-family: 'Courier New', Courier, monospace; font-size: 60px; color: black;"">SIE7E</span>",F,different,leet,congruent_leet,5,4,SIE7E,,,,,
332,1791195402244,05/10/2026 10:16:42,1791195402244,2,05/10/2026 12:16:42,283162,5,task-biuv,,58572850,,16708144,,complete,,,computer,Desktop or Laptop,Windows 10,Firefox 102.0,3840x2160,3840x1838,,,0,UCL - tarea 1 ,6,Group1,spreadsheet1,spreadsheet1,76,trial,Blank,vybs3x,4,timedOut,,,502.5200000000186,499.9800000000396,502.5200000000186,502.5200000000186,499.9800000000396,502.5200000000186,1,0,0,,Time Limit,screen,0,screen,trial,,,,90,"<span style=""font-family: 'Courier New', Courier, monospace; font-size: 60px; color: black;"">cinco</span>",######,######,"<span style=""font-family: 'Courier New', Courier, monospace; font-size: 60px; color: black;"">SIE7E</span>",F,different,leet,congruent_leet,5,4,SIE7E,,,,,
333,1791195402744,05/10/2026 10:16:42,1791195402744,2,05/10/2026 12:16:42,283162,5,task-biuv,,58572850,,16708144,,complete,,,computer,Desktop or Laptop,Windows 10,Firefox 102.0,3840x2160,3840x1838,,,0,UCL - tarea 1 ,6,Group1,spreadsheet1,spreadsheet1,77,trial,Fixation,w99rzd,1,continue,,,501.13999999995576,501.13999999995576,501.13999999995576,501.13999999995576,501.13999999995576,501.13999999995576,1,0,0,,Fixation Timing,Fixation Cross,1,object-125,trial,,,,199,"<span style=""font-family: 'Courier New', Courier, monospace; font-size: 60px; color: black;"">tres</span>",######,######,"<span style=""font-family: 'Courier New', Courier, monospace; font-size: 60px; color: black;"">SE1S</span>",F,different,leet,incongruent_leet,3,4,SE1S,,,,,
334,1791195403043,05/10/2026 10:16:43,1791195403043,2,05/10/2026 12:16:43,283162,5,task-biuv,,58572850,,16708144,,complete,,,computer,Desktop or Laptop,Windows 10,Firefox 102.0,3840x2160,3840x1838,,,0,UCL - tarea 1 ,6,Group1,spreadsheet1,spreadsheet1,77,trial,Reference,m6fryy,2,timedOut,,,300.4000000000233,299.9800000000396,300.4000000000233,300.4000000000233,299.9800000000396,300.4000000000233,1,0,0,,Time Limit,screen,0,screen,trial,,,,199,"<span style=""font-family: 'Courier New', Courier, monospace; font-size: 60px; color: black;"">tres</span>",######,######,"<span style=""font-family: 'Courier New', Courier, monospace; font-size: 60px; color: black;"">SE1S</span>",F,different,leet,incongruent_leet,3,4,SE1S,,,,,
335,1791195403784,05/10/2026 10:16:43,1791195403784,2,05/10/2026 12:16:43,283162,5,task-biuv,,58572850,,16708144,,complete,,,computer,Desktop or Laptop,Windows 10,Firefox 102.0,3840x2160,3840x1838,,,0,UCL - tarea 1 ,6,Group1,spreadsheet1,spreadsheet1,77,trial,Target,spx9cn,3,response,F,,742.4199999999837,733.2999999999884,742.4199999999837,742.4199999999837,733.2999999999884,742.4199999999837,1,0,0,,Keyboard Response,Respuesta,3,object-91,trial,,,,199,"<span style=""font-family: 'Courier New', Courier, monospace; font-size: 60px; color: black;"">tres</span>",######,######,"<span style=""font-family: 'Courier New', Courier, monospace; font-size: 60px; color: black;"">SE1S</span>",F,different,leet,incongruent_leet,3,4,SE1S,,,,,
336,1791195404276,05/10/2026 10:16:44,1791195404276,2,05/10/2026 12:16:44,283162,5,task-biuv,,58572850,,16708144,,complete,,,computer,Desktop or Laptop,Windows 10,Firefox 102.0,3840x2160,3840x1838,,,0,UCL - tarea 1 ,6,Group1,spreadsheet1,spreadsheet1,77,trial,Blank,vybs3x,4,timedOut,,,501.11999999999534,499.9799999999814,501.11999999999534,501.11999999999534,499.9799999999814,501.11999999999534,1,0,0,,Time Limit,screen,0,screen,trial,,,,199,"<span style=""font-family: 'Courier New', Courier, monospace; font-size: 60px; color: black;"">tres</span>",######,######,"<span style=""font-family: 'Courier New', Courier, monospace; font-size: 60px; color: black;"">SE1S</span>",F,different,leet,incongruent_leet,3,4,SE1S,,,,,
337,1791195404777,05/10/2026 10:16:44,1791195404777,2,05/10/2026 12:16:44,283162,5,task-biuv,,58572850,,16708144,,complete,,,computer,Desktop or Laptop,Windows 10,Firefox 102.0,3840x2160,3840x1838,,,0,UCL - tarea 1 ,6,Group1,spreadsheet1,spreadsheet1,78,trial,Fixation,w99rzd,1,continue,,,499.9800000000396,499.9800000000396,499.9800000000396,499.9800000000396,499.9800000000396,499.9800000000396,1,0,0,,Fixation Timing,Fixation Cross,1,object-125,trial,,,,186,"<span style=""font-family: 'Courier New', Courier, monospace; font-size: 60px; color: black;"">cinco</span>",######,######,"<span style=""font-family: 'Courier New', Courier, monospace; font-size: 60px; color: black;"">CINCO</span>",J,same,uppercase,baseline,5,4,CINCO,,,,,
338,1791195405076,05/10/2026 10:16:45,1791195405076,2,05/10/2026 12:16:45,283162,5,task-biuv,,58572850,,16708144,,complete,,,computer,Desktop or Laptop,Windows 10,Firefox 102.0,3840x2160,3840x1838,,,0,UCL - tarea 1 ,6,Group1,spreadsheet1,spreadsheet1,78,trial,Reference,m6fryy,2,timedOut,,,301.1599999999744,299.9799999999814,301.1599999999744,301.1599999999744,299.9799999999814,301.1599999999744,1,0,0,,Time Limit,screen,0,screen,trial,,,,186,"<span style=""font-family: 'Courier New', Courier, monospace; font-size: 60px; color: black;"">cinco</span>",######,######,"<span style=""font-family: 'Courier New', Courier, monospace; font-size: 60px; color: black;"">CINCO</span>",J,same,uppercase,baseline,5,4,CINCO,,,,,
339,1791195405776,05/10/2026 10:16:45,1791195405776,2,05/10/2026 12:16:45,283162,5,task-biuv,,58572850,,16708144,,complete,,,computer,Desktop or Laptop,Windows 10,Firefox 102.0,3840x2160,3840x1838,,,0,UCL - tarea 1 ,6,Group1,spreadsheet1,spreadsheet1,78,trial,Target,spx9cn,3,response,J,,699.9799999999814,683.2999999999884,699.9799999999814,699.9799999999814,683.2999999999884,699.9799999999814,1,0,0,,Keyboard Response,Respuesta,3,object-91,trial,,,,186,"<span style=""font-family: 'Courier New', Courier, monospace; font-size: 60px; color: black;"">cinco</span>",######,######,"<span style=""font-family: 'Courier New', Courier, monospace; font-size: 60px; color: black;"">CINCO</span>",J,same,uppercase,baseline,5,4,CINCO,,,,,
340,1791195406260,05/10/2026 10:16:46,1791195406260,2,05/10/2026 12:16:46,283162,5,task-biuv,,58572850,,16708144,,complete,,,computer,Desktop or Laptop,Windows 10,Firefox 102.0,3840x2160,3840x1838,,,0,UCL - tarea 1 ,6,Group1,spreadsheet1,spreadsheet1,78,trial,Blank,vybs3x,4,timedOut,,,500.88000000000466,499.96000000002095,500.88000000000466,500.88000000000466,499.96000000002095,500.88000000000466,1,0,0,,Time Limit,screen,0,screen,trial,,,,186,"<span style=""font-family: 'Courier New', Courier, monospace; font-size: 60px; color: black;"">cinco</span>",######,######,"<span style=""font-family: 'Courier New', Courier, monospace; font-size: 60px; color: black;"">CINCO</span>",J,same,uppercase,baseline,5,4,CINCO,,,,,
341,1791195406761,05/10/2026 10:16:46,1791195406761,2,05/10/2026 12:16:46,283162,5,task-biuv,,58572850,,16708144,,complete,,,computer,Desktop or Laptop,Windows 10,Firefox 102.0,3840x2160,3840x1838,,,0,UCL - tarea 1 ,6,Group1,spreadsheet1,spreadsheet1,79,trial,Fixation,w99rzd,1,continue,,,499.9799999999814,499.9799999999814,499.9799999999814,499.9799999999814,499.9799999999814,499.9799999999814,1,0,0,,Fixation Timing,Fixation Cross,1,object-125,trial,,,,78,"<span style=""font-family: 'Courier New', Courier, monospace; font-size: 60px; color: black;"">cinco</span>",######,######,"<span style=""font-family: 'Courier New', Courier, monospace; font-size: 60px; color: black;"">CINCO</span>",J,same,uppercase,baseline,5,4,CINCO,,,,,
342,1791195407060,05/10/2026 10:16:47,1791195407060,2,05/10/2026 12:16:47,283162,5,task-biuv,,58572850,,16708144,,complete,,,computer,Desktop or Laptop,Windows 10,Firefox 102.0,3840x2160,3840x1838,,,0,UCL - tarea 1 ,6,Group1,spreadsheet1,spreadsheet1,79,trial,Reference,m6fryy,2,timedOut,,,300.9400000000023,299.9799999999814,300.9400000000023,300.9400000000023,299.9799999999814,300.9400000000023,1,0,0,,Time Limit,screen,0,screen,trial,,,,78,"<span style=""font-family: 'Courier New', Courier, monospace; font-size: 60px; color: black;"">cinco</span>",######,######,"<span style=""font-family: 'Courier New', Courier, monospace; font-size: 60px; color: black;"">CINCO</span>",J,same,uppercase,baseline,5,4,CINCO,,,,,
343,1791195407543,05/10/2026 10:16:47,1791195407543,2,05/10/2026 12:16:47,283162,5,task-biuv,,58572850,,16708144,,complete,,,computer,Desktop or Laptop,Windows 10,Firefox 102.0,3840x2160,3840x1838,,,0,UCL - tarea 1 ,6,Group1,spreadsheet1,spreadsheet1,79,trial,Target,spx9cn,3,response,J,,483.29999999998836,466.64000000001397,483.29999999998836,483.29999999998836,466.64000000001397,483.29999999998836,1,0,0,,Keyboard Response,Respuesta,3,object-91,trial,,,,78,"<span style=""font-family: 'Courier New', Courier, monospace; font-size: 60px; color: black;"">cinco</span>",######,######,"<span style=""font-family: 'Courier New', Courier, monospace; font-size: 60px; color: black;"">CINCO</span>",J,same,uppercase,baseline,5,4,CINCO,,,,,
344,1791195408026,05/10/2026 10:16:48,1791195408026,2,05/10/2026 12:16:48,283162,5,task-biuv,,58572850,,16708144,,complete,,,computer,Desktop or Laptop,Windows 10,Firefox 102.0,3840x2160,3840x1838,,,0,UCL - tarea 1 ,6,Group1,spreadsheet1,spreadsheet1,79,trial,Blank,vybs3x,4,timedOut,,,500.320000000007,499.9799999999814,500.320000000007,500.320000000007,499.9799999999814,500.320000000007,1,0,0,,Time Limit,screen,0,screen,trial,,,,78,"<span style=""font-family: 'Courier New', Courier, monospace; font-size: 60px; color: black;"">cinco</span>",######,######,"<span style=""font-family: 'Courier New', Courier, monospace; font-size: 60px; color: black;"">CINCO</span>",J,same,uppercase,baseline,5,4,CINCO,,,,,
345,1791195408526,05/10/2026 10:16:48,1791195408526,2,05/10/2026 12:16:48,283162,5,task-biuv,,58572850,,16708144,,complete,,,computer,Desktop or Laptop,Windows 10,Firefox 102.0,3840x2160,3840x1838,,,0,UCL - tarea 1 ,6,Group1,spreadsheet1,spreadsheet1,80,trial,Fixation,w99rzd,1,continue,,,499.9800000000396,499.9800000000396,499.9800000000396,499.9800000000396,499.9800000000396,499.9800000000396,1,0,0,,Fixation Timing,Fixation Cross,1,object-125,trial,,,,182,"<span style=""font-family: 'Courier New', Courier, monospace; font-size: 60px; color: black;"">cuatro</span>",######,######,"<span style=""font-family: 'Courier New', Courier, monospace; font-size: 60px; color: black;"">CU4TRO</span>",J,same,leet,congruent_leet,4,4,CU4TRO,,,,,
346,1791195408827,05/10/2026 10:16:48,1791195408827,2,05/10/2026 12:16:48,283162,5,task-biuv,,58572850,,16708144,,complete,,,computer,Desktop or Laptop,Windows 10,Firefox 102.0,3840x2160,3840x1838,,,0,UCL - tarea 1 ,6,Group1,spreadsheet1,spreadsheet1,80,trial,Reference,m6fryy,2,timedOut,,,301.35999999998603,299.9799999999814,301.35999999998603,301.35999999998603,299.9799999999814,301.35999999998603,1,0,0,,Time Limit,screen,0,screen,trial,,,,182,"<span style=""font-family: 'Courier New', Courier, monospace; font-size: 60px; color: black;"">cuatro</span>",######,######,"<span style=""font-family: 'Courier New', Courier, monospace; font-size: 60px; color: black;"">CU4TRO</span>",J,same,leet,congruent_leet,4,4,CU4TRO,,,,,
347,1791195409481,05/10/2026 10:16:49,1791195409481,2,05/10/2026 12:16:49,283162,5,task-biuv,,58572850,,16708144,,complete,,,computer,Desktop or Laptop,Windows 10,Firefox 102.0,3840x2160,3840x1838,,,0,UCL - tarea 1 ,6,Group1,spreadsheet1,spreadsheet1,80,trial,Target,spx9cn,3,response,J,,655.3800000000047,649.960000000021,655.3800000000047,655.3800000000047,649.960000000021,655.3800000000047,1,0,0,,Keyboard Response,Respuesta,3,object-91,trial,,,,182,"<span style=""font-family: 'Courier New', Courier, monospace; font-size: 60px; color: black;"">cuatro</span>",######,######,"<span style=""font-family: 'Courier New', Courier, monospace; font-size: 60px; color: black;"">CU4TRO</span>",J,same,leet,congruent_leet,4,4,CU4TRO,,,,,
348,1791195409977,05/10/2026 10:16:49,1791195409977,2,05/10/2026 12:16:49,283162,5,task-biuv,,58572850,,16708144,,complete,,,computer,Desktop or Laptop,Windows 10,Firefox 102.0,3840x2160,3840x1838,,,0,UCL - tarea 1 ,6,Group1,spreadsheet1,spreadsheet1,80,trial,Blank,vybs3x,4,timedOut,,,501.4199999999837,499.9799999999814,501.4199999999837,501.4199999999837,499.9799999999814,501.4199999999837,1,0,0,,Time Limit,screen,0,screen,trial,,,,182,"<span style=""font-family: 'Courier New', Courier, monospace; font-size: 60px; color: black;"">cuatro</span>",######,######,"<span style=""font-family: 'Courier New', Courier, monospace; font-size: 60px; color: black;"">CU4TRO</span>",J,same,leet,congruent_leet,4,4,CU4TRO,,,,,
349,1791195410476,05/10/2026 10:16:50,1791195410476,2,05/10/2026 12:16:50,283162,5,task-biuv,,58572850,,16708144,,complete,,,computer,Desktop or Laptop,Windows 10,Firefox 102.0,3840x2160,3840x1838,,,0,UCL - tarea 1 ,6,Group1,spreadsheet1,spreadsheet1,81,trial,Fixation,w99rzd,1,continue,,,499.9799999999814,499.9799999999814,499.9799999999814,499.9799999999814,499.9799999999814,499.9799999999814,1,0,0,,Fixation Timing,Fixation Cross,1,object-125,trial,,,,82,"<span style=""font-family: 'Courier New', Courier, monospace; font-size: 60px; color: black;"">seis</span>",######,######,"<span style=""font-family: 'Courier New', Courier, monospace; font-size: 60px; color: black;"">SE1S</span>",J,same,leet,incongruent_leet,6,4,SE1S,,,,,
350,1791195410776,05/10/2026 10:16:50,1791195410776,2,05/10/2026 12:16:50,283162,5,task-biuv,,58572850,,16708144,,complete,,,computer,Desktop or Laptop,Windows 10,Firefox 102.0,3840x2160,3840x1838,,,0,UCL - tarea 1 ,6,Group1,spreadsheet1,spreadsheet1,81,trial,Reference,m6fryy,2,timedOut,,,300.46000000002095,299.9800000000396,300.46000000002095,300.46000000002095,299.9800000000396,300.46000000002095,1,0,0,,Time Limit,screen,0,screen,trial,,,,82,"<span style=""font-family: 'Courier New', Courier, monospace; font-size: 60px; color: black;"">seis</span>",######,######,"<span style=""font-family: 'Courier New', Courier, monospace; font-size: 60px; color: black;"">SE1S</span>",J,same,leet,incongruent_leet,6,4,SE1S,,,,,
351,1791195411368,05/10/2026 10:16:51,1791195411368,2,05/10/2026 12:16:51,283162,5,task-biuv,,58572850,,16708144,,complete,,,computer,Desktop or Laptop,Windows 10,Firefox 102.0,3840x2160,3840x1838,,,0,UCL - tarea 1 ,6,Group1,spreadsheet1,spreadsheet1,81,trial,Target,spx9cn,3,response,J,,592.4799999999814,583.2999999999884,592.4799999999814,592.4799999999814,583.2999999999884,592.4799999999814,1,0,0,,Keyboard Response,Respuesta,3,object-91,trial,,,,82,"<span style=""font-family: 'Courier New', Courier, monospace; font-size: 60px; color: black;"">seis</span>",######,######,"<span style=""font-family: 'Courier New', Courier, monospace; font-size: 60px; color: black;"">SE1S</span>",J,same,leet,incongruent_leet,6,4,SE1S,,,,,
352,1791195411860,05/10/2026 10:16:51,1791195411860,2,05/10/2026 12:16:51,283162,5,task-biuv,,58572850,,16708144,,complete,,,computer,Desktop or Laptop,Windows 10,Firefox 102.0,3840x2160,3840x1838,,,0,UCL - tarea 1 ,6,Group1,spreadsheet1,spreadsheet1,81,trial,Blank,vybs3x,4,timedOut,,,501.179999999993,499.9799999999814,501.179999999993,501.179999999993,499.9799999999814,501.179999999993,1,0,0,,Time Limit,screen,0,screen,trial,,,,82,"<span style=""font-family: 'Courier New', Courier, monospace; font-size: 60px; color: black;"">seis</span>",######,######,"<span style=""font-family: 'Courier New', Courier, monospace; font-size: 60px; color: black;"">SE1S</span>",J,same,leet,incongruent_leet,6,4,SE1S,,,,,
353,1791195412359,05/10/2026 10:16:52,1791195412359,2,05/10/2026 12:16:52,283162,5,task-biuv,,58572850,,16708144,,complete,,,computer,Desktop or Laptop,Windows 10,Firefox 102.0,3840x2160,3840x1838,,,0,UCL - tarea 1 ,6,Group1,spreadsheet1,spreadsheet1,82,trial,Fixation,w99rzd,1,continue,,,499.96000000002095,499.96000000002095,499.96000000002095,499.96000000002095,499.96000000002095,499.96000000002095,1,0,0,,Fixation Timing,Fixation Cross,1,object-125,trial,,,,80,"<span style=""font-family: 'Courier New', Courier, monospace; font-size: 60px; color: black;"">cuatro</span>",######,######,"<span style=""font-family: 'Courier New', Courier, monospace; font-size: 60px; color: black;"">CUATRO</span>",J,same,uppercase,baseline,4,4,CUATRO,,,,,
354,1791195412661,05/10/2026 10:16:52,1791195412661,2,05/10/2026 12:16:52,283162,5,task-biuv,,58572850,,16708144,,complete,,,computer,Desktop or Laptop,Windows 10,Firefox 102.0,3840x2160,3840x1838,,,0,UCL - tarea 1 ,6,Group1,spreadsheet1,spreadsheet1,82,trial,Reference,m6fryy,2,timedOut,,,301.2399999999907,300.45999999996275,301.2399999999907,301.2399999999907,300.45999999996275,301.2399999999907,1,0,0,,Time Limit,screen,0,screen,trial,,,,80,"<span style=""font-family: 'Courier New', Courier, monospace; font-size: 60px; color: black;"">cuatro</span>",######,######,"<span style=""font-family: 'Courier New', Courier, monospace; font-size: 60px; color: black;"">CUATRO</span>",J,same,uppercase,baseline,4,4,CUATRO,,,,,
355,1791195413184,05/10/2026 10:16:53,1791195413184,2,05/10/2026 12:16:53,283162,5,task-biuv,,58572850,,16708144,,complete,,,computer,Desktop or Laptop,Windows 10,Firefox 102.0,3840x2160,3840x1838,,,0,UCL - tarea 1 ,6,Group1,spreadsheet1,spreadsheet1,82,trial,Target,spx9cn,3,response,J,,525.7800000000279,516.640000000014,525.7800000000279,525.7800000000279,516.640000000014,525.7800000000279,1,0,0,,Keyboard Response,Respuesta,3,object-91,trial,,,,80,"<span style=""font-family: 'Courier New', Courier, monospace; font-size: 60px; color: black;"">cuatro</span>",######,######,"<span style=""font-family: 'Courier New', Courier, monospace; font-size: 60px; color: black;"">CUATRO</span>",J,same,uppercase,baseline,4,4,CUATRO,,,,,
356,1791195413676,05/10/2026 10:16:53,1791195413676,2,05/10/2026 12:16:53,283162,5,task-biuv,,58572850,,16708144,,complete,,,computer,Desktop or Laptop,Windows 10,Firefox 102.0,3840x2160,3840x1838,,,0,UCL - tarea 1 ,6,Group1,spreadsheet1,spreadsheet1,82,trial,Blank,vybs3x,4,timedOut,,,501.14000000001397,499.9800000000396,501.14000000001397,501.14000000001397,499.9800000000396,501.14000000001397,1,0,0,,Time Limit,screen,0,screen,trial,,,,80,"<span style=""font-family: 'Courier New', Courier, monospace; font-size: 60px; color: black;"">cuatro</span>",######,######,"<span style=""font-family: 'Courier New', Courier, monospace; font-size: 60px; color: black;"">CUATRO</span>",J,same,uppercase,baseline,4,4,CUATRO,,,,,
357,1791195414177,05/10/2026 10:16:54,1791195414177,2,05/10/2026 12:16:54,283162,5,task-biuv,,58572850,,16708144,,complete,,,computer,Desktop or Laptop,Windows 10,Firefox 102.0,3840x2160,3840x1838,,,0,UCL - tarea 1 ,6,Group1,spreadsheet1,spreadsheet1,83,trial,Fixation,w99rzd,1,continue,,,499.9799999999814,499.9799999999814,499.9799999999814,499.9799999999814,499.9799999999814,499.9799999999814,1,0,0,,Fixation Timing,Fixation Cross,1,object-125,trial,,,,204,"<span style=""font-family: 'Courier New', Courier, monospace; font-size: 60px; color: black;"">cinco</span>",######,######,"<span style=""font-family: 'Courier New', Courier, monospace; font-size: 60px; color: black;"">SIETE</span>",F,different,uppercase,baseline,5,4,SIETE,,,,,
358,1791195414475,05/10/2026 10:16:54,1791195414475,2,05/10/2026 12:16:54,283162,5,task-biuv,,58572850,,16708144,,complete,,,computer,Desktop or Laptop,Windows 10,Firefox 102.0,3840x2160,3840x1838,,,0,UCL - tarea 1 ,6,Group1,spreadsheet1,spreadsheet1,83,trial,Reference,m6fryy,2,timedOut,,,301.179999999993,299.9799999999814,301.179999999993,301.179999999993,299.9799999999814,301.179999999993,1,0,0,,Time Limit,screen,0,screen,trial,,,,204,"<span style=""font-family: 'Courier New', Courier, monospace; font-size: 60px; color: black;"">cinco</span>",######,######,"<span style=""font-family: 'Courier New', Courier, monospace; font-size: 60px; color: black;"">SIETE</span>",F,different,uppercase,baseline,5,4,SIETE,,,,,
359,1791195415133,05/10/2026 10:16:55,1791195415133,2,05/10/2026 12:16:55,283162,5,task-biuv,,58572850,,16708144,,complete,,,computer,Desktop or Laptop,Windows 10,Firefox 102.0,3840x2160,3840x1838,,,0,UCL - tarea 1 ,6,Group1,spreadsheet1,spreadsheet1,83,trial,Target,spx9cn,3,response,F,,657.2000000000116,649.960000000021,657.2000000000116,657.2000000000116,649.960000000021,657.2000000000116,1,0,0,,Keyboard Response,Respuesta,3,object-91,trial,,,,204,"<span style=""font-family: 'Courier New', Courier, monospace; font-size: 60px; color: black;"">cinco</span>",######,######,"<span style=""font-family: 'Courier New', Courier, monospace; font-size: 60px; color: black;"">SIETE</span>",F,different,uppercase,baseline,5,4,SIETE,,,,,
360,1791195415626,05/10/2026 10:16:55,1791195415626,2,05/10/2026 12:16:55,283162,5,task-biuv,,58572850,,16708144,,complete,,,computer,Desktop or Laptop,Windows 10,Firefox 102.0,3840x2160,3840x1838,,,0,UCL - tarea 1 ,6,Group1,spreadsheet1,spreadsheet1,83,trial,Blank,vybs3x,4,timedOut,,,500.2399999999907,499.9799999999814,500.2399999999907,500.2399999999907,499.9799999999814,500.2399999999907,1,0,0,,Time Limit,screen,0,screen,trial,,,,204,"<span style=""font-family: 'Courier New', Courier, monospace; font-size: 60px; color: black;"">cinco</span>",######,######,"<span style=""font-family: 'Courier New', Courier, monospace; font-size: 60px; color: black;"">SIETE</span>",F,different,uppercase,baseline,5,4,SIETE,,,,,
361,1791195416127,05/10/2026 10:16:56,1791195416127,2,05/10/2026 12:16:56,283162,5,task-biuv,,58572850,,16708144,,complete,,,computer,Desktop or Laptop,Windows 10,Firefox 102.0,3840x2160,3840x1838,,,0,UCL - tarea 1 ,6,Group1,spreadsheet1,spreadsheet1,84,trial,Fixation,w99rzd,1,continue,,,499.9799999999814,499.9799999999814,499.9799999999814,499.9799999999814,499.9799999999814,499.9799999999814,1,0,0,,Fixation Timing,Fixation Cross,1,object-125,trial,,,,187,"<span style=""font-family: 'Courier New', Courier, monospace; font-size: 60px; color: black;"">tres</span>",######,######,"<span style=""font-family: 'Courier New', Courier, monospace; font-size: 60px; color: black;"">TR3S</span>",J,same,leet,congruent_leet,3,4,TR3S,,,,,
362,1791195416427,05/10/2026 10:16:56,1791195416427,2,05/10/2026 12:16:56,283162,5,task-biuv,,58572850,,16708144,,complete,,,computer,Desktop or Laptop,Windows 10,Firefox 102.0,3840x2160,3840x1838,,,0,UCL - tarea 1 ,6,Group1,spreadsheet1,spreadsheet1,84,trial,Reference,m6fryy,2,timedOut,,,301.28000000002794,299.9800000000396,301.28000000002794,301.28000000002794,299.9800000000396,301.28000000002794,1,0,0,,Time Limit,screen,0,screen,trial,,,,187,"<span style=""font-family: 'Courier New', Courier, monospace; font-size: 60px; color: black;"">tres</span>",######,######,"<span style=""font-family: 'Courier New', Courier, monospace; font-size: 60px; color: black;"">TR3S</span>",J,same,leet,congruent_leet,3,4,TR3S,,,,,
363,1791195417031,05/10/2026 10:16:57,1791195417031,2,05/10/2026 12:16:57,283162,5,task-biuv,,58572850,,16708144,,complete,,,computer,Desktop or Laptop,Windows 10,Firefox 102.0,3840x2160,3840x1838,,,0,UCL - tarea 1 ,6,Group1,spreadsheet1,spreadsheet1,84,trial,Target,spx9cn,3,response,J,,606.2999999999884,599.9599999999627,606.2999999999884,606.2999999999884,599.9599999999627,606.2999999999884,1,0,0,,Keyboard Response,Respuesta,3,object-91,trial,,,,187,"<span style=""font-family: 'Courier New', Courier, monospace; font-size: 60px; color: black;"">tres</span>",######,######,"<span style=""font-family: 'Courier New', Courier, monospace; font-size: 60px; color: black;"">TR3S</span>",J,same,leet,congruent_leet,3,4,TR3S,,,,,
364,1791195417526,05/10/2026 10:16:57,1791195417526,2,05/10/2026 12:16:57,283162,5,task-biuv,,58572850,,16708144,,complete,,,computer,Desktop or Laptop,Windows 10,Firefox 102.0,3840x2160,3840x1838,,,0,UCL - tarea 1 ,6,Group1,spreadsheet1,spreadsheet1,84,trial,Blank,vybs3x,4,timedOut,,,500.3400000000256,499.9800000000396,500.3400000000256,500.3400000000256,499.9800000000396,500.3400000000256,1,0,0,,Time Limit,screen,0,screen,trial,,,,187,"<span style=""font-family: 'Courier New', Courier, monospace; font-size: 60px; color: black;"">tres</span>",######,######,"<span style=""font-family: 'Courier New', Courier, monospace; font-size: 60px; color: black;"">TR3S</span>",J,same,leet,congruent_leet,3,4,TR3S,,,,,
365,1791195418027,05/10/2026 10:16:58,1791195418027,2,05/10/2026 12:16:58,283162,5,task-biuv,,58572850,,16708144,,complete,,,computer,Desktop or Laptop,Windows 10,Firefox 102.0,3840x2160,3840x1838,,,0,UCL - tarea 1 ,6,Group1,spreadsheet1,spreadsheet1,85,trial,Fixation,w99rzd,1,continue,,,499.9799999999814,499.9799999999814,499.9799999999814,499.9799999999814,499.9799999999814,499.9799999999814,1,0,0,,Fixation Timing,Fixation Cross,1,object-125,trial,,,,86,"<span style=""font-family: 'Courier New', Courier, monospace; font-size: 60px; color: black;"">cuatro</span>",######,######,"<span style=""font-family: 'Courier New', Courier, monospace; font-size: 60px; color: black;"">NU3VE</span>",F,different,leet,incongruent_leet,4,4,NU3VE,,,,,
366,1791195418326,05/10/2026 10:16:58,1791195418326,2,05/10/2026 12:16:58,283162,5,task-biuv,,58572850,,16708144,,complete,,,computer,Desktop or Laptop,Windows 10,Firefox 102.0,3840x2160,3840x1838,,,0,UCL - tarea 1 ,6,Group1,spreadsheet1,spreadsheet1,85,trial,Reference,m6fryy,2,timedOut,,,301.38000000000466,299.9799999999814,301.38000000000466,301.38000000000466,299.9799999999814,301.38000000000466,1,0,0,,Time Limit,screen,0,screen,trial,,,,86,"<span style=""font-family: 'Courier New', Courier, monospace; font-size: 60px; color: black;"">cuatro</span>",######,######,"<span style=""font-family: 'Courier New', Courier, monospace; font-size: 60px; color: black;"">NU3VE</span>",F,different,leet,incongruent_leet,4,4,NU3VE,,,,,
367,1791195418936,05/10/2026 10:16:58,1791195418936,2,05/10/2026 12:16:58,283162,5,task-biuv,,58572850,,16708144,,complete,,,computer,Desktop or Laptop,Windows 10,Firefox 102.0,3840x2160,3840x1838,,,0,UCL - tarea 1 ,6,Group1,spreadsheet1,spreadsheet1,85,trial,Target,spx9cn,3,response,F,,610.4000000000233,599.960000000021,610.4000000000233,610.4000000000233,599.960000000021,610.4000000000233,1,0,0,,Keyboard Response,Respuesta,3,object-91,trial,,,,86,"<span style=""font-family: 'Courier New', Courier, monospace; font-size: 60px; color: black;"">cuatro</span>",######,######,"<span style=""font-family: 'Courier New', Courier, monospace; font-size: 60px; color: black;"">NU3VE</span>",F,different,leet,incongruent_leet,4,4,NU3VE,,,,,
368,1791195419426,05/10/2026 10:16:59,1791195419426,2,05/10/2026 12:16:59,283162,5,task-biuv,,58572850,,16708144,,complete,,,computer,Desktop or Laptop,Windows 10,Firefox 102.0,3840x2160,3840x1838,,,0,UCL - tarea 1 ,6,Group1,spreadsheet1,spreadsheet1,85,trial,Blank,vybs3x,4,timedOut,,,501.4400000000023,499.9799999999814,501.4400000000023,501.4400000000023,499.9799999999814,501.4400000000023,1,0,0,,Time Limit,screen,0,screen,trial,,,,86,"<span style=""font-family: 'Courier New', Courier, monospace; font-size: 60px; color: black;"">cuatro</span>",######,######,"<span style=""font-family: 'Courier New', Courier, monospace; font-size: 60px; color: black;"">NU3VE</span>",F,different,leet,incongruent_leet,4,4,NU3VE,,,,,
369,1791195419927,05/10/2026 10:16:59,1791195419927,2,05/10/2026 12:16:59,283162,5,task-biuv,,58572850,,16708144,,complete,,,computer,Desktop or Laptop,Windows 10,Firefox 102.0,3840x2160,3840x1838,,,0,UCL - tarea 1 ,6,Group1,spreadsheet1,spreadsheet1,86,trial,Fixation,w99rzd,1,continue,,,499.9800000000396,499.9800000000396,499.9800000000396,499.9800000000396,499.9800000000396,499.9800000000396,1,0,0,,Fixation Timing,Fixation Cross,1,object-125,trial,,,,87,"<span style=""font-family: 'Courier New', Courier, monospace; font-size: 60px; color: black;"">siete</span>",######,######,"<span style=""font-family: 'Courier New', Courier, monospace; font-size: 60px; color: black;"">CINCO</span>",F,different,uppercase,baseline,7,4,CINCO,,,,,
370,1791195420226,05/10/2026 10:17:00,1791195420226,2,05/10/2026 12:17:00,283162,5,task-biuv,,58572850,,16708144,,complete,,,computer,Desktop or Laptop,Windows 10,Firefox 102.0,3840x2160,3840x1838,,,0,UCL - tarea 1 ,6,Group1,spreadsheet1,spreadsheet1,86,trial,Reference,m6fryy,2,timedOut,,,300.4799999999814,299.9799999999814,300.4799999999814,300.4799999999814,299.9799999999814,300.4799999999814,1,0,0,,Time Limit,screen,0,screen,trial,,,,87,"<span style=""font-family: 'Courier New', Courier, monospace; font-size: 60px; color: black;"">siete</span>",######,######,"<span style=""font-family: 'Courier New', Courier, monospace; font-size: 60px; color: black;"">CINCO</span>",F,different,uppercase,baseline,7,4,CINCO,,,,,
371,1791195420847,05/10/2026 10:17:00,1791195420847,2,05/10/2026 12:17:00,283162,5,task-biuv,,58572850,,16708144,,complete,,,computer,Desktop or Laptop,Windows 10,Firefox 102.0,3840x2160,3840x1838,,,0,UCL - tarea 1 ,6,Group1,spreadsheet1,spreadsheet1,86,trial,Target,spx9cn,3,response,F,,622.5,616.640000000014,622.5,622.5,616.640000000014,622.5,1,0,0,,Keyboard Response,Respuesta,3,object-91,trial,,,,87,"<span style=""font-family: 'Courier New', Courier, monospace; font-size: 60px; color: black;"">siete</span>",######,######,"<span style=""font-family: 'Courier New', Courier, monospace; font-size: 60px; color: black;"">CINCO</span>",F,different,uppercase,baseline,7,4,CINCO,,,,,
372,1791195421343,05/10/2026 10:17:01,1791195421343,2,05/10/2026 12:17:01,283162,5,task-biuv,,58572850,,16708144,,complete,,,computer,Desktop or Laptop,Windows 10,Firefox 102.0,3840x2160,3840x1838,,,0,UCL - tarea 1 ,6,Group1,spreadsheet1,spreadsheet1,86,trial,Blank,vybs3x,4,timedOut,,,501.85999999998603,499.95999999996275,501.85999999998603,501.85999999998603,499.95999999996275,501.85999999998603,1,0,0,,Time Limit,screen,0,screen,trial,,,,87,"<span style=""font-family: 'Courier New', Courier, monospace; font-size: 60px; color: black;"">siete</span>",######,######,"<span style=""font-family: 'Courier New', Courier, monospace; font-size: 60px; color: black;"">CINCO</span>",F,different,uppercase,baseline,7,4,CINCO,,,,,
373,1791195421844,05/10/2026 10:17:01,1791195421844,2,05/10/2026 12:17:01,283162,5,task-biuv,,58572850,,16708144,,complete,,,computer,Desktop or Laptop,Windows 10,Firefox 102.0,3840x2160,3840x1838,,,0,UCL - tarea 1 ,6,Group1,spreadsheet1,spreadsheet1,87,trial,Fixation,w99rzd,1,continue,,,499.9800000000396,499.9800000000396,499.9800000000396,499.9800000000396,499.9800000000396,499.9800000000396,1,0,0,,Fixation Timing,Fixation Cross,1,object-125,trial,,,,183,"<span style=""font-family: 'Courier New', Courier, monospace; font-size: 60px; color: black;"">siete</span>",######,######,"<span style=""font-family: 'Courier New', Courier, monospace; font-size: 60px; color: black;"">SIE7E</span>",J,same,leet,congruent_leet,7,4,SIE7E,,,,,
374,1791195422143,05/10/2026 10:17:02,1791195422143,2,05/10/2026 12:17:02,283162,5,task-biuv,,58572850,,16708144,,complete,,,computer,Desktop or Laptop,Windows 10,Firefox 102.0,3840x2160,3840x1838,,,0,UCL - tarea 1 ,6,Group1,spreadsheet1,spreadsheet1,87,trial,Reference,m6fryy,2,timedOut,,,300.9199999999837,299.9799999999814,300.9199999999837,300.9199999999837,299.9799999999814,300.9199999999837,1,0,0,,Time Limit,screen,0,screen,trial,,,,183,"<span style=""font-family: 'Courier New', Courier, monospace; font-size: 60px; color: black;"">siete</span>",######,######,"<span style=""font-family: 'Courier New', Courier, monospace; font-size: 60px; color: black;"">SIE7E</span>",J,same,leet,congruent_leet,7,4,SIE7E,,,,,
375,1791195422841,05/10/2026 10:17:02,1791195422841,2,05/10/2026 12:17:02,283162,5,task-biuv,,58572850,,16708144,,complete,,,computer,Desktop or Laptop,Windows 10,Firefox 102.0,3840x2160,3840x1838,,,0,UCL - tarea 1 ,6,Group1,spreadsheet1,spreadsheet1,87,trial,Target,spx9cn,3,response,J,,698.9400000000023,683.2999999999884,698.9400000000023,698.9400000000023,683.2999999999884,698.9400000000023,1,0,0,,Keyboard Response,Respuesta,3,object-91,trial,,,,183,"<span style=""font-family: 'Courier New', Courier, monospace; font-size: 60px; color: black;"">siete</span>",######,######,"<span style=""font-family: 'Courier New', Courier, monospace; font-size: 60px; color: black;"">SIE7E</span>",J,same,leet,congruent_leet,7,4,SIE7E,,,,,
376,1791195423326,05/10/2026 10:17:03,1791195423326,2,05/10/2026 12:17:03,283162,5,task-biuv,,58572850,,16708144,,complete,,,computer,Desktop or Laptop,Windows 10,Firefox 102.0,3840x2160,3840x1838,,,0,UCL - tarea 1 ,6,Group1,spreadsheet1,spreadsheet1,87,trial,Blank,vybs3x,4,timedOut,,,500.64000000001397,499.9800000000396,500.64000000001397,500.64000000001397,499.9800000000396,500.64000000001397,1,0,0,,Time Limit,screen,0,screen,trial,,,,183,"<span style=""font-family: 'Courier New', Courier, monospace; font-size: 60px; color: black;"">siete</span>",######,######,"<span style=""font-family: 'Courier New', Courier, monospace; font-size: 60px; color: black;"">SIE7E</span>",J,same,leet,congruent_leet,7,4,SIE7E,,,,,
377,1791195423826,05/10/2026 10:17:03,1791195423826,2,05/10/2026 12:17:03,283162,5,task-biuv,,58572850,,16708144,,complete,,,computer,Desktop or Laptop,Windows 10,Firefox 102.0,3840x2160,3840x1838,,,0,UCL - tarea 1 ,6,Group1,spreadsheet1,spreadsheet1,88,trial,Fixation,w99rzd,1,continue,,,499.9799999999814,499.9799999999814,499.9799999999814,499.9799999999814,499.9799999999814,499.9799999999814,1,0,0,,Fixation Timing,Fixation Cross,1,object-125,trial,,,,95,"<span style=""font-family: 'Courier New', Courier, monospace; font-size: 60px; color: black;"">nueve</span>",######,######,"<span style=""font-family: 'Courier New', Courier, monospace; font-size: 60px; color: black;"">CU4TRO</span>",F,different,leet,congruent_leet,9,4,CU4TRO,,,,,
378,1791195424126,05/10/2026 10:17:04,1791195424126,2,05/10/2026 12:17:04,283162,5,task-biuv,,58572850,,16708144,,complete,,,computer,Desktop or Laptop,Windows 10,Firefox 102.0,3840x2160,3840x1838,,,0,UCL - tarea 1 ,6,Group1,spreadsheet1,spreadsheet1,88,trial,Reference,m6fryy,2,timedOut,,,301.679999999993,299.9799999999814,301.679999999993,301.679999999993,299.9799999999814,301.679999999993,1,0,0,,Time Limit,screen,0,screen,trial,,,,95,"<span style=""font-family: 'Courier New', Courier, monospace; font-size: 60px; color: black;"">nueve</span>",######,######,"<span style=""font-family: 'Courier New', Courier, monospace; font-size: 60px; color: black;"">CU4TRO</span>",F,different,leet,congruent_leet,9,4,CU4TRO,,,,,
379,1791195424977,05/10/2026 10:17:04,1791195424977,2,05/10/2026 12:17:04,283162,5,task-biuv,,58572850,,16708144,,complete,,,computer,Desktop or Laptop,Windows 10,Firefox 102.0,3840x2160,3840x1838,,,0,UCL - tarea 1 ,6,Group1,spreadsheet1,spreadsheet1,88,trial,Target,spx9cn,3,response,F,,851.7000000000116,849.960000000021,851.7000000000116,851.7000000000116,849.960000000021,851.7000000000116,1,0,0,,Keyboard Response,Respuesta,3,object-91,trial,,,,95,"<span style=""font-family: 'Courier New', Courier, monospace; font-size: 60px; color: black;"">nueve</span>",######,######,"<span style=""font-family: 'Courier New', Courier, monospace; font-size: 60px; color: black;"">CU4TRO</span>",F,different,leet,congruent_leet,9,4,CU4TRO,,,,,
380,1791195425476,05/10/2026 10:17:05,1791195425476,2,05/10/2026 12:17:05,283162,5,task-biuv,,58572850,,16708144,,complete,,,computer,Desktop or Laptop,Windows 10,Firefox 102.0,3840x2160,3840x1838,,,0,UCL - tarea 1 ,6,Group1,spreadsheet1,spreadsheet1,88,trial,Blank,vybs3x,4,timedOut,,,500.7399999999907,499.95999999996275,500.7399999999907,500.7399999999907,499.95999999996275,500.7399999999907,1,0,0,,Time Limit,screen,0,screen,trial,,,,95,"<span style=""font-family: 'Courier New', Courier, monospace; font-size: 60px; color: black;"">nueve</span>",######,######,"<span style=""font-family: 'Courier New', Courier, monospace; font-size: 60px; color: black;"">CU4TRO</span>",F,different,leet,congruent_leet,9,4,CU4TRO,,,,,
381,1791195425976,05/10/2026 10:17:05,1791195425976,2,05/10/2026 12:17:05,283162,5,task-biuv,,58572850,,16708144,,complete,,,computer,Desktop or Laptop,Windows 10,Firefox 102.0,3840x2160,3840x1838,,,0,UCL - tarea 1 ,6,Group1,spreadsheet1,spreadsheet1,89,trial,Fixation,w99rzd,1,continue,,,499.9800000000396,499.9800000000396,499.9800000000396,499.9800000000396,499.9800000000396,499.9800000000396,1,0,0,,Fixation Timing,Fixation Cross,1,object-125,trial,,,,196,"<span style=""font-family: 'Courier New', Courier, monospace; font-size: 60px; color: black;"">seis</span>",######,######,"<span style=""font-family: 'Courier New', Courier, monospace; font-size: 60px; color: black;"">TR3S</span>",F,different,leet,congruent_leet,6,4,TR3S,,,,,
382,1791195426277,05/10/2026 10:17:06,1791195426277,2,05/10/2026 12:17:06,283162,5,task-biuv,,58572850,,16708144,,complete,,,computer,Desktop or Laptop,Windows 10,Firefox 102.0,3840x2160,3840x1838,,,0,UCL - tarea 1 ,6,Group1,spreadsheet1,spreadsheet1,89,trial,Reference,m6fryy,2,timedOut,,,301.79999999998836,299.9799999999814,301.79999999998836,301.79999999998836,299.9799999999814,301.79999999998836,1,0,0,,Time Limit,screen,0,screen,trial,,,,196,"<span style=""font-family: 'Courier New', Courier, monospace; font-size: 60px; color: black;"">seis</span>",######,######,"<span style=""font-family: 'Courier New', Courier, monospace; font-size: 60px; color: black;"">TR3S</span>",F,different,leet,congruent_leet,6,4,TR3S,,,,,
383,1791195427056,05/10/2026 10:17:07,1791195427056,2,05/10/2026 12:17:07,283162,5,task-biuv,,58572850,,16708144,,complete,,,computer,Desktop or Laptop,Windows 10,Firefox 102.0,3840x2160,3840x1838,,,0,UCL - tarea 1 ,6,Group1,spreadsheet1,spreadsheet1,89,trial,Target,spx9cn,3,response,F,,780.820000000007,766.640000000014,780.820000000007,780.820000000007,766.640000000014,780.820000000007,1,0,0,,Keyboard Response,Respuesta,3,object-91,trial,,,,196,"<span style=""font-family: 'Courier New', Courier, monospace; font-size: 60px; color: black;"">seis</span>",######,######,"<span style=""font-family: 'Courier New', Courier, monospace; font-size: 60px; color: black;"">TR3S</span>",F,different,leet,congruent_leet,6,4,TR3S,,,,,
384,1791195427544,05/10/2026 10:17:07,1791195427544,2,05/10/2026 12:17:07,283162,5,task-biuv,,58572850,,16708144,,complete,,,computer,Desktop or Laptop,Windows 10,Firefox 102.0,3840x2160,3840x1838,,,0,UCL - tarea 1 ,6,Group1,spreadsheet1,spreadsheet1,89,trial,Blank,vybs3x,4,timedOut,,,502.179999999993,500.70000000001164,502.179999999993,502.179999999993,500.70000000001164,502.179999999993,1,0,0,,Time Limit,screen,0,screen,trial,,,,196,"<span style=""font-family: 'Courier New', Courier, monospace; font-size: 60px; color: black;"">seis</span>",######,######,"<span style=""font-family: 'Courier New', Courier, monospace; font-size: 60px; color: black;"">TR3S</span>",F,different,leet,congruent_leet,6,4,TR3S,,,,,
385,1791195428044,05/10/2026 10:17:08,1791195428044,2,05/10/2026 12:17:08,283162,5,task-biuv,,58572850,,16708144,,complete,,,computer,Desktop or Laptop,Windows 10,Firefox 102.0,3840x2160,3840x1838,,,0,UCL - tarea 1 ,6,Group1,spreadsheet1,spreadsheet1,90,trial,Fixation,w99rzd,1,continue,,,499.9799999999814,499.9799999999814,499.9799999999814,499.9799999999814,499.9799999999814,499.9799999999814,1,0,0,,Fixation Timing,Fixation Cross,1,object-125,trial,,,,85,"<span style=""font-family: 'Courier New', Courier, monospace; font-size: 60px; color: black;"">tres</span>",######,######,"<span style=""font-family: 'Courier New', Courier, monospace; font-size: 60px; color: black;"">SEIS</span>",F,different,uppercase,baseline,3,4,SEIS,,,,,
386,1791195428343,05/10/2026 10:17:08,1791195428343,2,05/10/2026 12:17:08,283162,5,task-biuv,,58572850,,16708144,,complete,,,computer,Desktop or Laptop,Windows 10,Firefox 102.0,3840x2160,3840x1838,,,0,UCL - tarea 1 ,6,Group1,spreadsheet1,spreadsheet1,90,trial,Reference,m6fryy,2,timedOut,,,300.5,299.9799999999814,300.5,300.5,299.9799999999814,300.5,1,0,0,,Time Limit,screen,0,screen,trial,,,,85,"<span style=""font-family: 'Courier New', Courier, monospace; font-size: 60px; color: black;"">tres</span>",######,######,"<span style=""font-family: 'Courier New', Courier, monospace; font-size: 60px; color: black;"">SEIS</span>",F,different,uppercase,baseline,3,4,SEIS,,,,,
387,1791195429152,05/10/2026 10:17:09,1791195429152,2,05/10/2026 12:17:09,283162,5,task-biuv,,58572850,,16708144,,complete,,,computer,Desktop or Laptop,Windows 10,Firefox 102.0,3840x2160,3840x1838,,,0,UCL - tarea 1 ,6,Group1,spreadsheet1,spreadsheet1,90,trial,Target,spx9cn,3,response,F,,809.5200000000186,799.960000000021,809.5200000000186,809.5200000000186,799.960000000021,809.5200000000186,1,0,0,,Keyboard Response,Respuesta,3,object-91,trial,,,,85,"<span style=""font-family: 'Courier New', Courier, monospace; font-size: 60px; color: black;"">tres</span>",######,######,"<span style=""font-family: 'Courier New', Courier, monospace; font-size: 60px; color: black;"">SEIS</span>",F,different,uppercase,baseline,3,4,SEIS,,,,,
388,1791195429644,05/10/2026 10:17:09,1791195429644,2,05/10/2026 12:17:09,283162,5,task-biuv,,58572850,,16708144,,complete,,,computer,Desktop or Laptop,Windows 10,Firefox 102.0,3840x2160,3840x1838,,,0,UCL - tarea 1 ,6,Group1,spreadsheet1,spreadsheet1,90,trial,Blank,vybs3x,4,timedOut,,,501.5599999999977,499.96000000002095,501.5599999999977,501.5599999999977,499.96000000002095,501.5599999999977,1,0,0,,Time Limit,screen,0,screen,trial,,,,85,"<span style=""font-family: 'Courier New', Courier, monospace; font-size: 60px; color: black;"">tres</span>",######,######,"<span style=""font-family: 'Courier New', Courier, monospace; font-size: 60px; color: black;"">SEIS</span>",F,different,uppercase,baseline,3,4,SEIS,,,,,
389,1791195430143,05/10/2026 10:17:10,1791195430143,2,05/10/2026 12:17:10,283162,5,task-biuv,,58572850,,16708144,,complete,,,computer,Desktop or Laptop,Windows 10,Firefox 102.0,3840x2160,3840x1838,,,0,UCL - tarea 1 ,6,Group1,spreadsheet1,spreadsheet1,91,trial,Fixation,w99rzd,1,continue,,,499.9799999999814,499.9799999999814,499.9799999999814,499.9799999999814,499.9799999999814,499.9799999999814,1,0,0,,Fixation Timing,Fixation Cross,1,object-125,trial,,,,192,"<span style=""font-family: 'Courier New', Courier, monospace; font-size: 60px; color: black;"">cinco</span>",######,######,"<span style=""font-family: 'Courier New', Courier, monospace; font-size: 60px; color: black;"">C1NCO</span>",J,same,leet,incongruent_leet,5,4,C1NCO,,,,,
390,1791195430444,05/10/2026 10:17:10,1791195430444,2,05/10/2026 12:17:10,283162,5,task-biuv,,58572850,,16708144,,complete,,,computer,Desktop or Laptop,Windows 10,Firefox 102.0,3840x2160,3840x1838,,,0,UCL - tarea 1 ,6,Group1,spreadsheet1,spreadsheet1,91,trial,Reference,m6fryy,2,timedOut,,,301.61999999999534,299.9799999999814,301.61999999999534,301.61999999999534,299.9799999999814,301.61999999999534,1,0,0,,Time Limit,screen,0,screen,trial,,,,192,"<span style=""font-family: 'Courier New', Courier, monospace; font-size: 60px; color: black;"">cinco</span>",######,######,"<span style=""font-family: 'Courier New', Courier, monospace; font-size: 60px; color: black;"">C1NCO</span>",J,same,leet,incongruent_leet,5,4,C1NCO,,,,,
391,1791195431271,05/10/2026 10:17:11,1791195431271,2,05/10/2026 12:17:11,283162,5,task-biuv,,58572850,,16708144,,complete,,,computer,Desktop or Laptop,Windows 10,Firefox 102.0,3840x2160,3840x1838,,,0,UCL - tarea 1 ,6,Group1,spreadsheet1,spreadsheet1,91,trial,Target,spx9cn,3,response,J,,829.640000000014,816.640000000014,829.640000000014,829.640000000014,816.640000000014,829.640000000014,1,0,0,,Keyboard Response,Respuesta,3,object-91,trial,,,,192,"<span style=""font-family: 'Courier New', Courier, monospace; font-size: 60px; color: black;"">cinco</span>",######,######,"<span style=""font-family: 'Courier New', Courier, monospace; font-size: 60px; color: black;"">C1NCO</span>",J,same,leet,incongruent_leet,5,4,C1NCO,,,,,
392,1791195431760,05/10/2026 10:17:11,1791195431760,2,05/10/2026 12:17:11,283162,5,task-biuv,,58572850,,16708144,,complete,,,computer,Desktop or Laptop,Windows 10,Firefox 102.0,3840x2160,3840x1838,,,0,UCL - tarea 1 ,6,Group1,spreadsheet1,spreadsheet1,91,trial,Blank,vybs3x,4,timedOut,,,501,499.96000000002095,501,501,499.96000000002095,501,1,0,0,,Time Limit,screen,0,screen,trial,,,,192,"<span style=""font-family: 'Courier New', Courier, monospace; font-size: 60px; color: black;"">cinco</span>",######,######,"<span style=""font-family: 'Courier New', Courier, monospace; font-size: 60px; color: black;"">C1NCO</span>",J,same,leet,incongruent_leet,5,4,C1NCO,,,,,
393,1791195432260,05/10/2026 10:17:12,1791195432260,2,05/10/2026 12:17:12,283162,5,task-biuv,,58572850,,16708144,,complete,,,computer,Desktop or Laptop,Windows 10,Firefox 102.0,3840x2160,3840x1838,,,0,UCL - tarea 1 ,6,Group1,spreadsheet1,spreadsheet1,92,trial,Fixation,w99rzd,1,continue,,,499.9799999999814,499.9799999999814,499.9799999999814,499.9799999999814,499.9799999999814,499.9799999999814,1,0,0,,Fixation Timing,Fixation Cross,1,object-125,trial,,,,74,"<span style=""font-family: 'Courier New', Courier, monospace; font-size: 60px; color: black;"">cuatro</span>",######,######,"<span style=""font-family: 'Courier New', Courier, monospace; font-size: 60px; color: black;"">CU4TRO</span>",J,same,leet,congruent_leet,4,4,CU4TRO,,,,,
394,1791195432560,05/10/2026 10:17:12,1791195432560,2,05/10/2026 12:17:12,283162,5,task-biuv,,58572850,,16708144,,complete,,,computer,Desktop or Laptop,Windows 10,Firefox 102.0,3840x2160,3840x1838,,,0,UCL - tarea 1 ,6,Group1,spreadsheet1,spreadsheet1,92,trial,Reference,m6fryy,2,timedOut,,,301.0599999999977,299.9799999999814,301.0599999999977,301.0599999999977,299.9799999999814,301.0599999999977,1,0,0,,Time Limit,screen,0,screen,trial,,,,74,"<span style=""font-family: 'Courier New', Courier, monospace; font-size: 60px; color: black;"">cuatro</span>",######,######,"<span style=""font-family: 'Courier New', Courier, monospace; font-size: 60px; color: black;"">CU4TRO</span>",J,same,leet,congruent_leet,4,4,CU4TRO,,,,,
395,1791195433266,05/10/2026 10:17:13,1791195433266,2,05/10/2026 12:17:13,283162,5,task-biuv,,58572850,,16708144,,complete,,,computer,Desktop or Laptop,Windows 10,Firefox 102.0,3840x2160,3840x1838,,,0,UCL - tarea 1 ,6,Group1,spreadsheet1,spreadsheet1,92,trial,Target,spx9cn,3,response,J,,707.0800000000163,699.960000000021,707.0800000000163,707.0800000000163,699.960000000021,707.0800000000163,1,0,0,,Keyboard Response,Respuesta,3,object-91,trial,,,,74,"<span style=""font-family: 'Courier New', Courier, monospace; font-size: 60px; color: black;"">cuatro</span>",######,######,"<span style=""font-family: 'Courier New', Courier, monospace; font-size: 60px; color: black;"">CU4TRO</span>",J,same,leet,congruent_leet,4,4,CU4TRO,,,,,
396,1791195433761,05/10/2026 10:17:13,1791195433761,2,05/10/2026 12:17:13,283162,5,task-biuv,,58572850,,16708144,,complete,,,computer,Desktop or Laptop,Windows 10,Firefox 102.0,3840x2160,3840x1838,,,0,UCL - tarea 1 ,6,Group1,spreadsheet1,spreadsheet1,92,trial,Blank,vybs3x,4,timedOut,,,502.11999999999534,499.9799999999814,502.11999999999534,502.11999999999534,499.9799999999814,502.11999999999534,1,0,0,,Time Limit,screen,0,screen,trial,,,,74,"<span style=""font-family: 'Courier New', Courier, monospace; font-size: 60px; color: black;"">cuatro</span>",######,######,"<span style=""font-family: 'Courier New', Courier, monospace; font-size: 60px; color: black;"">CU4TRO</span>",J,same,leet,congruent_leet,4,4,CU4TRO,,,,,
397,1791195434260,05/10/2026 10:17:14,1791195434260,2,05/10/2026 12:17:14,283162,5,task-biuv,,58572850,,16708144,,complete,,,computer,Desktop or Laptop,Windows 10,Firefox 102.0,3840x2160,3840x1838,,,0,UCL - tarea 1 ,6,Group1,spreadsheet1,spreadsheet1,93,trial,Fixation,w99rzd,1,continue,,,499.9800000000396,499.9800000000396,499.9800000000396,499.9800000000396,499.9800000000396,499.9800000000396,1,0,0,,Fixation Timing,Fixation Cross,1,object-125,trial,,,,201,"<span style=""font-family: 'Courier New', Courier, monospace; font-size: 60px; color: black;"">siete</span>",######,######,"<span style=""font-family: 'Courier New', Courier, monospace; font-size: 60px; color: black;"">C1NCO</span>",F,different,leet,incongruent_leet,7,4,C1NCO,,,,,
398,1791195434561,05/10/2026 10:17:14,1791195434561,2,05/10/2026 12:17:14,283162,5,task-biuv,,58572850,,16708144,,complete,,,computer,Desktop or Laptop,Windows 10,Firefox 102.0,3840x2160,3840x1838,,,0,UCL - tarea 1 ,6,Group1,spreadsheet1,spreadsheet1,93,trial,Reference,m6fryy,2,timedOut,,,301.1599999999744,299.9799999999814,301.1599999999744,301.1599999999744,299.9799999999814,301.1599999999744,1,0,0,,Time Limit,screen,0,screen,trial,,,,201,"<span style=""font-family: 'Courier New', Courier, monospace; font-size: 60px; color: black;"">siete</span>",######,######,"<span style=""font-family: 'Courier New', Courier, monospace; font-size: 60px; color: black;"">C1NCO</span>",F,different,leet,incongruent_leet,7,4,C1NCO,,,,,
399,1791195435249,05/10/2026 10:17:15,1791195435249,2,05/10/2026 12:17:15,283162,5,task-biuv,,58572850,,16708144,,complete,,,computer,Desktop or Laptop,Windows 10,Firefox 102.0,3840x2160,3840x1838,,,0,UCL - tarea 1 ,6,Group1,spreadsheet1,spreadsheet1,93,trial,Target,spx9cn,3,response,F,,689.179999999993,683.2999999999884,689.179999999993,689.179999999993,683.2999999999884,689.179999999993,1,0,0,,Keyboard Response,Respuesta,3,object-91,trial,,,,201,"<span style=""font-family: 'Courier New', Courier, monospace; font-size: 60px; color: black;"">siete</span>",######,######,"<span style=""font-family: 'Courier New', Courier, monospace; font-size: 60px; color: black;"">C1NCO</span>",F,different,leet,incongruent_leet,7,4,C1NCO,,,,,
400,1791195435744,05/10/2026 10:17:15,1791195435744,2,05/10/2026 12:17:15,283162,5,task-biuv,,58572850,,16708144,,complete,,,computer,Desktop or Laptop,Windows 10,Firefox 102.0,3840x2160,3840x1838,,,0,UCL - tarea 1 ,6,Group1,spreadsheet1,spreadsheet1,93,trial,Blank,vybs3x,4,timedOut,,,501.88000000000466,499.9799999999814,501.88000000000466,501.88000000000466,499.9799999999814,501.88000000000466,1,0,0,,Time Limit,screen,0,screen,trial,,,,201,"<span style=""font-family: 'Courier New', Courier, monospace; font-size: 60px; color: black;"">siete</span>",######,######,"<span style=""font-family: 'Courier New', Courier, monospace; font-size: 60px; color: black;"">C1NCO</span>",F,different,leet,incongruent_leet,7,4,C1NCO,,,,,
401,1791195436244,05/10/2026 10:17:16,1791195436244,2,05/10/2026 12:17:16,283162,5,task-biuv,,58572850,,16708144,,complete,,,computer,Desktop or Laptop,Windows 10,Firefox 102.0,3840x2160,3840x1838,,,0,UCL - tarea 1 ,6,Group1,spreadsheet1,spreadsheet1,94,trial,Fixation,w99rzd,1,continue,,,499.96000000002095,499.96000000002095,499.96000000002095,499.96000000002095,499.96000000002095,499.96000000002095,1,0,0,,Fixation Timing,Fixation Cross,1,object-125,trial,,,,88,"<span style=""font-family: 'Courier New', Courier, monospace; font-size: 60px; color: black;"">seis</span>",######,######,"<span style=""font-family: 'Courier New', Courier, monospace; font-size: 60px; color: black;"">TR3S</span>",F,different,leet,congruent_leet,6,4,TR3S,,,,,
402,1791195436544,05/10/2026 10:17:16,1791195436544,2,05/10/2026 12:17:16,283162,5,task-biuv,,58572850,,16708144,,complete,,,computer,Desktop or Laptop,Windows 10,Firefox 102.0,3840x2160,3840x1838,,,0,UCL - tarea 1 ,6,Group1,spreadsheet1,spreadsheet1,94,trial,Reference,m6fryy,2,timedOut,,,301.9400000000023,299.9799999999814,301.9400000000023,301.9400000000023,299.9799999999814,301.9400000000023,1,0,0,,Time Limit,screen,0,screen,trial,,,,88,"<span style=""font-family: 'Courier New', Courier, monospace; font-size: 60px; color: black;"">seis</span>",######,######,"<span style=""font-family: 'Courier New', Courier, monospace; font-size: 60px; color: black;"">TR3S</span>",F,different,leet,congruent_leet,6,4,TR3S,,,,,
403,1791195437273,05/10/2026 10:17:17,1791195437273,2,05/10/2026 12:17:17,283162,5,task-biuv,,58572850,,16708144,,complete,,,computer,Desktop or Laptop,Windows 10,Firefox 102.0,3840x2160,3840x1838,,,0,UCL - tarea 1 ,6,Group1,spreadsheet1,spreadsheet1,94,trial,Target,spx9cn,3,response,F,,730.960000000021,716.640000000014,730.960000000021,730.960000000021,716.640000000014,730.960000000021,1,0,0,,Keyboard Response,Respuesta,3,object-91,trial,,,,88,"<span style=""font-family: 'Courier New', Courier, monospace; font-size: 60px; color: black;"">seis</span>",######,######,"<span style=""font-family: 'Courier New', Courier, monospace; font-size: 60px; color: black;"">TR3S</span>",F,different,leet,congruent_leet,6,4,TR3S,,,,,
404,1791195437759,05/10/2026 10:17:17,1791195437759,2,05/10/2026 12:17:17,283162,5,task-biuv,,58572850,,16708144,,complete,,,computer,Desktop or Laptop,Windows 10,Firefox 102.0,3840x2160,3840x1838,,,0,UCL - tarea 1 ,6,Group1,spreadsheet1,spreadsheet1,94,trial,Blank,vybs3x,4,timedOut,,,500.320000000007,499.9799999999814,500.320000000007,500.320000000007,499.9799999999814,500.320000000007,1,0,0,,Time Limit,screen,0,screen,trial,,,,88,"<span style=""font-family: 'Courier New', Courier, monospace; font-size: 60px; color: black;"">seis</span>",######,######,"<span style=""font-family: 'Courier New', Courier, monospace; font-size: 60px; color: black;"">TR3S</span>",F,different,leet,congruent_leet,6,4,TR3S,,,,,
405,1791195438260,05/10/2026 10:17:18,1791195438260,2,05/10/2026 12:17:18,283162,5,task-biuv,,58572850,,16708144,,complete,,,computer,Desktop or Laptop,Windows 10,Firefox 102.0,3840x2160,3840x1838,,,0,UCL - tarea 1 ,6,Group1,spreadsheet1,spreadsheet1,95,trial,Fixation,w99rzd,1,continue,,,499.96000000002095,499.96000000002095,499.96000000002095,499.96000000002095,499.96000000002095,499.96000000002095,1,0,0,,Fixation Timing,Fixation Cross,1,object-125,trial,,,,194,"<span style=""font-family: 'Courier New', Courier, monospace; font-size: 60px; color: black;"">cuatro</span>",######,######,"<span style=""font-family: 'Courier New', Courier, monospace; font-size: 60px; color: black;"">NU3VE</span>",F,different,leet,incongruent_leet,4,4,NU3VE,,,,,
406,1791195438560,05/10/2026 10:17:18,1791195438560,2,05/10/2026 12:17:18,283162,5,task-biuv,,58572850,,16708144,,complete,,,computer,Desktop or Laptop,Windows 10,Firefox 102.0,3840x2160,3840x1838,,,0,UCL - tarea 1 ,6,Group1,spreadsheet1,spreadsheet1,95,trial,Reference,m6fryy,2,timedOut,,,301.38000000000466,300,301.38000000000466,301.38000000000466,300,301.38000000000466,1,0,0,,Time Limit,screen,0,screen,trial,,,,194,"<span style=""font-family: 'Courier New', Courier, monospace; font-size: 60px; color: black;"">cuatro</span>",######,######,"<span style=""font-family: 'Courier New', Courier, monospace; font-size: 60px; color: black;"">NU3VE</span>",F,different,leet,incongruent_leet,4,4,NU3VE,,,,,
407,1791195439175,05/10/2026 10:17:19,1791195439175,2,05/10/2026 12:17:19,283162,5,task-biuv,,58572850,,16708144,,complete,,,computer,Desktop or Laptop,Windows 10,Firefox 102.0,3840x2160,3840x1838,,,0,UCL - tarea 1 ,6,Group1,spreadsheet1,spreadsheet1,95,trial,Target,spx9cn,3,response,F,,616.3800000000047,599.960000000021,616.3800000000047,616.3800000000047,599.960000000021,616.3800000000047,1,0,0,,Keyboard Response,Respuesta,3,object-91,trial,,,,194,"<span style=""font-family: 'Courier New', Courier, monospace; font-size: 60px; color: black;"">cuatro</span>",######,######,"<span style=""font-family: 'Courier New', Courier, monospace; font-size: 60px; color: black;"">NU3VE</span>",F,different,leet,incongruent_leet,4,4,NU3VE,,,,,
408,1791195439660,05/10/2026 10:17:19,1791195439660,2,05/10/2026 12:17:19,283162,5,task-biuv,,58572850,,16708144,,complete,,,computer,Desktop or Laptop,Windows 10,Firefox 102.0,3840x2160,3840x1838,,,0,UCL - tarea 1 ,6,Group1,spreadsheet1,spreadsheet1,95,trial,Blank,vybs3x,4,timedOut,,,502.4199999999837,499.9799999999814,502.4199999999837,502.4199999999837,499.9799999999814,502.4199999999837,1,0,0,,Time Limit,screen,0,screen,trial,,,,194,"<span style=""font-family: 'Courier New', Courier, monospace; font-size: 60px; color: black;"">cuatro</span>",######,######,"<span style=""font-family: 'Courier New', Courier, monospace; font-size: 60px; color: black;"">NU3VE</span>",F,different,leet,incongruent_leet,4,4,NU3VE,,,,,
409,1791195440161,05/10/2026 10:17:20,1791195440161,2,05/10/2026 12:17:20,283162,5,task-biuv,,58572850,,16708144,,complete,,,computer,Desktop or Laptop,Windows 10,Firefox 102.0,3840x2160,3840x1838,,,0,UCL - tarea 1 ,6,Group1,spreadsheet1,spreadsheet1,96,trial,Fixation,w99rzd,1,continue,,,499.96000000002095,499.96000000002095,499.96000000002095,499.96000000002095,499.96000000002095,499.96000000002095,1,0,0,,Fixation Timing,Fixation Cross,1,object-125,trial,,,,83,"<span style=""font-family: 'Courier New', Courier, monospace; font-size: 60px; color: black;"">nueve</span>",######,######,"<span style=""font-family: 'Courier New', Courier, monospace; font-size: 60px; color: black;"">NUEVE</span>",J,same,uppercase,baseline,9,4,NUEVE,,,,,
410,1791195440460,05/10/2026 10:17:20,1791195440460,2,05/10/2026 12:17:20,283162,5,task-biuv,,58572850,,16708144,,complete,,,computer,Desktop or Laptop,Windows 10,Firefox 102.0,3840x2160,3840x1838,,,0,UCL - tarea 1 ,6,Group1,spreadsheet1,spreadsheet1,96,trial,Reference,m6fryy,2,timedOut,,,301.4799999999814,300,301.4799999999814,301.4799999999814,300,301.4799999999814,1,0,0,,Time Limit,screen,0,screen,trial,,,,83,"<span style=""font-family: 'Courier New', Courier, monospace; font-size: 60px; color: black;"">nueve</span>",######,######,"<span style=""font-family: 'Courier New', Courier, monospace; font-size: 60px; color: black;"">NUEVE</span>",J,same,uppercase,baseline,9,4,NUEVE,,,,,
411,1791195441096,05/10/2026 10:17:21,1791195441096,2,05/10/2026 12:17:21,283162,5,task-biuv,,58572850,,16708144,,complete,,,computer,Desktop or Laptop,Windows 10,Firefox 102.0,3840x2160,3840x1838,,,0,UCL - tarea 1 ,6,Group1,spreadsheet1,spreadsheet1,96,trial,Target,spx9cn,3,response,J,,637.4799999999814,633.2999999999884,637.4799999999814,637.4799999999814,633.2999999999884,637.4799999999814,1,0,0,,Keyboard Response,Respuesta,3,object-91,trial,,,,83,"<span style=""font-family: 'Courier New', Courier, monospace; font-size: 60px; color: black;"">nueve</span>",######,######,"<span style=""font-family: 'Courier New', Courier, monospace; font-size: 60px; color: black;"">NUEVE</span>",J,same,uppercase,baseline,9,4,NUEVE,,,,,
412,1791195441593,05/10/2026 10:17:21,1791195441593,2,05/10/2026 12:17:21,283162,5,task-biuv,,58572850,,16708144,,complete,,,computer,Desktop or Laptop,Windows 10,Firefox 102.0,3840x2160,3840x1838,,,0,UCL - tarea 1 ,6,Group1,spreadsheet1,spreadsheet1,96,trial,Blank,vybs3x,4,timedOut,,,502.179999999993,499.96000000002095,502.179999999993,502.179999999993,499.96000000002095,502.179999999993,1,0,0,,Time Limit,screen,0,screen,trial,,,,83,"<span style=""font-family: 'Courier New', Courier, monospace; font-size: 60px; color: black;"">nueve</span>",######,######,"<span style=""font-family: 'Courier New', Courier, monospace; font-size: 60px; color: black;"">NUEVE</span>",J,same,uppercase,baseline,9,4,NUEVE,,,,,
413,1791195442095,05/10/2026 10:17:22,1791195442095,2,05/10/2026 12:17:22,283162,5,task-biuv,,58572850,,16708144,,complete,,,computer,Desktop or Laptop,Windows 10,Firefox 102.0,3840x2160,3840x1838,,,0,UCL - tarea 1 ,6,Group1,spreadsheet1,spreadsheet1,97,trial,Fixation,w99rzd,1,continue,,,499.9799999999814,499.9799999999814,499.9799999999814,499.9799999999814,499.9799999999814,499.9799999999814,1,0,0,,Fixation Timing,Fixation Cross,1,object-125,trial,,,,101,"<span style=""font-family: 'Courier New', Courier, monospace; font-size: 60px; color: black;"">nueve</span>",######,######,"<span style=""font-family: 'Courier New', Courier, monospace; font-size: 60px; color: black;"">NU3VE</span>",J,same,leet,incongruent_leet,9,5,NU3VE,,,,,
414,1791195442393,05/10/2026 10:17:22,1791195442393,2,05/10/2026 12:17:22,283162,5,task-biuv,,58572850,,16708144,,complete,,,computer,Desktop or Laptop,Windows 10,Firefox 102.0,3840x2160,3840x1838,,,0,UCL - tarea 1 ,6,Group1,spreadsheet1,spreadsheet1,97,trial,Reference,m6fryy,2,timedOut,,,301.2399999999907,299.9799999999814,301.2399999999907,301.2399999999907,299.9799999999814,301.2399999999907,1,0,0,,Time Limit,screen,0,screen,trial,,,,101,"<span style=""font-family: 'Courier New', Courier, monospace; font-size: 60px; color: black;"">nueve</span>",######,######,"<span style=""font-family: 'Courier New', Courier, monospace; font-size: 60px; color: black;"">NU3VE</span>",J,same,leet,incongruent_leet,9,5,NU3VE,,,,,
415,1791195443039,05/10/2026 10:17:23,1791195443039,2,05/10/2026 12:17:23,283162,5,task-biuv,,58572850,,16708144,,complete,,,computer,Desktop or Laptop,Windows 10,Firefox 102.0,3840x2160,3840x1838,,,0,UCL - tarea 1 ,6,Group1,spreadsheet1,spreadsheet1,97,trial,Target,spx9cn,3,response,J,,648.2600000000093,633.2999999999884,648.2600000000093,648.2600000000093,633.2999999999884,648.2600000000093,1,0,0,,Keyboard Response,Respuesta,3,object-91,trial,,,,101,"<span style=""font-family: 'Courier New', Courier, monospace; font-size: 60px; color: black;"">nueve</span>",######,######,"<span style=""font-family: 'Courier New', Courier, monospace; font-size: 60px; color: black;"">NU3VE</span>",J,same,leet,incongruent_leet,9,5,NU3VE,,,,,
416,1791195443526,05/10/2026 10:17:23,1791195443526,2,05/10/2026 12:17:23,283162,5,task-biuv,,58572850,,16708144,,complete,,,computer,Desktop or Laptop,Windows 10,Firefox 102.0,3840x2160,3840x1838,,,0,UCL - tarea 1 ,6,Group1,spreadsheet1,spreadsheet1,97,trial,Blank,vybs3x,4,timedOut,,,501.96000000002095,499.9800000000396,501.96000000002095,501.96000000002095,499.9800000000396,501.96000000002095,1,0,0,,Time Limit,screen,0,screen,trial,,,,101,"<span style=""font-family: 'Courier New', Courier, monospace; font-size: 60px; color: black;"">nueve</span>",######,######,"<span style=""font-family: 'Courier New', Courier, monospace; font-size: 60px; color: black;"">NU3VE</span>",J,same,leet,incongruent_leet,9,5,NU3VE,,,,,
417,1791195444026,05/10/2026 10:17:24,1791195444026,2,05/10/2026 12:17:24,283162,5,task-biuv,,58572850,,16708144,,complete,,,computer,Desktop or Laptop,Windows 10,Firefox 102.0,3840x2160,3840x1838,,,0,UCL - tarea 1 ,6,Group1,spreadsheet1,spreadsheet1,98,trial,Fixation,w99rzd,1,continue,,,499.9799999999814,499.9799999999814,499.9799999999814,499.9799999999814,499.9799999999814,499.9799999999814,1,0,0,,Fixation Timing,Fixation Cross,1,object-125,trial,,,,209,"<span style=""font-family: 'Courier New', Courier, monospace; font-size: 60px; color: black;"">nueve</span>",######,######,"<span style=""font-family: 'Courier New', Courier, monospace; font-size: 60px; color: black;"">NU3VE</span>",J,same,leet,incongruent_leet,9,5,NU3VE,,,,,
418,1791195444326,05/10/2026 10:17:24,1791195444326,2,05/10/2026 12:17:24,283162,5,task-biuv,,58572850,,16708144,,complete,,,computer,Desktop or Laptop,Windows 10,Firefox 102.0,3840x2160,3840x1838,,,0,UCL - tarea 1 ,6,Group1,spreadsheet1,spreadsheet1,98,trial,Reference,m6fryy,2,timedOut,,,302,299.9799999999814,302,302,299.9799999999814,302,1,0,0,,Time Limit,screen,0,screen,trial,,,,209,"<span style=""font-family: 'Courier New', Courier, monospace; font-size: 60px; color: black;"">nueve</span>",######,######,"<span style=""font-family: 'Courier New', Courier, monospace; font-size: 60px; color: black;"">NU3VE</span>",J,same,leet,incongruent_leet,9,5,NU3VE,,,,,
419,1791195444864,05/10/2026 10:17:24,1791195444864,2,05/10/2026 12:17:24,283162,5,task-biuv,,58572850,,16708144,,complete,,,computer,Desktop or Laptop,Windows 10,Firefox 102.0,3840x2160,3840x1838,,,0,UCL - tarea 1 ,6,Group1,spreadsheet1,spreadsheet1,98,trial,Target,spx9cn,3,response,J,,539.0200000000186,533.3000000000466,539.0200000000186,539.0200000000186,533.3000000000466,539.0200000000186,1,0,0,,Keyboard Response,Respuesta,3,object-91,trial,,,,209,"<span style=""font-family: 'Courier New', Courier, monospace; font-size: 60px; color: black;"">nueve</span>",######,######,"<span style=""font-family: 'Courier New', Courier, monospace; font-size: 60px; color: black;"">NU3VE</span>",J,same,leet,incongruent_leet,9,5,NU3VE,,,,,
420,1791195445360,05/10/2026 10:17:25,1791195445360,2,05/10/2026 12:17:25,283162,5,task-biuv,,58572850,,16708144,,complete,,,computer,Desktop or Laptop,Windows 10,Firefox 102.0,3840x2160,3840x1838,,,0,UCL - tarea 1 ,6,Group1,spreadsheet1,spreadsheet1,98,trial,Blank,vybs3x,4,timedOut,,,500.71999999997206,499.9799999999814,500.71999999997206,500.71999999997206,499.9799999999814,500.71999999997206,1,0,0,,Time Limit,screen,0,screen,trial,,,,209,"<span style=""font-family: 'Courier New', Courier, monospace; font-size: 60px; color: black;"">nueve</span>",######,######,"<span style=""font-family: 'Courier New', Courier, monospace; font-size: 60px; color: black;"">NU3VE</span>",J,same,leet,incongruent_leet,9,5,NU3VE,,,,,
421,1791195445859,05/10/2026 10:17:25,1791195445859,2,05/10/2026 12:17:25,283162,5,task-biuv,,58572850,,16708144,,complete,,,computer,Desktop or Laptop,Windows 10,Firefox 102.0,3840x2160,3840x1838,,,0,UCL - tarea 1 ,6,Group1,spreadsheet1,spreadsheet1,99,trial,Fixation,w99rzd,1,continue,,,499.9799999999814,499.9799999999814,499.9799999999814,499.9799999999814,499.9799999999814,499.9799999999814,1,0,0,,Fixation Timing,Fixation Cross,1,object-125,trial,,,,106,"<span style=""font-family: 'Courier New', Courier, monospace; font-size: 60px; color: black;"">seis</span>",######,######,"<span style=""font-family: 'Courier New', Courier, monospace; font-size: 60px; color: black;"">SE1S</span>",J,same,leet,incongruent_leet,6,5,SE1S,,,,,
422,1791195446161,05/10/2026 10:17:26,1791195446161,2,05/10/2026 12:17:26,283162,5,task-biuv,,58572850,,16708144,,complete,,,computer,Desktop or Laptop,Windows 10,Firefox 102.0,3840x2160,3840x1838,,,0,UCL - tarea 1 ,6,Group1,spreadsheet1,spreadsheet1,99,trial,Reference,m6fryy,2,timedOut,,,301.7600000000093,299.9799999999814,301.7600000000093,301.7600000000093,299.9799999999814,301.7600000000093,1,0,0,,Time Limit,screen,0,screen,trial,,,,106,"<span style=""font-family: 'Courier New', Courier, monospace; font-size: 60px; color: black;"">seis</span>",######,######,"<span style=""font-family: 'Courier New', Courier, monospace; font-size: 60px; color: black;"">SE1S</span>",J,same,leet,incongruent_leet,6,5,SE1S,,,,,
423,1791195446671,05/10/2026 10:17:26,1791195446671,2,05/10/2026 12:17:26,283162,5,task-biuv,,58572850,,16708144,,complete,,,computer,Desktop or Laptop,Windows 10,Firefox 102.0,3840x2160,3840x1838,,,0,UCL - tarea 1 ,6,Group1,spreadsheet1,spreadsheet1,99,trial,Target,spx9cn,3,response,J,,513.7800000000279,499.9800000000396,513.7800000000279,513.7800000000279,499.9800000000396,513.7800000000279,1,0,0,,Keyboard Response,Respuesta,3,object-91,trial,,,,106,"<span style=""font-family: 'Courier New', Courier, monospace; font-size: 60px; color: black;"">seis</span>",######,######,"<span style=""font-family: 'Courier New', Courier, monospace; font-size: 60px; color: black;"">SE1S</span>",J,same,leet,incongruent_leet,6,5,SE1S,,,,,
424,1791195447160,05/10/2026 10:17:27,1791195447160,2,05/10/2026 12:17:27,283162,5,task-biuv,,58572850,,16708144,,complete,,,computer,Desktop or Laptop,Windows 10,Firefox 102.0,3840x2160,3840x1838,,,0,UCL - tarea 1 ,6,Group1,spreadsheet1,spreadsheet1,99,trial,Blank,vybs3x,4,timedOut,,,501.79999999998836,499.95999999996275,501.79999999998836,501.79999999998836,499.95999999996275,501.79999999998836,1,0,0,,Time Limit,screen,0,screen,trial,,,,106,"<span style=""font-family: 'Courier New', Courier, monospace; font-size: 60px; color: black;"">seis</span>",######,######,"<span style=""font-family: 'Courier New', Courier, monospace; font-size: 60px; color: black;"">SE1S</span>",J,same,leet,incongruent_leet,6,5,SE1S,,,,,
425,1791195447660,05/10/2026 10:17:27,1791195447660,2,05/10/2026 12:17:27,283162,5,task-biuv,,58572850,,16708144,,complete,,,computer,Desktop or Laptop,Windows 10,Firefox 102.0,3840x2160,3840x1838,,,0,UCL - tarea 1 ,6,Group1,spreadsheet1,spreadsheet1,100,trial,Fixation,w99rzd,1,continue,,,499.9800000000396,499.9800000000396,499.9800000000396,499.9800000000396,499.9800000000396,499.9800000000396,1,0,0,,Fixation Timing,Fixation Cross,1,object-125,trial,,,,213,"<span style=""font-family: 'Courier New', Courier, monospace; font-size: 60px; color: black;"">siete</span>",######,######,"<span style=""font-family: 'Courier New', Courier, monospace; font-size: 60px; color: black;"">SIETE</span>",J,same,uppercase,baseline,7,5,SIETE,,,,,
426,1791195447960,05/10/2026 10:17:27,1791195447960,2,05/10/2026 12:17:27,283162,5,task-biuv,,58572850,,16708144,,complete,,,computer,Desktop or Laptop,Windows 10,Firefox 102.0,3840x2160,3840x1838,,,0,UCL - tarea 1 ,6,Group1,spreadsheet1,spreadsheet1,100,trial,Reference,m6fryy,2,timedOut,,,301.85999999998603,299.9799999999814,301.85999999998603,301.85999999998603,299.9799999999814,301.85999999998603,1,0,0,,Time Limit,screen,0,screen,trial,,,,213,"<span style=""font-family: 'Courier New', Courier, monospace; font-size: 60px; color: black;"">siete</span>",######,######,"<span style=""font-family: 'Courier New', Courier, monospace; font-size: 60px; color: black;"">SIETE</span>",J,same,uppercase,baseline,7,5,SIETE,,,,,
427,1791195448664,05/10/2026 10:17:28,1791195448664,2,05/10/2026 12:17:28,283162,5,task-biuv,,58572850,,16708144,,complete,,,computer,Desktop or Laptop,Windows 10,Firefox 102.0,3840x2160,3840x1838,,,0,UCL - tarea 1 ,6,Group1,spreadsheet1,spreadsheet1,100,trial,Target,spx9cn,3,response,J,,706.8800000000047,701,706.8800000000047,706.8800000000047,701,706.8800000000047,1,0,0,,Keyboard Response,Respuesta,3,object-91,trial,,,,213,"<span style=""font-family: 'Courier New', Courier, monospace; font-size: 60px; color: black;"">siete</span>",######,######,"<span style=""font-family: 'Courier New', Courier, monospace; font-size: 60px; color: black;"">SIETE</span>",J,same,uppercase,baseline,7,5,SIETE,,,,,
428,1791195449160,05/10/2026 10:17:29,1791195449160,2,05/10/2026 12:17:29,283162,5,task-biuv,,58572850,,16708144,,complete,,,computer,Desktop or Laptop,Windows 10,Firefox 102.0,3840x2160,3840x1838,,,0,UCL - tarea 1 ,6,Group1,spreadsheet1,spreadsheet1,100,trial,Blank,vybs3x,4,timedOut,,,501.88000000000466,499.9799999999814,501.88000000000466,501.88000000000466,499.9799999999814,501.88000000000466,1,0,0,,Time Limit,screen,0,screen,trial,,,,213,"<span style=""font-family: 'Courier New', Courier, monospace; font-size: 60px; color: black;"">siete</span>",######,######,"<span style=""font-family: 'Courier New', Courier, monospace; font-size: 60px; color: black;"">SIETE</span>",J,same,uppercase,baseline,7,5,SIETE,,,,,
429,1791195449660,05/10/2026 10:17:29,1791195449660,2,05/10/2026 12:17:29,283162,5,task-biuv,,58572850,,16708144,,complete,,,computer,Desktop or Laptop,Windows 10,Firefox 102.0,3840x2160,3840x1838,,,0,UCL - tarea 1 ,6,Group1,spreadsheet1,spreadsheet1,101,trial,Fixation,w99rzd,1,continue,,,499.9800000000396,499.9800000000396,499.9800000000396,499.9800000000396,499.9800000000396,499.9800000000396,1,0,0,,Fixation Timing,Fixation Cross,1,object-125,trial,,,,98,"<span style=""font-family: 'Courier New', Courier, monospace; font-size: 60px; color: black;"">cuatro</span>",######,######,"<span style=""font-family: 'Courier New', Courier, monospace; font-size: 60px; color: black;"">CU4TRO</span>",J,same,leet,congruent_leet,4,5,CU4TRO,,,,,
430,1791195449960,05/10/2026 10:17:29,1791195449960,2,05/10/2026 12:17:29,283162,5,task-biuv,,58572850,,16708144,,complete,,,computer,Desktop or Laptop,Windows 10,Firefox 102.0,3840x2160,3840x1838,,,0,UCL - tarea 1 ,6,Group1,spreadsheet1,spreadsheet1,101,trial,Reference,m6fryy,2,timedOut,,,300.9199999999837,299.9799999999814,300.9199999999837,300.9199999999837,299.9799999999814,300.9199999999837,1,0,0,,Time Limit,screen,0,screen,trial,,,,98,"<span style=""font-family: 'Courier New', Courier, monospace; font-size: 60px; color: black;"">cuatro</span>",######,######,"<span style=""font-family: 'Courier New', Courier, monospace; font-size: 60px; color: black;"">CU4TRO</span>",J,same,leet,congruent_leet,4,5,CU4TRO,,,,,
431,1791195450527,05/10/2026 10:17:30,1791195450527,2,05/10/2026 12:17:30,283162,5,task-biuv,,58572850,,16708144,,complete,,,computer,Desktop or Laptop,Windows 10,Firefox 102.0,3840x2160,3840x1838,,,0,UCL - tarea 1 ,6,Group1,spreadsheet1,spreadsheet1,101,trial,Target,spx9cn,3,response,J,,567.9400000000023,566.640000000014,567.9400000000023,567.9400000000023,566.640000000014,567.9400000000023,1,0,0,,Keyboard Response,Respuesta,3,object-91,trial,,,,98,"<span style=""font-family: 'Courier New', Courier, monospace; font-size: 60px; color: black;"">cuatro</span>",######,######,"<span style=""font-family: 'Courier New', Courier, monospace; font-size: 60px; color: black;"">CU4TRO</span>",J,same,leet,congruent_leet,4,5,CU4TRO,,,,,
432,1791195451027,05/10/2026 10:17:31,1791195451027,2,05/10/2026 12:17:31,283162,5,task-biuv,,58572850,,16708144,,complete,,,computer,Desktop or Laptop,Windows 10,Firefox 102.0,3840x2160,3840x1838,,,0,UCL - tarea 1 ,6,Group1,spreadsheet1,spreadsheet1,101,trial,Blank,vybs3x,4,timedOut,,,501.29999999998836,499.9799999999814,501.29999999998836,501.29999999998836,499.9799999999814,501.29999999998836,1,0,0,,Time Limit,screen,0,screen,trial,,,,98,"<span style=""font-family: 'Courier New', Courier, monospace; font-size: 60px; color: black;"">cuatro</span>",######,######,"<span style=""font-family: 'Courier New', Courier, monospace; font-size: 60px; color: black;"">CU4TRO</span>",J,same,leet,congruent_leet,4,5,CU4TRO,,,,,
433,1791195451526,05/10/2026 10:17:31,1791195451526,2,05/10/2026 12:17:31,283162,5,task-biuv,,58572850,,16708144,,complete,,,computer,Desktop or Laptop,Windows 10,Firefox 102.0,3840x2160,3840x1838,,,0,UCL - tarea 1 ,6,Group1,spreadsheet1,spreadsheet1,102,trial,Fixation,w99rzd,1,continue,,,499.96000000002095,499.96000000002095,499.96000000002095,499.96000000002095,499.96000000002095,499.96000000002095,1,0,0,,Fixation Timing,Fixation Cross,1,object-125,trial,,,,216,"<span style=""font-family: 'Courier New', Courier, monospace; font-size: 60px; color: black;"">cinco</span>",######,######,"<span style=""font-family: 'Courier New', Courier, monospace; font-size: 60px; color: black;"">C1NCO</span>",J,same,leet,incongruent_leet,5,5,C1NCO,,,,,
434,1791195451826,05/10/2026 10:17:31,1791195451826,2,05/10/2026 12:17:31,283162,5,task-biuv,,58572850,,16708144,,complete,,,computer,Desktop or Laptop,Windows 10,Firefox 102.0,3840x2160,3840x1838,,,0,UCL - tarea 1 ,6,Group1,spreadsheet1,spreadsheet1,102,trial,Reference,m6fryy,2,timedOut,,,301.35999999998603,299.9799999999814,301.35999999998603,301.35999999998603,299.9799999999814,301.35999999998603,1,0,0,,Time Limit,screen,0,screen,trial,,,,216,"<span style=""font-family: 'Courier New', Courier, monospace; font-size: 60px; color: black;"">cinco</span>",######,######,"<span style=""font-family: 'Courier New', Courier, monospace; font-size: 60px; color: black;"">C1NCO</span>",J,same,leet,incongruent_leet,5,5,C1NCO,,,,,
435,1791195452361,05/10/2026 10:17:32,1791195452361,2,05/10/2026 12:17:32,283162,5,task-biuv,,58572850,,16708144,,complete,,,computer,Desktop or Laptop,Windows 10,Firefox 102.0,3840x2160,3840x1838,,,0,UCL - tarea 1 ,6,Group1,spreadsheet1,spreadsheet1,102,trial,Target,spx9cn,3,response,J,,535.3800000000047,533.320000000007,535.3800000000047,535.3800000000047,533.320000000007,535.3800000000047,1,0,0,,Keyboard Response,Respuesta,3,object-91,trial,,,,216,"<span style=""font-family: 'Courier New', Courier, monospace; font-size: 60px; color: black;"">cinco</span>",######,######,"<span style=""font-family: 'Courier New', Courier, monospace; font-size: 60px; color: black;"">C1NCO</span>",J,same,leet,incongruent_leet,5,5,C1NCO,,,,,
436,1791195452860,05/10/2026 10:17:32,1791195452860,2,05/10/2026 12:17:32,283162,5,task-biuv,,58572850,,16708144,,complete,,,computer,Desktop or Laptop,Windows 10,Firefox 102.0,3840x2160,3840x1838,,,0,UCL - tarea 1 ,6,Group1,spreadsheet1,spreadsheet1,102,trial,Blank,vybs3x,4,timedOut,,,501.0599999999977,499.96000000002095,501.0599999999977,501.0599999999977,499.96000000002095,501.0599999999977,1,0,0,,Time Limit,screen,0,screen,trial,,,,216,"<span style=""font-family: 'Courier New', Courier, monospace; font-size: 60px; color: black;"">cinco</span>",######,######,"<span style=""font-family: 'Courier New', Courier, monospace; font-size: 60px; color: black;"">C1NCO</span>",J,same,leet,incongruent_leet,5,5,C1NCO,,,,,
437,1791195453361,05/10/2026 10:17:33,1791195453361,2,05/10/2026 12:17:33,283162,5,task-biuv,,58572850,,16708144,,complete,,,computer,Desktop or Laptop,Windows 10,Firefox 102.0,3840x2160,3840x1838,,,0,UCL - tarea 1 ,6,Group1,spreadsheet1,spreadsheet1,103,trial,Fixation,w99rzd,1,continue,,,499.9799999999814,499.9799999999814,499.9799999999814,499.9799999999814,499.9799999999814,499.9799999999814,1,0,0,,Fixation Timing,Fixation Cross,1,object-125,trial,,,,221,"<span style=""font-family: 'Courier New', Courier, monospace; font-size: 60px; color: black;"">nueve</span>",######,######,"<span style=""font-family: 'Courier New', Courier, monospace; font-size: 60px; color: black;"">CUATRO</span>",F,different,uppercase,baseline,9,5,CUATRO,,,,,
438,1791195453660,05/10/2026 10:17:33,1791195453660,2,05/10/2026 12:17:33,283162,5,task-biuv,,58572850,,16708144,,complete,,,computer,Desktop or Laptop,Windows 10,Firefox 102.0,3840x2160,3840x1838,,,0,UCL - tarea 1 ,6,Group1,spreadsheet1,spreadsheet1,103,trial,Reference,m6fryy,2,timedOut,,,301.11999999999534,299.9799999999814,301.11999999999534,301.11999999999534,299.9799999999814,301.11999999999534,1,0,0,,Time Limit,screen,0,screen,trial,,,,221,"<span style=""font-family: 'Courier New', Courier, monospace; font-size: 60px; color: black;"">nueve</span>",######,######,"<span style=""font-family: 'Courier New', Courier, monospace; font-size: 60px; color: black;"">CUATRO</span>",F,different,uppercase,baseline,9,5,CUATRO,,,,,
439,1791195454278,05/10/2026 10:17:34,1791195454278,2,05/10/2026 12:17:34,283162,5,task-biuv,,58572850,,16708144,,complete,,,computer,Desktop or Laptop,Windows 10,Firefox 102.0,3840x2160,3840x1838,,,0,UCL - tarea 1 ,6,Group1,spreadsheet1,spreadsheet1,103,trial,Target,spx9cn,3,response,F,,619.140000000014,616.640000000014,619.140000000014,619.140000000014,616.640000000014,619.140000000014,1,0,0,,Keyboard Response,Respuesta,3,object-91,trial,,,,221,"<span style=""font-family: 'Courier New', Courier, monospace; font-size: 60px; color: black;"">nueve</span>",######,######,"<span style=""font-family: 'Courier New', Courier, monospace; font-size: 60px; color: black;"">CUATRO</span>",F,different,uppercase,baseline,9,5,CUATRO,,,,,
440,1791195454776,05/10/2026 10:17:34,1791195454776,2,05/10/2026 12:17:34,283162,5,task-biuv,,58572850,,16708144,,complete,,,computer,Desktop or Laptop,Windows 10,Firefox 102.0,3840x2160,3840x1838,,,0,UCL - tarea 1 ,6,Group1,spreadsheet1,spreadsheet1,103,trial,Blank,vybs3x,4,timedOut,,,500.5,499.9799999999814,500.5,500.5,499.9799999999814,500.5,1,0,0,,Time Limit,screen,0,screen,trial,,,,221,"<span style=""font-family: 'Courier New', Courier, monospace; font-size: 60px; color: black;"">nueve</span>",######,######,"<span style=""font-family: 'Courier New', Courier, monospace; font-size: 60px; color: black;"">CUATRO</span>",F,different,uppercase,baseline,9,5,CUATRO,,,,,
441,1791195455277,05/10/2026 10:17:35,1791195455277,2,05/10/2026 12:17:35,283162,5,task-biuv,,58572850,,16708144,,complete,,,computer,Desktop or Laptop,Windows 10,Firefox 102.0,3840x2160,3840x1838,,,0,UCL - tarea 1 ,6,Group1,spreadsheet1,spreadsheet1,104,trial,Fixation,w99rzd,1,continue,,,499.96000000002095,499.96000000002095,499.96000000002095,499.96000000002095,499.96000000002095,499.96000000002095,1,0,0,,Fixation Timing,Fixation Cross,1,object-125,trial,,,,97,"<span style=""font-family: 'Courier New', Courier, monospace; font-size: 60px; color: black;"">tres</span>",######,######,"<span style=""font-family: 'Courier New', Courier, monospace; font-size: 60px; color: black;"">TRES</span>",J,same,uppercase,baseline,3,5,TRES,,,,,
442,1791195455577,05/10/2026 10:17:35,1791195455577,2,05/10/2026 12:17:35,283162,5,task-biuv,,58572850,,16708144,,complete,,,computer,Desktop or Laptop,Windows 10,Firefox 102.0,3840x2160,3840x1838,,,0,UCL - tarea 1 ,6,Group1,spreadsheet1,spreadsheet1,104,trial,Reference,m6fryy,2,timedOut,,,301.5599999999977,300,301.5599999999977,301.5599999999977,300,301.5599999999977,1,0,0,,Time Limit,screen,0,screen,trial,,,,97,"<span style=""font-family: 'Courier New', Courier, monospace; font-size: 60px; color: black;"">tres</span>",######,######,"<span style=""font-family: 'Courier New', Courier, monospace; font-size: 60px; color: black;"">TRES</span>",J,same,uppercase,baseline,3,5,TRES,,,,,
443,1791195456185,05/10/2026 10:17:36,1791195456185,2,05/10/2026 12:17:36,283162,5,task-biuv,,58572850,,16708144,,complete,,,computer,Desktop or Laptop,Windows 10,Firefox 102.0,3840x2160,3840x1838,,,0,UCL - tarea 1 ,6,Group1,spreadsheet1,spreadsheet1,104,trial,Target,spx9cn,3,response,J,,608.5599999999977,599.960000000021,608.5599999999977,608.5599999999977,599.960000000021,608.5599999999977,1,0,0,,Keyboard Response,Respuesta,3,object-91,trial,,,,97,"<span style=""font-family: 'Courier New', Courier, monospace; font-size: 60px; color: black;"">tres</span>",######,######,"<span style=""font-family: 'Courier New', Courier, monospace; font-size: 60px; color: black;"">TRES</span>",J,same,uppercase,baseline,3,5,TRES,,,,,
444,1791195456677,05/10/2026 10:17:36,1791195456677,2,05/10/2026 12:17:36,283162,5,task-biuv,,58572850,,16708144,,complete,,,computer,Desktop or Laptop,Windows 10,Firefox 102.0,3840x2160,3840x1838,,,0,UCL - tarea 1 ,6,Group1,spreadsheet1,spreadsheet1,104,trial,Blank,vybs3x,4,timedOut,,,501.5999999999767,499.9799999999814,501.5999999999767,501.5999999999767,499.9799999999814,501.5999999999767,1,0,0,,Time Limit,screen,0,screen,trial,,,,97,"<span style=""font-family: 'Courier New', Courier, monospace; font-size: 60px; color: black;"">tres</span>",######,######,"<span style=""font-family: 'Courier New', Courier, monospace; font-size: 60px; color: black;"">TRES</span>",J,same,uppercase,baseline,3,5,TRES,,,,,
445,1791195457176,05/10/2026 10:17:37,1791195457176,2,05/10/2026 12:17:37,283162,5,task-biuv,,58572850,,16708144,,complete,,,computer,Desktop or Laptop,Windows 10,Firefox 102.0,3840x2160,3840x1838,,,0,UCL - tarea 1 ,6,Group1,spreadsheet1,spreadsheet1,105,trial,Fixation,w99rzd,1,continue,,,499.9799999999814,499.9799999999814,499.9799999999814,499.9799999999814,499.9799999999814,499.9799999999814,1,0,0,,Fixation Timing,Fixation Cross,1,object-125,trial,,,,120,"<span style=""font-family: 'Courier New', Courier, monospace; font-size: 60px; color: black;"">cinco</span>",######,######,"<span style=""font-family: 'Courier New', Courier, monospace; font-size: 60px; color: black;"">SIETE</span>",F,different,uppercase,baseline,5,5,SIETE,,,,,
446,1791195457476,05/10/2026 10:17:37,1791195457476,2,05/10/2026 12:17:37,283162,5,task-biuv,,58572850,,16708144,,complete,,,computer,Desktop or Laptop,Windows 10,Firefox 102.0,3840x2160,3840x1838,,,0,UCL - tarea 1 ,6,Group1,spreadsheet1,spreadsheet1,105,trial,Reference,m6fryy,2,timedOut,,,300.64000000001397,299.9800000000396,300.64000000001397,300.64000000001397,299.9800000000396,300.64000000001397,1,0,0,,Time Limit,screen,0,screen,trial,,,,120,"<span style=""font-family: 'Courier New', Courier, monospace; font-size: 60px; color: black;"">cinco</span>",######,######,"<span style=""font-family: 'Courier New', Courier, monospace; font-size: 60px; color: black;"">SIETE</span>",F,different,uppercase,baseline,5,5,SIETE,,,,,
447,1791195458151,05/10/2026 10:17:38,1791195458151,2,05/10/2026 12:17:38,283162,5,task-biuv,,58572850,,16708144,,complete,,,computer,Desktop or Laptop,Windows 10,Firefox 102.0,3840x2160,3840x1838,,,0,UCL - tarea 1 ,6,Group1,spreadsheet1,spreadsheet1,105,trial,Target,spx9cn,3,response,F,,675.6599999999744,666.6199999999953,675.6599999999744,675.6599999999744,666.6199999999953,675.6599999999744,1,0,0,,Keyboard Response,Respuesta,3,object-91,trial,,,,120,"<span style=""font-family: 'Courier New', Courier, monospace; font-size: 60px; color: black;"">cinco</span>",######,######,"<span style=""font-family: 'Courier New', Courier, monospace; font-size: 60px; color: black;"">SIETE</span>",F,different,uppercase,baseline,5,5,SIETE,,,,,
448,1791195458643,05/10/2026 10:17:38,1791195458643,2,05/10/2026 12:17:38,283162,5,task-biuv,,58572850,,16708144,,complete,,,computer,Desktop or Laptop,Windows 10,Firefox 102.0,3840x2160,3840x1838,,,0,UCL - tarea 1 ,6,Group1,spreadsheet1,spreadsheet1,105,trial,Blank,vybs3x,4,timedOut,,,502.03999999997905,499.9799999999814,502.03999999997905,502.03999999997905,499.9799999999814,502.03999999997905,1,0,0,,Time Limit,screen,0,screen,trial,,,,120,"<span style=""font-family: 'Courier New', Courier, monospace; font-size: 60px; color: black;"">cinco</span>",######,######,"<span style=""font-family: 'Courier New', Courier, monospace; font-size: 60px; color: black;"">SIETE</span>",F,different,uppercase,baseline,5,5,SIETE,,,,,
449,1791195459143,05/10/2026 10:17:39,1791195459143,2,05/10/2026 12:17:39,283162,5,task-biuv,,58572850,,16708144,,complete,,,computer,Desktop or Laptop,Windows 10,Firefox 102.0,3840x2160,3840x1838,,,0,UCL - tarea 1 ,6,Group1,spreadsheet1,spreadsheet1,106,trial,Fixation,w99rzd,1,continue,,,499.9799999999814,499.9799999999814,499.9799999999814,499.9799999999814,499.9799999999814,499.9799999999814,1,0,0,,Fixation Timing,Fixation Cross,1,object-125,trial,,,,118,"<span style=""font-family: 'Courier New', Courier, monospace; font-size: 60px; color: black;"">seis</span>",######,######,"<span style=""font-family: 'Courier New', Courier, monospace; font-size: 60px; color: black;"">TRES</span>",F,different,uppercase,baseline,6,5,TRES,,,,,
450,1791195459443,05/10/2026 10:17:39,1791195459443,2,05/10/2026 12:17:39,283162,5,task-biuv,,58572850,,16708144,,complete,,,computer,Desktop or Laptop,Windows 10,Firefox 102.0,3840x2160,3840x1838,,,0,UCL - tarea 1 ,6,Group1,spreadsheet1,spreadsheet1,106,trial,Reference,m6fryy,2,timedOut,,,301.0800000000163,299.9800000000396,301.0800000000163,301.0800000000163,299.9800000000396,301.0800000000163,1,0,0,,Time Limit,screen,0,screen,trial,,,,118,"<span style=""font-family: 'Courier New', Courier, monospace; font-size: 60px; color: black;"">seis</span>",######,######,"<span style=""font-family: 'Courier New', Courier, monospace; font-size: 60px; color: black;"">TRES</span>",F,different,uppercase,baseline,6,5,TRES,,,,,
451,1791195460230,05/10/2026 10:17:40,1791195460230,2,05/10/2026 12:17:40,283162,5,task-biuv,,58572850,,16708144,,complete,,,computer,Desktop or Laptop,Windows 10,Firefox 102.0,3840x2160,3840x1838,,,0,UCL - tarea 1 ,6,Group1,spreadsheet1,spreadsheet1,106,trial,Target,spx9cn,3,response,F,,788.0999999999767,783.2999999999884,788.0999999999767,788.0999999999767,783.2999999999884,788.0999999999767,1,0,0,,Keyboard Response,Respuesta,3,object-91,trial,,,,118,"<span style=""font-family: 'Courier New', Courier, monospace; font-size: 60px; color: black;"">seis</span>",######,######,"<span style=""font-family: 'Courier New', Courier, monospace; font-size: 60px; color: black;"">TRES</span>",F,different,uppercase,baseline,6,5,TRES,,,,,
452,1791195460726,05/10/2026 10:17:40,1791195460726,2,05/10/2026 12:17:40,283162,5,task-biuv,,58572850,,16708144,,complete,,,computer,Desktop or Laptop,Windows 10,Firefox 102.0,3840x2160,3840x1838,,,0,UCL - tarea 1 ,6,Group1,spreadsheet1,spreadsheet1,106,trial,Blank,vybs3x,4,timedOut,,,500.79999999998836,499.95999999996275,500.79999999998836,500.79999999998836,499.95999999996275,500.79999999998836,1,0,0,,Time Limit,screen,0,screen,trial,,,,118,"<span style=""font-family: 'Courier New', Courier, monospace; font-size: 60px; color: black;"">seis</span>",######,######,"<span style=""font-family: 'Courier New', Courier, monospace; font-size: 60px; color: black;"">TRES</span>",F,different,uppercase,baseline,6,5,TRES,,,,,
453,1791195461227,05/10/2026 10:17:41,1791195461227,2,05/10/2026 12:17:41,283162,5,task-biuv,,58572850,,16708144,,complete,,,computer,Desktop or Laptop,Windows 10,Firefox 102.0,3840x2160,3840x1838,,,0,UCL - tarea 1 ,6,Group1,spreadsheet1,spreadsheet1,107,trial,Fixation,w99rzd,1,continue,,,499.9800000000396,499.9800000000396,499.9800000000396,499.9800000000396,499.9800000000396,499.9800000000396,1,0,0,,Fixation Timing,Fixation Cross,1,object-125,trial,,,,111,"<span style=""font-family: 'Courier New', Courier, monospace; font-size: 60px; color: black;"">siete</span>",######,######,"<span style=""font-family: 'Courier New', Courier, monospace; font-size: 60px; color: black;"">CINCO</span>",F,different,uppercase,baseline,7,5,CINCO,,,,,
454,1791195461526,05/10/2026 10:17:41,1791195461526,2,05/10/2026 12:17:41,283162,5,task-biuv,,58572850,,16708144,,complete,,,computer,Desktop or Laptop,Windows 10,Firefox 102.0,3840x2160,3840x1838,,,0,UCL - tarea 1 ,6,Group1,spreadsheet1,spreadsheet1,107,trial,Reference,m6fryy,2,timedOut,,,300.85999999998603,299.9799999999814,300.85999999998603,300.85999999998603,299.9799999999814,300.85999999998603,1,0,0,,Time Limit,screen,0,screen,trial,,,,111,"<span style=""font-family: 'Courier New', Courier, monospace; font-size: 60px; color: black;"">siete</span>",######,######,"<span style=""font-family: 'Courier New', Courier, monospace; font-size: 60px; color: black;"">CINCO</span>",F,different,uppercase,baseline,7,5,CINCO,,,,,
455,1791195462294,05/10/2026 10:17:42,1791195462294,2,05/10/2026 12:17:42,283162,5,task-biuv,,58572850,,16708144,,complete,,,computer,Desktop or Laptop,Windows 10,Firefox 102.0,3840x2160,3840x1838,,,0,UCL - tarea 1 ,6,Group1,spreadsheet1,spreadsheet1,107,trial,Target,spx9cn,3,response,F,,768.8800000000047,766.640000000014,768.8800000000047,768.8800000000047,766.640000000014,768.8800000000047,1,0,0,,Keyboard Response,Respuesta,3,object-91,trial,,,,111,"<span style=""font-family: 'Courier New', Courier, monospace; font-size: 60px; color: black;"">siete</span>",######,######,"<span style=""font-family: 'Courier New', Courier, monospace; font-size: 60px; color: black;"">CINCO</span>",F,different,uppercase,baseline,7,5,CINCO,,,,,
456,1791195462794,05/10/2026 10:17:42,1791195462794,2,05/10/2026 12:17:42,283162,5,task-biuv,,58572850,,16708144,,complete,,,computer,Desktop or Laptop,Windows 10,Firefox 102.0,3840x2160,3840x1838,,,0,UCL - tarea 1 ,6,Group1,spreadsheet1,spreadsheet1,107,trial,Blank,vybs3x,4,timedOut,,,501.2399999999907,499.95999999996275,501.2399999999907,501.2399999999907,499.95999999996275,501.2399999999907,1,0,0,,Time Limit,screen,0,screen,trial,,,,111,"<span style=""font-family: 'Courier New', Courier, monospace; font-size: 60px; color: black;"">siete</span>",######,######,"<span style=""font-family: 'Courier New', Courier, monospace; font-size: 60px; color: black;"">CINCO</span>",F,different,uppercase,baseline,7,5,CINCO,,,,,
457,1791195463293,05/10/2026 10:17:43,1791195463293,2,05/10/2026 12:17:43,283162,5,task-biuv,,58572850,,16708144,,complete,,,computer,Desktop or Laptop,Windows 10,Firefox 102.0,3840x2160,3840x1838,,,0,UCL - tarea 1 ,6,Group1,spreadsheet1,spreadsheet1,108,trial,Fixation,w99rzd,1,continue,,,499.9800000000396,499.9800000000396,499.9800000000396,499.9800000000396,499.9800000000396,499.9800000000396,1,0,0,,Fixation Timing,Fixation Cross,1,object-125,trial,,,,100,"<span style=""font-family: 'Courier New', Courier, monospace; font-size: 60px; color: black;"">seis</span>",######,######,"<span style=""font-family: 'Courier New', Courier, monospace; font-size: 60px; color: black;"">SEIS</span>",J,same,uppercase,baseline,6,5,SEIS,,,,,
458,1791195463594,05/10/2026 10:17:43,1791195463594,2,05/10/2026 12:17:43,283162,5,task-biuv,,58572850,,16708144,,complete,,,computer,Desktop or Laptop,Windows 10,Firefox 102.0,3840x2160,3840x1838,,,0,UCL - tarea 1 ,6,Group1,spreadsheet1,spreadsheet1,108,trial,Reference,m6fryy,2,timedOut,,,301.29999999998836,299.9799999999814,301.29999999998836,301.29999999998836,299.9799999999814,301.29999999998836,1,0,0,,Time Limit,screen,0,screen,trial,,,,100,"<span style=""font-family: 'Courier New', Courier, monospace; font-size: 60px; color: black;"">seis</span>",######,######,"<span style=""font-family: 'Courier New', Courier, monospace; font-size: 60px; color: black;"">SEIS</span>",J,same,uppercase,baseline,6,5,SEIS,,,,,
459,1791195464226,05/10/2026 10:17:44,1791195464226,2,05/10/2026 12:17:44,283162,5,task-biuv,,58572850,,16708144,,complete,,,computer,Desktop or Laptop,Windows 10,Firefox 102.0,3840x2160,3840x1838,,,0,UCL - tarea 1 ,6,Group1,spreadsheet1,spreadsheet1,108,trial,Target,spx9cn,3,response,J,,633.3000000000466,616.640000000014,633.3000000000466,633.3000000000466,616.640000000014,633.3000000000466,1,0,0,,Keyboard Response,Respuesta,3,object-91,trial,,,,100,"<span style=""font-family: 'Courier New', Courier, monospace; font-size: 60px; color: black;"">seis</span>",######,######,"<span style=""font-family: 'Courier New', Courier, monospace; font-size: 60px; color: black;"">SEIS</span>",J,same,uppercase,baseline,6,5,SEIS,,,,,
460,1791195464710,05/10/2026 10:17:44,1791195464710,2,05/10/2026 12:17:44,283162,5,task-biuv,,58572850,,16708144,,complete,,,computer,Desktop or Laptop,Windows 10,Firefox 102.0,3840x2160,3840x1838,,,0,UCL - tarea 1 ,6,Group1,spreadsheet1,spreadsheet1,108,trial,Blank,vybs3x,4,timedOut,,,501.679999999993,499.9799999999814,501.679999999993,501.679999999993,499.9799999999814,501.679999999993,1,0,0,,Time Limit,screen,0,screen,trial,,,,100,"<span style=""font-family: 'Courier New', Courier, monospace; font-size: 60px; color: black;"">seis</span>",######,######,"<span style=""font-family: 'Courier New', Courier, monospace; font-size: 60px; color: black;"">SEIS</span>",J,same,uppercase,baseline,6,5,SEIS,,,,,
461,1791195465209,05/10/2026 10:17:45,1791195465209,2,05/10/2026 12:17:45,283162,5,task-biuv,,58572850,,16708144,,complete,,,computer,Desktop or Laptop,Windows 10,Firefox 102.0,3840x2160,3840x1838,,,0,UCL - tarea 1 ,6,Group1,spreadsheet1,spreadsheet1,109,trial,Fixation,w99rzd,1,continue,,,499.96000000002095,499.96000000002095,499.96000000002095,499.96000000002095,499.96000000002095,499.96000000002095,1,0,0,,Fixation Timing,Fixation Cross,1,object-125,trial,,,,224,"<span style=""font-family: 'Courier New', Courier, monospace; font-size: 60px; color: black;"">cuatro</span>",######,######,"<span style=""font-family: 'Courier New', Courier, monospace; font-size: 60px; color: black;"">NUEVE</span>",F,different,uppercase,baseline,4,5,NUEVE,,,,,
462,1791195465510,05/10/2026 10:17:45,1791195465510,2,05/10/2026 12:17:45,283162,5,task-biuv,,58572850,,16708144,,complete,,,computer,Desktop or Laptop,Windows 10,Firefox 102.0,3840x2160,3840x1838,,,0,UCL - tarea 1 ,6,Group1,spreadsheet1,spreadsheet1,109,trial,Reference,m6fryy,2,timedOut,,,301.7399999999907,300,301.7399999999907,301.7399999999907,300,301.7399999999907,1,0,0,,Time Limit,screen,0,screen,trial,,,,224,"<span style=""font-family: 'Courier New', Courier, monospace; font-size: 60px; color: black;"">cuatro</span>",######,######,"<span style=""font-family: 'Courier New', Courier, monospace; font-size: 60px; color: black;"">NUEVE</span>",F,different,uppercase,baseline,4,5,NUEVE,,,,,
463,1791195466127,05/10/2026 10:17:46,1791195466127,2,05/10/2026 12:17:46,283162,5,task-biuv,,58572850,,16708144,,complete,,,computer,Desktop or Laptop,Windows 10,Firefox 102.0,3840x2160,3840x1838,,,0,UCL - tarea 1 ,6,Group1,spreadsheet1,spreadsheet1,109,trial,Target,spx9cn,3,response,F,,619.7399999999907,616.6199999999953,619.7399999999907,619.7399999999907,616.6199999999953,619.7399999999907,1,0,0,,Keyboard Response,Respuesta,3,object-91,trial,,,,224,"<span style=""font-family: 'Courier New', Courier, monospace; font-size: 60px; color: black;"">cuatro</span>",######,######,"<span style=""font-family: 'Courier New', Courier, monospace; font-size: 60px; color: black;"">NUEVE</span>",F,different,uppercase,baseline,4,5,NUEVE,,,,,
464,1791195466626,05/10/2026 10:17:46,1791195466626,2,05/10/2026 12:17:46,283162,5,task-biuv,,58572850,,16708144,,complete,,,computer,Desktop or Laptop,Windows 10,Firefox 102.0,3840x2160,3840x1838,,,0,UCL - tarea 1 ,6,Group1,spreadsheet1,spreadsheet1,109,trial,Blank,vybs3x,4,timedOut,,,501.11999999999534,499.9799999999814,501.11999999999534,501.11999999999534,499.9799999999814,501.11999999999534,1,0,0,,Time Limit,screen,0,screen,trial,,,,224,"<span style=""font-family: 'Courier New', Courier, monospace; font-size: 60px; color: black;"">cuatro</span>",######,######,"<span style=""font-family: 'Courier New', Courier, monospace; font-size: 60px; color: black;"">NUEVE</span>",F,different,uppercase,baseline,4,5,NUEVE,,,,,
465,1791195467126,05/10/2026 10:17:47,1791195467126,2,05/10/2026 12:17:47,283162,5,task-biuv,,58572850,,16708144,,complete,,,computer,Desktop or Laptop,Windows 10,Firefox 102.0,3840x2160,3840x1838,,,0,UCL - tarea 1 ,6,Group1,spreadsheet1,spreadsheet1,110,trial,Fixation,w99rzd,1,continue,,,499.9800000000396,499.9800000000396,499.9800000000396,499.9800000000396,499.9800000000396,499.9800000000396,1,0,0,,Fixation Timing,Fixation Cross,1,object-125,trial,,,,110,"<span style=""font-family: 'Courier New', Courier, monospace; font-size: 60px; color: black;"">cuatro</span>",######,######,"<span style=""font-family: 'Courier New', Courier, monospace; font-size: 60px; color: black;"">NU3VE</span>",F,different,leet,incongruent_leet,4,5,NU3VE,,,,,
466,1791195467427,05/10/2026 10:17:47,1791195467427,2,05/10/2026 12:17:47,283162,5,task-biuv,,58572850,,16708144,,complete,,,computer,Desktop or Laptop,Windows 10,Firefox 102.0,3840x2160,3840x1838,,,0,UCL - tarea 1 ,6,Group1,spreadsheet1,spreadsheet1,110,trial,Reference,m6fryy,2,timedOut,,,302.1599999999744,299.9799999999814,302.1599999999744,302.1599999999744,299.9799999999814,302.1599999999744,1,0,0,,Time Limit,screen,0,screen,trial,,,,110,"<span style=""font-family: 'Courier New', Courier, monospace; font-size: 60px; color: black;"">cuatro</span>",######,######,"<span style=""font-family: 'Courier New', Courier, monospace; font-size: 60px; color: black;"">NU3VE</span>",F,different,leet,incongruent_leet,4,5,NU3VE,,,,,
467,1791195468136,05/10/2026 10:17:48,1791195468136,2,05/10/2026 12:17:48,283162,5,task-biuv,,58572850,,16708144,,complete,,,computer,Desktop or Laptop,Windows 10,Firefox 102.0,3840x2160,3840x1838,,,0,UCL - tarea 1 ,6,Group1,spreadsheet1,spreadsheet1,110,trial,Target,spx9cn,3,response,F,,711.179999999993,699.960000000021,711.179999999993,711.179999999993,699.960000000021,711.179999999993,1,0,0,,Keyboard Response,Respuesta,3,object-91,trial,,,,110,"<span style=""font-family: 'Courier New', Courier, monospace; font-size: 60px; color: black;"">cuatro</span>",######,######,"<span style=""font-family: 'Courier New', Courier, monospace; font-size: 60px; color: black;"">NU3VE</span>",F,different,leet,incongruent_leet,4,5,NU3VE,,,,,
468,1791195468626,05/10/2026 10:17:48,1791195468626,2,05/10/2026 12:17:48,283162,5,task-biuv,,58572850,,16708144,,complete,,,computer,Desktop or Laptop,Windows 10,Firefox 102.0,3840x2160,3840x1838,,,0,UCL - tarea 1 ,6,Group1,spreadsheet1,spreadsheet1,110,trial,Blank,vybs3x,4,timedOut,,,502.21999999997206,499.9799999999814,502.21999999997206,502.21999999997206,499.9799999999814,502.21999999997206,1,0,0,,Time Limit,screen,0,screen,trial,,,,110,"<span style=""font-family: 'Courier New', Courier, monospace; font-size: 60px; color: black;"">cuatro</span>",######,######,"<span style=""font-family: 'Courier New', Courier, monospace; font-size: 60px; color: black;"">NU3VE</span>",F,different,leet,incongruent_leet,4,5,NU3VE,,,,,
469,1791195469126,05/10/2026 10:17:49,1791195469126,2,05/10/2026 12:17:49,283162,5,task-biuv,,58572850,,16708144,,complete,,,computer,Desktop or Laptop,Windows 10,Firefox 102.0,3840x2160,3840x1838,,,0,UCL - tarea 1 ,6,Group1,spreadsheet1,spreadsheet1,111,trial,Fixation,w99rzd,1,continue,,,499.95999999996275,499.95999999996275,499.95999999996275,499.95999999996275,499.95999999996275,499.95999999996275,1,0,0,,Fixation Timing,Fixation Cross,1,object-125,trial,,,,116,"<span style=""font-family: 'Courier New', Courier, monospace; font-size: 60px; color: black;"">cuatro</span>",######,######,"<span style=""font-family: 'Courier New', Courier, monospace; font-size: 60px; color: black;"">NUEVE</span>",F,different,uppercase,baseline,4,5,NUEVE,,,,,
470,1791195469426,05/10/2026 10:17:49,1791195469426,2,05/10/2026 12:17:49,283162,5,task-biuv,,58572850,,16708144,,complete,,,computer,Desktop or Laptop,Windows 10,Firefox 102.0,3840x2160,3840x1838,,,0,UCL - tarea 1 ,6,Group1,spreadsheet1,spreadsheet1,111,trial,Reference,m6fryy,2,timedOut,,,301.28000000002794,300,301.28000000002794,301.28000000002794,300,301.28000000002794,1,0,0,,Time Limit,screen,0,screen,trial,,,,116,"<span style=""font-family: 'Courier New', Courier, monospace; font-size: 60px; color: black;"">cuatro</span>",######,######,"<span style=""font-family: 'Courier New', Courier, monospace; font-size: 60px; color: black;"">NUEVE</span>",F,different,uppercase,baseline,4,5,NUEVE,,,,,
471,1791195470272,05/10/2026 10:17:50,1791195470272,2,05/10/2026 12:17:50,283162,5,task-biuv,,58572850,,16708144,,complete,,,computer,Desktop or Laptop,Windows 10,Firefox 102.0,3840x2160,3840x1838,,,0,UCL - tarea 1 ,6,Group1,spreadsheet1,spreadsheet1,111,trial,Target,spx9cn,3,response,F,,848.2800000000279,833.2800000000279,848.2800000000279,848.2800000000279,833.2800000000279,848.2800000000279,1,0,0,,Keyboard Response,Respuesta,3,object-91,trial,,,,116,"<span style=""font-family: 'Courier New', Courier, monospace; font-size: 60px; color: black;"">cuatro</span>",######,######,"<span style=""font-family: 'Courier New', Courier, monospace; font-size: 60px; color: black;"">NUEVE</span>",F,different,uppercase,baseline,4,5,NUEVE,,,,,
472,1791195470760,05/10/2026 10:17:50,1791195470760,2,05/10/2026 12:17:50,283162,5,task-biuv,,58572850,,16708144,,complete,,,computer,Desktop or Laptop,Windows 10,Firefox 102.0,3840x2160,3840x1838,,,0,UCL - tarea 1 ,6,Group1,spreadsheet1,spreadsheet1,111,trial,Blank,vybs3x,4,timedOut,,,502,499.9799999999814,502,502,499.9799999999814,502,1,0,0,,Time Limit,screen,0,screen,trial,,,,116,"<span style=""font-family: 'Courier New', Courier, monospace; font-size: 60px; color: black;"">cuatro</span>",######,######,"<span style=""font-family: 'Courier New', Courier, monospace; font-size: 60px; color: black;"">NUEVE</span>",F,different,uppercase,baseline,4,5,NUEVE,,,,,
473,1791195471260,05/10/2026 10:17:51,1791195471260,2,05/10/2026 12:17:51,283162,5,task-biuv,,58572850,,16708144,,complete,,,computer,Desktop or Laptop,Windows 10,Firefox 102.0,3840x2160,3840x1838,,,0,UCL - tarea 1 ,6,Group1,spreadsheet1,spreadsheet1,112,trial,Fixation,w99rzd,1,continue,,,499.9800000000396,499.9800000000396,499.9800000000396,499.9800000000396,499.9800000000396,499.9800000000396,1,0,0,,Fixation Timing,Fixation Cross,1,object-125,trial,,,,112,"<span style=""font-family: 'Courier New', Courier, monospace; font-size: 60px; color: black;"">seis</span>",######,######,"<span style=""font-family: 'Courier New', Courier, monospace; font-size: 60px; color: black;"">TR3S</span>",F,different,leet,congruent_leet,6,5,TR3S,,,,,
474,1791195471560,05/10/2026 10:17:51,1791195471560,2,05/10/2026 12:17:51,283162,5,task-biuv,,58572850,,16708144,,complete,,,computer,Desktop or Laptop,Windows 10,Firefox 102.0,3840x2160,3840x1838,,,0,UCL - tarea 1 ,6,Group1,spreadsheet1,spreadsheet1,112,trial,Reference,m6fryy,2,timedOut,,,302.03999999997905,299.9799999999814,302.03999999997905,302.03999999997905,299.9799999999814,302.03999999997905,1,0,0,,Time Limit,screen,0,screen,trial,,,,112,"<span style=""font-family: 'Courier New', Courier, monospace; font-size: 60px; color: black;"">seis</span>",######,######,"<span style=""font-family: 'Courier New', Courier, monospace; font-size: 60px; color: black;"">TR3S</span>",F,different,leet,congruent_leet,6,5,TR3S,,,,,
475,1791195472264,05/10/2026 10:17:52,1791195472264,2,05/10/2026 12:17:52,283162,5,task-biuv,,58572850,,16708144,,complete,,,computer,Desktop or Laptop,Windows 10,Firefox 102.0,3840x2160,3840x1838,,,0,UCL - tarea 1 ,6,Group1,spreadsheet1,spreadsheet1,112,trial,Target,spx9cn,3,response,F,,707.0599999999977,699.960000000021,707.0599999999977,707.0599999999977,699.960000000021,707.0599999999977,1,0,0,,Keyboard Response,Respuesta,3,object-91,trial,,,,112,"<span style=""font-family: 'Courier New', Courier, monospace; font-size: 60px; color: black;"">seis</span>",######,######,"<span style=""font-family: 'Courier New', Courier, monospace; font-size: 60px; color: black;"">TR3S</span>",F,different,leet,congruent_leet,6,5,TR3S,,,,,
476,1791195472760,05/10/2026 10:17:52,1791195472760,2,05/10/2026 12:17:52,283162,5,task-biuv,,58572850,,16708144,,complete,,,computer,Desktop or Laptop,Windows 10,Firefox 102.0,3840x2160,3840x1838,,,0,UCL - tarea 1 ,6,Group1,spreadsheet1,spreadsheet1,112,trial,Blank,vybs3x,4,timedOut,,,502.0999999999767,499.9799999999814,502.0999999999767,502.0999999999767,499.9799999999814,502.0999999999767,1,0,0,,Time Limit,screen,0,screen,trial,,,,112,"<span style=""font-family: 'Courier New', Courier, monospace; font-size: 60px; color: black;"">seis</span>",######,######,"<span style=""font-family: 'Courier New', Courier, monospace; font-size: 60px; color: black;"">TR3S</span>",F,different,leet,congruent_leet,6,5,TR3S,,,,,
477,1791195473260,05/10/2026 10:17:53,1791195473260,2,05/10/2026 12:17:53,283162,5,task-biuv,,58572850,,16708144,,complete,,,computer,Desktop or Laptop,Windows 10,Firefox 102.0,3840x2160,3840x1838,,,0,UCL - tarea 1 ,6,Group1,spreadsheet1,spreadsheet1,113,trial,Fixation,w99rzd,1,continue,,,499.96000000002095,499.96000000002095,499.96000000002095,499.96000000002095,499.96000000002095,499.96000000002095,1,0,0,,Fixation Timing,Fixation Cross,1,object-125,trial,,,,205,"<span style=""font-family: 'Courier New', Courier, monospace; font-size: 60px; color: black;"">tres</span>",######,######,"<span style=""font-family: 'Courier New', Courier, monospace; font-size: 60px; color: black;"">TRES</span>",J,same,uppercase,baseline,3,5,TRES,,,,,
478,1791195473559,05/10/2026 10:17:53,1791195473559,2,05/10/2026 12:17:53,283162,5,task-biuv,,58572850,,16708144,,complete,,,computer,Desktop or Laptop,Windows 10,Firefox 102.0,3840x2160,3840x1838,,,0,UCL - tarea 1 ,6,Group1,spreadsheet1,spreadsheet1,113,trial,Reference,m6fryy,2,timedOut,,,302.1599999999744,300,302.1599999999744,302.1599999999744,300,302.1599999999744,1,0,0,,Time Limit,screen,0,screen,trial,,,,205,"<span style=""font-family: 'Courier New', Courier, monospace; font-size: 60px; color: black;"">tres</span>",######,######,"<span style=""font-family: 'Courier New', Courier, monospace; font-size: 60px; color: black;"">TRES</span>",J,same,uppercase,baseline,3,5,TRES,,,,,
479,1791195474241,05/10/2026 10:17:54,1791195474241,2,05/10/2026 12:17:54,283162,5,task-biuv,,58572850,,16708144,,complete,,,computer,Desktop or Laptop,Windows 10,Firefox 102.0,3840x2160,3840x1838,,,0,UCL - tarea 1 ,6,Group1,spreadsheet1,spreadsheet1,113,trial,Target,spx9cn,3,response,F,,683.1599999999744,667.8799999999464,683.1599999999744,683.1599999999744,667.8799999999464,683.1599999999744,0,0,0,,Keyboard Response,Respuesta,3,object-91,trial,,,,205,"<span style=""font-family: 'Courier New', Courier, monospace; font-size: 60px; color: black;"">tres</span>",######,######,"<span style=""font-family: 'Courier New', Courier, monospace; font-size: 60px; color: black;"">TRES</span>",J,same,uppercase,baseline,3,5,TRES,,,,,
480,1791195474725,05/10/2026 10:17:54,1791195474725,2,05/10/2026 12:17:54,283162,5,task-biuv,,58572850,,16708144,,complete,,,computer,Desktop or Laptop,Windows 10,Firefox 102.0,3840x2160,3840x1838,,,0,UCL - tarea 1 ,6,Group1,spreadsheet1,spreadsheet1,113,trial,Blank,vybs3x,4,timedOut,,,500.28000000002794,499.9800000000396,500.28000000002794,500.28000000002794,499.9800000000396,500.28000000002794,1,0,0,,Time Limit,screen,0,screen,trial,,,,205,"<span style=""font-family: 'Courier New', Courier, monospace; font-size: 60px; color: black;"">tres</span>",######,######,"<span style=""font-family: 'Courier New', Courier, monospace; font-size: 60px; color: black;"">TRES</span>",J,same,uppercase,baseline,3,5,TRES,,,,,
481,1791195475226,05/10/2026 10:17:55,1791195475226,2,05/10/2026 12:17:55,283162,5,task-biuv,,58572850,,16708144,,complete,,,computer,Desktop or Laptop,Windows 10,Firefox 102.0,3840x2160,3840x1838,,,0,UCL - tarea 1 ,6,Group1,spreadsheet1,spreadsheet1,114,trial,Fixation,w99rzd,1,continue,,,499.95999999996275,499.95999999996275,499.95999999996275,499.95999999996275,499.95999999996275,499.95999999996275,1,0,0,,Fixation Timing,Fixation Cross,1,object-125,trial,,,,115,"<span style=""font-family: 'Courier New', Courier, monospace; font-size: 60px; color: black;"">tres</span>",######,######,"<span style=""font-family: 'Courier New', Courier, monospace; font-size: 60px; color: black;"">SE1S</span>",F,different,leet,incongruent_leet,3,5,SE1S,,,,,
482,1791195475527,05/10/2026 10:17:55,1791195475527,2,05/10/2026 12:17:55,283162,5,task-biuv,,58572850,,16708144,,complete,,,computer,Desktop or Laptop,Windows 10,Firefox 102.0,3840x2160,3840x1838,,,0,UCL - tarea 1 ,6,Group1,spreadsheet1,spreadsheet1,114,trial,Reference,m6fryy,2,timedOut,,,301.3400000000256,299.9800000000396,301.3400000000256,301.3400000000256,299.9800000000396,301.3400000000256,1,0,0,,Time Limit,screen,0,screen,trial,,,,115,"<span style=""font-family: 'Courier New', Courier, monospace; font-size: 60px; color: black;"">tres</span>",######,######,"<span style=""font-family: 'Courier New', Courier, monospace; font-size: 60px; color: black;"">SE1S</span>",F,different,leet,incongruent_leet,3,5,SE1S,,,,,
483,1791195476391,05/10/2026 10:17:56,1791195476391,2,05/10/2026 12:17:56,283162,5,task-biuv,,58572850,,16708144,,complete,,,computer,Desktop or Laptop,Windows 10,Firefox 102.0,3840x2160,3840x1838,,,0,UCL - tarea 1 ,6,Group1,spreadsheet1,spreadsheet1,114,trial,Target,spx9cn,3,response,F,,865.359999999986,849.9599999999627,865.359999999986,865.359999999986,849.9599999999627,865.359999999986,1,0,0,,Keyboard Response,Respuesta,3,object-91,trial,,,,115,"<span style=""font-family: 'Courier New', Courier, monospace; font-size: 60px; color: black;"">tres</span>",######,######,"<span style=""font-family: 'Courier New', Courier, monospace; font-size: 60px; color: black;"">SE1S</span>",F,different,leet,incongruent_leet,3,5,SE1S,,,,,
484,1791195476876,05/10/2026 10:17:56,1791195476876,2,05/10/2026 12:17:56,283162,5,task-biuv,,58572850,,16708144,,complete,,,computer,Desktop or Laptop,Windows 10,Firefox 102.0,3840x2160,3840x1838,,,0,UCL - tarea 1 ,6,Group1,spreadsheet1,spreadsheet1,114,trial,Blank,vybs3x,4,timedOut,,,500.4000000000233,499.9800000000396,500.4000000000233,500.4000000000233,499.9800000000396,500.4000000000233,1,0,0,,Time Limit,screen,0,screen,trial,,,,115,"<span style=""font-family: 'Courier New', Courier, monospace; font-size: 60px; color: black;"">tres</span>",######,######,"<span style=""font-family: 'Courier New', Courier, monospace; font-size: 60px; color: black;"">SE1S</span>",F,different,leet,incongruent_leet,3,5,SE1S,,,,,
485,1791195477376,05/10/2026 10:17:57,1791195477376,2,05/10/2026 12:17:57,283162,5,task-biuv,,58572850,,16708144,,complete,,,computer,Desktop or Laptop,Windows 10,Firefox 102.0,3840x2160,3840x1838,,,0,UCL - tarea 1 ,6,Group1,spreadsheet1,spreadsheet1,115,trial,Fixation,w99rzd,1,continue,,,499.9799999999814,499.9799999999814,499.9799999999814,499.9799999999814,499.9799999999814,499.9799999999814,1,0,0,,Fixation Timing,Fixation Cross,1,object-125,trial,,,,107,"<span style=""font-family: 'Courier New', Courier, monospace; font-size: 60px; color: black;"">nueve</span>",######,######,"<span style=""font-family: 'Courier New', Courier, monospace; font-size: 60px; color: black;"">NUEVE</span>",J,same,uppercase,baseline,9,5,NUEVE,,,,,
486,1791195477677,05/10/2026 10:17:57,1791195477677,2,05/10/2026 12:17:57,283162,5,task-biuv,,58572850,,16708144,,complete,,,computer,Desktop or Laptop,Windows 10,Firefox 102.0,3840x2160,3840x1838,,,0,UCL - tarea 1 ,6,Group1,spreadsheet1,spreadsheet1,115,trial,Reference,m6fryy,2,timedOut,,,301.4400000000023,299.9799999999814,301.4400000000023,301.4400000000023,299.9799999999814,301.4400000000023,1,0,0,,Time Limit,screen,0,screen,trial,,,,107,"<span style=""font-family: 'Courier New', Courier, monospace; font-size: 60px; color: black;"">nueve</span>",######,######,"<span style=""font-family: 'Courier New', Courier, monospace; font-size: 60px; color: black;"">NUEVE</span>",J,same,uppercase,baseline,9,5,NUEVE,,,,,
487,1791195479096,05/10/2026 10:17:59,1791195479096,2,05/10/2026 12:17:59,283162,5,task-biuv,,58572850,,16708144,,complete,,,computer,Desktop or Laptop,Windows 10,Firefox 102.0,3840x2160,3840x1838,,,0,UCL - tarea 1 ,6,Group1,spreadsheet1,spreadsheet1,115,trial,Target,spx9cn,3,response,J,,1421.460000000021,1416.600000000035,1421.460000000021,1421.460000000021,1416.600000000035,1421.460000000021,1,0,0,,Keyboard Response,Respuesta,3,object-91,trial,,,,107,"<span style=""font-family: 'Courier New', Courier, monospace; font-size: 60px; color: black;"">nueve</span>",######,######,"<span style=""font-family: 'Courier New', Courier, monospace; font-size: 60px; color: black;"">NUEVE</span>",J,same,uppercase,baseline,9,5,NUEVE,,,,,
488,1791195479593,05/10/2026 10:17:59,1791195479593,2,05/10/2026 12:17:59,283162,5,task-biuv,,58572850,,16708144,,complete,,,computer,Desktop or Laptop,Windows 10,Firefox 102.0,3840x2160,3840x1838,,,0,UCL - tarea 1 ,6,Group1,spreadsheet1,spreadsheet1,115,trial,Blank,vybs3x,4,timedOut,,,501.85999999998603,499.95999999996275,501.85999999998603,501.85999999998603,499.95999999996275,501.85999999998603,1,0,0,,Time Limit,screen,0,screen,trial,,,,107,"<span style=""font-family: 'Courier New', Courier, monospace; font-size: 60px; color: black;"">nueve</span>",######,######,"<span style=""font-family: 'Courier New', Courier, monospace; font-size: 60px; color: black;"">NUEVE</span>",J,same,uppercase,baseline,9,5,NUEVE,,,,,
489,1791195480094,05/10/2026 10:18:00,1791195480094,2,05/10/2026 12:18:00,283162,5,task-biuv,,58572850,,16708144,,complete,,,computer,Desktop or Laptop,Windows 10,Firefox 102.0,3840x2160,3840x1838,,,0,UCL - tarea 1 ,6,Group1,spreadsheet1,spreadsheet1,116,trial,Fixation,w99rzd,1,continue,,,499.9800000000396,499.9800000000396,499.9800000000396,499.9800000000396,499.9800000000396,499.9800000000396,1,0,0,,Fixation Timing,Fixation Cross,1,object-125,trial,,,,223,"<span style=""font-family: 'Courier New', Courier, monospace; font-size: 60px; color: black;"">tres</span>",######,######,"<span style=""font-family: 'Courier New', Courier, monospace; font-size: 60px; color: black;"">SE1S</span>",F,different,leet,incongruent_leet,3,5,SE1S,,,,,
490,1791195480393,05/10/2026 10:18:00,1791195480393,2,05/10/2026 12:18:00,283162,5,task-biuv,,58572850,,16708144,,complete,,,computer,Desktop or Laptop,Windows 10,Firefox 102.0,3840x2160,3840x1838,,,0,UCL - tarea 1 ,6,Group1,spreadsheet1,spreadsheet1,116,trial,Reference,m6fryy,2,timedOut,,,300.9199999999837,299.9799999999814,300.9199999999837,300.9199999999837,299.9799999999814,300.9199999999837,1,0,0,,Time Limit,screen,0,screen,trial,,,,223,"<span style=""font-family: 'Courier New', Courier, monospace; font-size: 60px; color: black;"">tres</span>",######,######,"<span style=""font-family: 'Courier New', Courier, monospace; font-size: 60px; color: black;"">SE1S</span>",F,different,leet,incongruent_leet,3,5,SE1S,,,,,
491,1791195481119,05/10/2026 10:18:01,1791195481119,2,05/10/2026 12:18:01,283162,5,task-biuv,,58572850,,16708144,,complete,,,computer,Desktop or Laptop,Windows 10,Firefox 102.0,3840x2160,3840x1838,,,0,UCL - tarea 1 ,6,Group1,spreadsheet1,spreadsheet1,116,trial,Target,spx9cn,3,response,F,,727.9400000000023,716.640000000014,727.9400000000023,727.9400000000023,716.640000000014,727.9400000000023,1,0,0,,Keyboard Response,Respuesta,3,object-91,trial,,,,223,"<span style=""font-family: 'Courier New', Courier, monospace; font-size: 60px; color: black;"">tres</span>",######,######,"<span style=""font-family: 'Courier New', Courier, monospace; font-size: 60px; color: black;"">SE1S</span>",F,different,leet,incongruent_leet,3,5,SE1S,,,,,
492,1791195481609,05/10/2026 10:18:01,1791195481609,2,05/10/2026 12:18:01,283162,5,task-biuv,,58572850,,16708144,,complete,,,computer,Desktop or Laptop,Windows 10,Firefox 102.0,3840x2160,3840x1838,,,0,UCL - tarea 1 ,6,Group1,spreadsheet1,spreadsheet1,116,trial,Blank,vybs3x,4,timedOut,,,501.29999999998836,499.95999999996275,501.29999999998836,501.29999999998836,499.95999999996275,501.29999999998836,1,0,0,,Time Limit,screen,0,screen,trial,,,,223,"<span style=""font-family: 'Courier New', Courier, monospace; font-size: 60px; color: black;"">tres</span>",######,######,"<span style=""font-family: 'Courier New', Courier, monospace; font-size: 60px; color: black;"">SE1S</span>",F,different,leet,incongruent_leet,3,5,SE1S,,,,,
493,1791195482110,05/10/2026 10:18:02,1791195482110,2,05/10/2026 12:18:02,283162,5,task-biuv,,58572850,,16708144,,complete,,,computer,Desktop or Laptop,Windows 10,Firefox 102.0,3840x2160,3840x1838,,,0,UCL - tarea 1 ,6,Group1,spreadsheet1,spreadsheet1,117,trial,Fixation,w99rzd,1,continue,,,499.9800000000396,499.9800000000396,499.9800000000396,499.9800000000396,499.9800000000396,499.9800000000396,1,0,0,,Fixation Timing,Fixation Cross,1,object-125,trial,,,,211,"<span style=""font-family: 'Courier New', Courier, monospace; font-size: 60px; color: black;"">tres</span>",######,######,"<span style=""font-family: 'Courier New', Courier, monospace; font-size: 60px; color: black;"">TRES</span>",J,same,leet,congruent_leet,3,5,TR3S,,,,,
494,1791195482409,05/10/2026 10:18:02,1791195482409,2,05/10/2026 12:18:02,283162,5,task-biuv,,58572850,,16708144,,complete,,,computer,Desktop or Laptop,Windows 10,Firefox 102.0,3840x2160,3840x1838,,,0,UCL - tarea 1 ,6,Group1,spreadsheet1,spreadsheet1,117,trial,Reference,m6fryy,2,timedOut,,,301.35999999998603,299.9799999999814,301.35999999998603,301.35999999998603,299.9799999999814,301.35999999998603,1,0,0,,Time Limit,screen,0,screen,trial,,,,211,"<span style=""font-family: 'Courier New', Courier, monospace; font-size: 60px; color: black;"">tres</span>",######,######,"<span style=""font-family: 'Courier New', Courier, monospace; font-size: 60px; color: black;"">TRES</span>",J,same,leet,congruent_leet,3,5,TR3S,,,,,
495,1791195483031,05/10/2026 10:18:03,1791195483031,2,05/10/2026 12:18:03,283162,5,task-biuv,,58572850,,16708144,,complete,,,computer,Desktop or Laptop,Windows 10,Firefox 102.0,3840x2160,3840x1838,,,0,UCL - tarea 1 ,6,Group1,spreadsheet1,spreadsheet1,117,trial,Target,spx9cn,3,response,J,,622.3800000000047,616.640000000014,622.3800000000047,622.3800000000047,616.640000000014,622.3800000000047,1,0,0,,Keyboard Response,Respuesta,3,object-91,trial,,,,211,"<span style=""font-family: 'Courier New', Courier, monospace; font-size: 60px; color: black;"">tres</span>",######,######,"<span style=""font-family: 'Courier New', Courier, monospace; font-size: 60px; color: black;"">TRES</span>",J,same,leet,congruent_leet,3,5,TR3S,,,,,
496,1791195483526,05/10/2026 10:18:03,1791195483526,2,05/10/2026 12:18:03,283162,5,task-biuv,,58572850,,16708144,,complete,,,computer,Desktop or Laptop,Windows 10,Firefox 102.0,3840x2160,3840x1838,,,0,UCL - tarea 1 ,6,Group1,spreadsheet1,spreadsheet1,117,trial,Blank,vybs3x,4,timedOut,,,500.7399999999907,499.9799999999814,500.7399999999907,500.7399999999907,499.9799999999814,500.7399999999907,1,0,0,,Time Limit,screen,0,screen,trial,,,,211,"<span style=""font-family: 'Courier New', Courier, monospace; font-size: 60px; color: black;"">tres</span>",######,######,"<span style=""font-family: 'Courier New', Courier, monospace; font-size: 60px; color: black;"">TRES</span>",J,same,leet,congruent_leet,3,5,TR3S,,,,,
497,1791195484027,05/10/2026 10:18:04,1791195484027,2,05/10/2026 12:18:04,283162,5,task-biuv,,58572850,,16708144,,complete,,,computer,Desktop or Laptop,Windows 10,Firefox 102.0,3840x2160,3840x1838,,,0,UCL - tarea 1 ,6,Group1,spreadsheet1,spreadsheet1,118,trial,Fixation,w99rzd,1,continue,,,499.96000000002095,499.96000000002095,499.96000000002095,499.96000000002095,499.96000000002095,499.96000000002095,1,0,0,,Fixation Timing,Fixation Cross,1,object-125,trial,,,,227,"<span style=""font-family: 'Courier New', Courier, monospace; font-size: 60px; color: black;"">nueve</span>",######,######,"<span style=""font-family: 'Courier New', Courier, monospace; font-size: 60px; color: black;"">CU4TRO</span>",F,different,leet,congruent_leet,9,5,CU4TRO,,,,,
498,1791195484326,05/10/2026 10:18:04,1791195484326,2,05/10/2026 12:18:04,283162,5,task-biuv,,58572850,,16708144,,complete,,,computer,Desktop or Laptop,Windows 10,Firefox 102.0,3840x2160,3840x1838,,,0,UCL - tarea 1 ,6,Group1,spreadsheet1,spreadsheet1,118,trial,Reference,m6fryy,2,timedOut,,,300.79999999998836,300,300.79999999998836,300.79999999998836,300,300.79999999998836,1,0,0,,Time Limit,screen,0,screen,trial,,,,227,"<span style=""font-family: 'Courier New', Courier, monospace; font-size: 60px; color: black;"">nueve</span>",######,######,"<span style=""font-family: 'Courier New', Courier, monospace; font-size: 60px; color: black;"">CU4TRO</span>",F,different,leet,congruent_leet,9,5,CU4TRO,,,,,
499,1791195484984,05/10/2026 10:18:04,1791195484984,2,05/10/2026 12:18:04,283162,5,task-biuv,,58572850,,16708144,,complete,,,computer,Desktop or Laptop,Windows 10,Firefox 102.0,3840x2160,3840x1838,,,0,UCL - tarea 1 ,6,Group1,spreadsheet1,spreadsheet1,118,trial,Target,spx9cn,3,response,F,,659.7999999999884,649.9599999999627,659.7999999999884,659.7999999999884,649.9599999999627,659.7999999999884,1,0,0,,Keyboard Response,Respuesta,3,object-91,trial,,,,227,"<span style=""font-family: 'Courier New', Courier, monospace; font-size: 60px; color: black;"">nueve</span>",######,######,"<span style=""font-family: 'Courier New', Courier, monospace; font-size: 60px; color: black;"">CU4TRO</span>",F,different,leet,congruent_leet,9,5,CU4TRO,,,,,
500,1791195485477,05/10/2026 10:18:05,1791195485477,2,05/10/2026 12:18:05,283162,5,task-biuv,,58572850,,16708144,,complete,,,computer,Desktop or Laptop,Windows 10,Firefox 102.0,3840x2160,3840x1838,,,0,UCL - tarea 1 ,6,Group1,spreadsheet1,spreadsheet1,118,trial,Blank,vybs3x,4,timedOut,,,501.8400000000256,499.9800000000396,501.8400000000256,501.8400000000256,499.9800000000396,501.8400000000256,1,0,0,,Time Limit,screen,0,screen,trial,,,,227,"<span style=""font-family: 'Courier New', Courier, monospace; font-size: 60px; color: black;"">nueve</span>",######,######,"<span style=""font-family: 'Courier New', Courier, monospace; font-size: 60px; color: black;"">CU4TRO</span>",F,different,leet,congruent_leet,9,5,CU4TRO,,,,,
501,1791195485976,05/10/2026 10:18:05,1791195485976,2,05/10/2026 12:18:05,283162,5,task-biuv,,58572850,,16708144,,complete,,,computer,Desktop or Laptop,Windows 10,Firefox 102.0,3840x2160,3840x1838,,,0,UCL - tarea 1 ,6,Group1,spreadsheet1,spreadsheet1,119,trial,Fixation,w99rzd,1,continue,,,499.95999999996275,499.95999999996275,499.95999999996275,499.95999999996275,499.95999999996275,499.95999999996275,1,0,0,,Fixation Timing,Fixation Cross,1,object-125,trial,,,,208,"<span style=""font-family: 'Courier New', Courier, monospace; font-size: 60px; color: black;"">seis</span>",######,######,"<span style=""font-family: 'Courier New', Courier, monospace; font-size: 60px; color: black;"">SEIS</span>",J,same,uppercase,baseline,6,5,SEIS,,,,,
502,1791195486277,05/10/2026 10:18:06,1791195486277,2,05/10/2026 12:18:06,283162,5,task-biuv,,58572850,,16708144,,complete,,,computer,Desktop or Laptop,Windows 10,Firefox 102.0,3840x2160,3840x1838,,,0,UCL - tarea 1 ,6,Group1,spreadsheet1,spreadsheet1,119,trial,Reference,m6fryy,2,timedOut,,,300.9000000000233,300,300.9000000000233,300.9000000000233,300,300.9000000000233,1,0,0,,Time Limit,screen,0,screen,trial,,,,208,"<span style=""font-family: 'Courier New', Courier, monospace; font-size: 60px; color: black;"">seis</span>",######,######,"<span style=""font-family: 'Courier New', Courier, monospace; font-size: 60px; color: black;"">SEIS</span>",J,same,uppercase,baseline,6,5,SEIS,,,,,
503,1791195487360,05/10/2026 10:18:07,1791195487360,2,05/10/2026 12:18:07,283162,5,task-biuv,,58572850,,16708144,,complete,,,computer,Desktop or Laptop,Windows 10,Firefox 102.0,3840x2160,3840x1838,,,0,UCL - tarea 1 ,6,Group1,spreadsheet1,spreadsheet1,119,trial,Target,spx9cn,3,response,J,,1083.2600000000675,1066.600000000035,1083.2600000000675,1083.2600000000675,1066.600000000035,1083.2600000000675,1,0,0,,Keyboard Response,Respuesta,3,object-91,trial,,,,208,"<span style=""font-family: 'Courier New', Courier, monospace; font-size: 60px; color: black;"">seis</span>",######,######,"<span style=""font-family: 'Courier New', Courier, monospace; font-size: 60px; color: black;"">SEIS</span>",J,same,uppercase,baseline,6,5,SEIS,,,,,
504,1791195487844,05/10/2026 10:18:07,1791195487844,2,05/10/2026 12:18:07,283162,5,task-biuv,,58572850,,16708144,,complete,,,computer,Desktop or Laptop,Windows 10,Firefox 102.0,3840x2160,3840x1838,,,0,UCL - tarea 1 ,6,Group1,spreadsheet1,spreadsheet1,119,trial,Blank,vybs3x,4,timedOut,,,503.29999999998836,499.9799999999814,503.29999999998836,503.29999999998836,499.9799999999814,503.29999999998836,1,0,0,,Time Limit,screen,0,screen,trial,,,,208,"<span style=""font-family: 'Courier New', Courier, monospace; font-size: 60px; color: black;"">seis</span>",######,######,"<span style=""font-family: 'Courier New', Courier, monospace; font-size: 60px; color: black;"">SEIS</span>",J,same,uppercase,baseline,6,5,SEIS,,,,,
505,1791195488345,05/10/2026 10:18:08,1791195488345,2,05/10/2026 12:18:08,283162,5,task-biuv,,58572850,,16708144,,complete,,,computer,Desktop or Laptop,Windows 10,Firefox 102.0,3840x2160,3840x1838,,,0,UCL - tarea 1 ,6,Group1,spreadsheet1,spreadsheet1,120,trial,Fixation,w99rzd,1,continue,,,499.96000000002095,499.96000000002095,499.96000000002095,499.96000000002095,499.96000000002095,499.96000000002095,1,0,0,,Fixation Timing,Fixation Cross,1,object-125,trial,,,,117,"<span style=""font-family: 'Courier New', Courier, monospace; font-size: 60px; color: black;"">siete</span>",######,######,"<span style=""font-family: 'Courier New', Courier, monospace; font-size: 60px; color: black;"">C1NCO</span>",F,different,leet,incongruent_leet,7,5,C1NCO,,,,,
506,1791195488644,05/10/2026 10:18:08,1791195488644,2,05/10/2026 12:18:08,283162,5,task-biuv,,58572850,,16708144,,complete,,,computer,Desktop or Laptop,Windows 10,Firefox 102.0,3840x2160,3840x1838,,,0,UCL - tarea 1 ,6,Group1,spreadsheet1,spreadsheet1,120,trial,Reference,m6fryy,2,timedOut,,,301.35999999998603,300,301.35999999998603,301.35999999998603,300,301.35999999998603,1,0,0,,Time Limit,screen,0,screen,trial,,,,117,"<span style=""font-family: 'Courier New', Courier, monospace; font-size: 60px; color: black;"">siete</span>",######,######,"<span style=""font-family: 'Courier New', Courier, monospace; font-size: 60px; color: black;"">C1NCO</span>",F,different,leet,incongruent_leet,7,5,C1NCO,,,,,
507,1791195489448,05/10/2026 10:18:09,1791195489448,2,05/10/2026 12:18:09,283162,5,task-biuv,,58572850,,16708144,,complete,,,computer,Desktop or Laptop,Windows 10,Firefox 102.0,3840x2160,3840x1838,,,0,UCL - tarea 1 ,6,Group1,spreadsheet1,spreadsheet1,120,trial,Target,spx9cn,3,response,F,,806.359999999986,799.9599999999627,806.359999999986,806.359999999986,799.9599999999627,806.359999999986,1,0,0,,Keyboard Response,Respuesta,3,object-91,trial,,,,117,"<span style=""font-family: 'Courier New', Courier, monospace; font-size: 60px; color: black;"">siete</span>",######,######,"<span style=""font-family: 'Courier New', Courier, monospace; font-size: 60px; color: black;"">C1NCO</span>",F,different,leet,incongruent_leet,7,5,C1NCO,,,,,
508,1791195489943,05/10/2026 10:18:09,1791195489943,2,05/10/2026 12:18:09,283162,5,task-biuv,,58572850,,16708144,,complete,,,computer,Desktop or Laptop,Windows 10,Firefox 102.0,3840x2160,3840x1838,,,0,UCL - tarea 1 ,6,Group1,spreadsheet1,spreadsheet1,120,trial,Blank,vybs3x,4,timedOut,,,501.4000000000233,499.96000000002095,501.4000000000233,501.4000000000233,499.96000000002095,501.4000000000233,1,0,0,,Time Limit,screen,0,screen,trial,,,,117,"<span style=""font-family: 'Courier New', Courier, monospace; font-size: 60px; color: black;"">siete</span>",######,######,"<span style=""font-family: 'Courier New', Courier, monospace; font-size: 60px; color: black;"">C1NCO</span>",F,different,leet,incongruent_leet,7,5,C1NCO,,,,,
509,1791195498948,05/10/2026 10:18:18,1791195498948,2,05/10/2026 12:18:18,283162,5,task-biuv,,58572850,,16708144,,complete,,,computer,Desktop or Laptop,Windows 10,Firefox 102.0,3840x2160,3840x1838,,,0,UCL - tarea 1 ,6,Group1,spreadsheet1,spreadsheet1,2,Descanso,Descanso,1tm3p2,1,continue,,,9007.440000000002,8999.539999999979,9007.440000000002,9007.440000000002,8999.539999999979,9007.440000000002,1,0,0,,Click To Continue,Continue Button,2,object-322,Descanso,,,,,,,,,,,,,,,,,,,,
510,1791195500261,05/10/2026 10:18:20,1791195500261,2,05/10/2026 12:18:20,283162,5,task-biuv,,58572850,,16708144,,complete,,,computer,Desktop or Laptop,Windows 10,Firefox 102.0,3840x2160,3840x1838,,,0,UCL - tarea 1 ,6,Group1,spreadsheet1,spreadsheet1,2,Descanso,Recuerdo-instrucciones,1qq8ro,2,continue,,,1319.9000000000233,1316.600000000035,1319.9000000000233,1319.9000000000233,1316.600000000035,1319.9000000000233,1,0,0,,Click To Continue,Continue Button,2,object-326,Descanso,,,,,,,,,,,,,,,,,,,,
511,1791195500760,05/10/2026 10:18:20,1791195500760,2,05/10/2026 12:18:20,283162,5,task-biuv,,58572850,,16708144,,complete,,,computer,Desktop or Laptop,Windows 10,Firefox 102.0,3840x2160,3840x1838,,,0,UCL - tarea 1 ,6,Group1,spreadsheet1,spreadsheet1,121,trial,Fixation,w99rzd,1,continue,,,499.9799999999814,499.9799999999814,499.9799999999814,499.9799999999814,499.9799999999814,499.9799999999814,1,0,0,,Fixation Timing,Fixation Cross,1,object-125,trial,,,,9,"<span style=""font-family: 'Courier New', Courier, monospace; font-size: 60px; color: black;"">siete</span>",######,######,"<span style=""font-family: 'Courier New', Courier, monospace; font-size: 60px; color: black;"">SIETE</span>",J,same,uppercase,baseline,7,1,SIETE,,,,,
512,1791195501060,05/10/2026 10:18:21,1791195501060,2,05/10/2026 12:18:21,283162,5,task-biuv,,58572850,,16708144,,complete,,,computer,Desktop or Laptop,Windows 10,Firefox 102.0,3840x2160,3840x1838,,,0,UCL - tarea 1 ,6,Group1,spreadsheet1,spreadsheet1,121,trial,Reference,m6fryy,2,timedOut,,,302.320000000007,299.9799999999814,302.320000000007,302.320000000007,299.9799999999814,302.320000000007,1,0,0,,Time Limit,screen,0,screen,trial,,,,9,"<span style=""font-family: 'Courier New', Courier, monospace; font-size: 60px; color: black;"">siete</span>",######,######,"<span style=""font-family: 'Courier New', Courier, monospace; font-size: 60px; color: black;"">SIETE</span>",J,same,uppercase,baseline,7,1,SIETE,,,,,
513,1791195501784,05/10/2026 10:18:21,1791195501784,2,05/10/2026 12:18:21,283162,5,task-biuv,,58572850,,16708144,,complete,,,computer,Desktop or Laptop,Windows 10,Firefox 102.0,3840x2160,3840x1838,,,0,UCL - tarea 1 ,6,Group1,spreadsheet1,spreadsheet1,121,trial,Target,spx9cn,3,response,J,,727.3400000000256,716.6200000000536,727.3400000000256,727.3400000000256,716.6200000000536,727.3400000000256,1,0,0,,Keyboard Response,Respuesta,3,object-91,trial,,,,9,"<span style=""font-family: 'Courier New', Courier, monospace; font-size: 60px; color: black;"">siete</span>",######,######,"<span style=""font-family: 'Courier New', Courier, monospace; font-size: 60px; color: black;"">SIETE</span>",J,same,uppercase,baseline,7,1,SIETE,,,,,
514,1791195502276,05/10/2026 10:18:22,1791195502276,2,05/10/2026 12:18:22,283162,5,task-biuv,,58572850,,16708144,,complete,,,computer,Desktop or Laptop,Windows 10,Firefox 102.0,3840x2160,3840x1838,,,0,UCL - tarea 1 ,6,Group1,spreadsheet1,spreadsheet1,121,trial,Blank,vybs3x,4,timedOut,,,502.71999999997206,499.9799999999814,502.71999999997206,502.71999999997206,499.9799999999814,502.71999999997206,1,0,0,,Time Limit,screen,0,screen,trial,,,,9,"<span style=""font-family: 'Courier New', Courier, monospace; font-size: 60px; color: black;"">siete</span>",######,######,"<span style=""font-family: 'Courier New', Courier, monospace; font-size: 60px; color: black;"">SIETE</span>",J,same,uppercase,baseline,7,1,SIETE,,,,,
515,1791195502777,05/10/2026 10:18:22,1791195502777,2,05/10/2026 12:18:22,283162,5,task-biuv,,58572850,,16708144,,complete,,,computer,Desktop or Laptop,Windows 10,Firefox 102.0,3840x2160,3840x1838,,,0,UCL - tarea 1 ,6,Group1,spreadsheet1,spreadsheet1,122,trial,Fixation,w99rzd,1,continue,,,499.9799999999814,499.9799999999814,499.9799999999814,499.9799999999814,499.9799999999814,499.9799999999814,1,0,0,,Fixation Timing,Fixation Cross,1,object-125,trial,,,,137,"<span style=""font-family: 'Courier New', Courier, monospace; font-size: 60px; color: black;"">nueve</span>",######,######,"<span style=""font-family: 'Courier New', Courier, monospace; font-size: 60px; color: black;"">CUATRO</span>",F,different,uppercase,baseline,9,1,CUATRO,,,,,
516,1791195503076,05/10/2026 10:18:23,1791195503076,2,05/10/2026 12:18:23,283162,5,task-biuv,,58572850,,16708144,,complete,,,computer,Desktop or Laptop,Windows 10,Firefox 102.0,3840x2160,3840x1838,,,0,UCL - tarea 1 ,6,Group1,spreadsheet1,spreadsheet1,122,trial,Reference,m6fryy,2,timedOut,,,302.7600000000093,299.9799999999814,302.7600000000093,302.7600000000093,299.9799999999814,302.7600000000093,1,0,0,,Time Limit,screen,0,screen,trial,,,,137,"<span style=""font-family: 'Courier New', Courier, monospace; font-size: 60px; color: black;"">nueve</span>",######,######,"<span style=""font-family: 'Courier New', Courier, monospace; font-size: 60px; color: black;"">CUATRO</span>",F,different,uppercase,baseline,9,1,CUATRO,,,,,
517,1791195503782,05/10/2026 10:18:23,1791195503782,2,05/10/2026 12:18:23,283162,5,task-biuv,,58572850,,16708144,,complete,,,computer,Desktop or Laptop,Windows 10,Firefox 102.0,3840x2160,3840x1838,,,0,UCL - tarea 1 ,6,Group1,spreadsheet1,spreadsheet1,122,trial,Target,spx9cn,3,response,F,,707.7800000000279,701.3800000000047,707.7800000000279,707.7800000000279,701.3800000000047,707.7800000000279,1,0,0,,Keyboard Response,Respuesta,3,object-91,trial,,,,137,"<span style=""font-family: 'Courier New', Courier, monospace; font-size: 60px; color: black;"">nueve</span>",######,######,"<span style=""font-family: 'Courier New', Courier, monospace; font-size: 60px; color: black;"">CUATRO</span>",F,different,uppercase,baseline,9,1,CUATRO,,,,,
518,1791195504277,05/10/2026 10:18:24,1791195504277,2,05/10/2026 12:18:24,283162,5,task-biuv,,58572850,,16708144,,complete,,,computer,Desktop or Laptop,Windows 10,Firefox 102.0,3840x2160,3840x1838,,,0,UCL - tarea 1 ,6,Group1,spreadsheet1,spreadsheet1,122,trial,Blank,vybs3x,4,timedOut,,,500.4000000000233,499.9800000000396,500.4000000000233,500.4000000000233,499.9800000000396,500.4000000000233,1,0,0,,Time Limit,screen,0,screen,trial,,,,137,"<span style=""font-family: 'Courier New', Courier, monospace; font-size: 60px; color: black;"">nueve</span>",######,######,"<span style=""font-family: 'Courier New', Courier, monospace; font-size: 60px; color: black;"">CUATRO</span>",F,different,uppercase,baseline,9,1,CUATRO,,,,,
519,1791195504777,05/10/2026 10:18:24,1791195504777,2,05/10/2026 12:18:24,283162,5,task-biuv,,58572850,,16708144,,complete,,,computer,Desktop or Laptop,Windows 10,Firefox 102.0,3840x2160,3840x1838,,,0,UCL - tarea 1 ,6,Group1,spreadsheet1,spreadsheet1,123,trial,Fixation,w99rzd,1,continue,,,499.9799999999814,499.9799999999814,499.9799999999814,499.9799999999814,499.9799999999814,499.9799999999814,1,0,0,,Fixation Timing,Fixation Cross,1,object-125,trial,,,,14,"<span style=""font-family: 'Courier New', Courier, monospace; font-size: 60px; color: black;"">cuatro</span>",######,######,"<span style=""font-family: 'Courier New', Courier, monospace; font-size: 60px; color: black;"">NU3VE</span>",F,different,leet,incongruent_leet,4,1,NU3VE,,,,,
520,1791195505077,05/10/2026 10:18:25,1791195505077,2,05/10/2026 12:18:25,283162,5,task-biuv,,58572850,,16708144,,complete,,,computer,Desktop or Laptop,Windows 10,Firefox 102.0,3840x2160,3840x1838,,,0,UCL - tarea 1 ,6,Group1,spreadsheet1,spreadsheet1,123,trial,Reference,m6fryy,2,timedOut,,,301.4400000000023,299.9799999999814,301.4400000000023,301.4400000000023,299.9799999999814,301.4400000000023,1,0,0,,Time Limit,screen,0,screen,trial,,,,14,"<span style=""font-family: 'Courier New', Courier, monospace; font-size: 60px; color: black;"">cuatro</span>",######,######,"<span style=""font-family: 'Courier New', Courier, monospace; font-size: 60px; color: black;"">NU3VE</span>",F,different,leet,incongruent_leet,4,1,NU3VE,,,,,
521,1791195505842,05/10/2026 10:18:25,1791195505842,2,05/10/2026 12:18:25,283162,5,task-biuv,,58572850,,16708144,,complete,,,computer,Desktop or Laptop,Windows 10,Firefox 102.0,3840x2160,3840x1838,,,0,UCL - tarea 1 ,6,Group1,spreadsheet1,spreadsheet1,123,trial,Target,spx9cn,3,response,F,,766.460000000021,749.960000000021,766.460000000021,766.460000000021,749.960000000021,766.460000000021,1,0,0,,Keyboard Response,Respuesta,3,object-91,trial,,,,14,"<span style=""font-family: 'Courier New', Courier, monospace; font-size: 60px; color: black;"">cuatro</span>",######,######,"<span style=""font-family: 'Courier New', Courier, monospace; font-size: 60px; color: black;"">NU3VE</span>",F,different,leet,incongruent_leet,4,1,NU3VE,,,,,
522,1791195506326,05/10/2026 10:18:26,1791195506326,2,05/10/2026 12:18:26,283162,5,task-biuv,,58572850,,16708144,,complete,,,computer,Desktop or Laptop,Windows 10,Firefox 102.0,3840x2160,3840x1838,,,0,UCL - tarea 1 ,6,Group1,spreadsheet1,spreadsheet1,123,trial,Blank,vybs3x,4,timedOut,,,501.5,499.9799999999814,501.5,501.5,499.9799999999814,501.5,1,0,0,,Time Limit,screen,0,screen,trial,,,,14,"<span style=""font-family: 'Courier New', Courier, monospace; font-size: 60px; color: black;"">cuatro</span>",######,######,"<span style=""font-family: 'Courier New', Courier, monospace; font-size: 60px; color: black;"">NU3VE</span>",F,different,leet,incongruent_leet,4,1,NU3VE,,,,,
523,1791195506826,05/10/2026 10:18:26,1791195506826,2,05/10/2026 12:18:26,283162,5,task-biuv,,58572850,,16708144,,complete,,,computer,Desktop or Laptop,Windows 10,Firefox 102.0,3840x2160,3840x1838,,,0,UCL - tarea 1 ,6,Group1,spreadsheet1,spreadsheet1,124,trial,Fixation,w99rzd,1,continue,,,499.96000000002095,499.96000000002095,499.96000000002095,499.96000000002095,499.96000000002095,499.96000000002095,1,0,0,,Fixation Timing,Fixation Cross,1,object-125,trial,,,,6,"<span style=""font-family: 'Courier New', Courier, monospace; font-size: 60px; color: black;"">cinco</span>",######,######,"<span style=""font-family: 'Courier New', Courier, monospace; font-size: 60px; color: black;"">CINCO</span>",J,same,uppercase,baseline,5,1,CINCO,,,,,
524,1791195507126,05/10/2026 10:18:27,1791195507126,2,05/10/2026 12:18:27,283162,5,task-biuv,,58572850,,16708144,,complete,,,computer,Desktop or Laptop,Windows 10,Firefox 102.0,3840x2160,3840x1838,,,0,UCL - tarea 1 ,6,Group1,spreadsheet1,spreadsheet1,124,trial,Reference,m6fryy,2,timedOut,,,301.5599999999977,300,301.5599999999977,301.5599999999977,300,301.5599999999977,1,0,0,,Time Limit,screen,0,screen,trial,,,,6,"<span style=""font-family: 'Courier New', Courier, monospace; font-size: 60px; color: black;"">cinco</span>",######,######,"<span style=""font-family: 'Courier New', Courier, monospace; font-size: 60px; color: black;"">CINCO</span>",J,same,uppercase,baseline,5,1,CINCO,,,,,
525,1791195507952,05/10/2026 10:18:27,1791195507952,2,05/10/2026 12:18:27,283162,5,task-biuv,,58572850,,16708144,,complete,,,computer,Desktop or Laptop,Windows 10,Firefox 102.0,3840x2160,3840x1838,,,0,UCL - tarea 1 ,6,Group1,spreadsheet1,spreadsheet1,124,trial,Target,spx9cn,3,response,J,,826.5599999999977,816.6199999999953,826.5599999999977,826.5599999999977,816.6199999999953,826.5599999999977,1,0,0,,Keyboard Response,Respuesta,3,object-91,trial,,,,6,"<span style=""font-family: 'Courier New', Courier, monospace; font-size: 60px; color: black;"">cinco</span>",######,######,"<span style=""font-family: 'Courier New', Courier, monospace; font-size: 60px; color: black;"">CINCO</span>",J,same,uppercase,baseline,5,1,CINCO,,,,,
526,1791195508444,05/10/2026 10:18:28,1791195508444,2,05/10/2026 12:18:28,283162,5,task-biuv,,58572850,,16708144,,complete,,,computer,Desktop or Laptop,Windows 10,Firefox 102.0,3840x2160,3840x1838,,,0,UCL - tarea 1 ,6,Group1,spreadsheet1,spreadsheet1,124,trial,Blank,vybs3x,4,timedOut,,,501.9400000000023,499.9799999999814,501.9400000000023,501.9400000000023,499.9799999999814,501.9400000000023,1,0,0,,Time Limit,screen,0,screen,trial,,,,6,"<span style=""font-family: 'Courier New', Courier, monospace; font-size: 60px; color: black;"">cinco</span>",######,######,"<span style=""font-family: 'Courier New', Courier, monospace; font-size: 60px; color: black;"">CINCO</span>",J,same,uppercase,baseline,5,1,CINCO,,,,,
527,1791195508944,05/10/2026 10:18:28,1791195508944,2,05/10/2026 12:18:28,283162,5,task-biuv,,58572850,,16708144,,complete,,,computer,Desktop or Laptop,Windows 10,Firefox 102.0,3840x2160,3840x1838,,,0,UCL - tarea 1 ,6,Group1,spreadsheet1,spreadsheet1,125,trial,Fixation,w99rzd,1,continue,,,499.96000000002095,499.96000000002095,499.96000000002095,499.96000000002095,499.96000000002095,499.96000000002095,1,0,0,,Fixation Timing,Fixation Cross,1,object-125,trial,,,,140,"<span style=""font-family: 'Courier New', Courier, monospace; font-size: 60px; color: black;"">cuatro</span>",######,######,"<span style=""font-family: 'Courier New', Courier, monospace; font-size: 60px; color: black;"">NUEVE</span>",F,different,uppercase,baseline,4,1,NUEVE,,,,,
528,1791195509244,05/10/2026 10:18:29,1791195509244,2,05/10/2026 12:18:29,283162,5,task-biuv,,58572850,,16708144,,complete,,,computer,Desktop or Laptop,Windows 10,Firefox 102.0,3840x2160,3840x1838,,,0,UCL - tarea 1 ,6,Group1,spreadsheet1,spreadsheet1,125,trial,Reference,m6fryy,2,timedOut,,,302,299.9799999999814,302,302,299.9799999999814,302,1,0,0,,Time Limit,screen,0,screen,trial,,,,140,"<span style=""font-family: 'Courier New', Courier, monospace; font-size: 60px; color: black;"">cuatro</span>",######,######,"<span style=""font-family: 'Courier New', Courier, monospace; font-size: 60px; color: black;"">NUEVE</span>",F,different,uppercase,baseline,4,1,NUEVE,,,,,
529,1791195510231,05/10/2026 10:18:30,1791195510231,2,05/10/2026 12:18:30,283162,5,task-biuv,,58572850,,16708144,,complete,,,computer,Desktop or Laptop,Windows 10,Firefox 102.0,3840x2160,3840x1838,,,0,UCL - tarea 1 ,6,Group1,spreadsheet1,spreadsheet1,125,trial,Target,spx9cn,3,response,F,,990.0200000000186,983.3000000000466,990.0200000000186,990.0200000000186,983.3000000000466,990.0200000000186,1,0,0,,Keyboard Response,Respuesta,3,object-91,trial,,,,140,"<span style=""font-family: 'Courier New', Courier, monospace; font-size: 60px; color: black;"">cuatro</span>",######,######,"<span style=""font-family: 'Courier New', Courier, monospace; font-size: 60px; color: black;"">NUEVE</span>",F,different,uppercase,baseline,4,1,NUEVE,,,,,
530,1791195510725,05/10/2026 10:18:30,1791195510725,2,05/10/2026 12:18:30,283162,5,task-biuv,,58572850,,16708144,,complete,,,computer,Desktop or Laptop,Windows 10,Firefox 102.0,3840x2160,3840x1838,,,0,UCL - tarea 1 ,6,Group1,spreadsheet1,spreadsheet1,125,trial,Blank,vybs3x,4,timedOut,,,501.71999999997206,499.95999999996275,501.71999999997206,501.71999999997206,499.95999999996275,501.71999999997206,1,0,0,,Time Limit,screen,0,screen,trial,,,,140,"<span style=""font-family: 'Courier New', Courier, monospace; font-size: 60px; color: black;"">cuatro</span>",######,######,"<span style=""font-family: 'Courier New', Courier, monospace; font-size: 60px; color: black;"">NUEVE</span>",F,different,uppercase,baseline,4,1,NUEVE,,,,,
531,1791195511226,05/10/2026 10:18:31,1791195511226,2,05/10/2026 12:18:31,283162,5,task-biuv,,58572850,,16708144,,complete,,,computer,Desktop or Laptop,Windows 10,Firefox 102.0,3840x2160,3840x1838,,,0,UCL - tarea 1 ,6,Group1,spreadsheet1,spreadsheet1,126,trial,Fixation,w99rzd,1,continue,,,499.9799999999814,499.9799999999814,499.9799999999814,499.9799999999814,499.9799999999814,499.9799999999814,1,0,0,,Fixation Timing,Fixation Cross,1,object-125,trial,,,,125,"<span style=""font-family: 'Courier New', Courier, monospace; font-size: 60px; color: black;"">nueve</span>",######,######,"<span style=""font-family: 'Courier New', Courier, monospace; font-size: 60px; color: black;"">NU3VE</span>",J,same,leet,incongruent_leet,9,1,NU3VE,,,,,
532,1791195511526,05/10/2026 10:18:31,1791195511526,2,05/10/2026 12:18:31,283162,5,task-biuv,,58572850,,16708144,,complete,,,computer,Desktop or Laptop,Windows 10,Firefox 102.0,3840x2160,3840x1838,,,0,UCL - tarea 1 ,6,Group1,spreadsheet1,spreadsheet1,126,trial,Reference,m6fryy,2,timedOut,,,300.78000000002794,299.9800000000396,300.78000000002794,300.78000000002794,299.9800000000396,300.78000000002794,1,0,0,,Time Limit,screen,0,screen,trial,,,,125,"<span style=""font-family: 'Courier New', Courier, monospace; font-size: 60px; color: black;"">nueve</span>",######,######,"<span style=""font-family: 'Courier New', Courier, monospace; font-size: 60px; color: black;"">NU3VE</span>",J,same,leet,incongruent_leet,9,1,NU3VE,,,,,
533,1791195512222,05/10/2026 10:18:32,1791195512222,2,05/10/2026 12:18:32,283162,5,task-biuv,,58572850,,16708144,,complete,,,computer,Desktop or Laptop,Windows 10,Firefox 102.0,3840x2160,3840x1838,,,0,UCL - tarea 1 ,6,Group1,spreadsheet1,spreadsheet1,126,trial,Target,spx9cn,3,response,J,,697.7999999999884,683.2999999999884,697.7999999999884,697.7999999999884,683.2999999999884,697.7999999999884,1,0,0,,Keyboard Response,Respuesta,3,object-91,trial,,,,125,"<span style=""font-family: 'Courier New', Courier, monospace; font-size: 60px; color: black;"">nueve</span>",######,######,"<span style=""font-family: 'Courier New', Courier, monospace; font-size: 60px; color: black;"">NU3VE</span>",J,same,leet,incongruent_leet,9,1,NU3VE,,,,,
534,1791195512710,05/10/2026 10:18:32,1791195512710,2,05/10/2026 12:18:32,283162,5,task-biuv,,58572850,,16708144,,complete,,,computer,Desktop or Laptop,Windows 10,Firefox 102.0,3840x2160,3840x1838,,,0,UCL - tarea 1 ,6,Group1,spreadsheet1,spreadsheet1,126,trial,Blank,vybs3x,4,timedOut,,,501.5,499.9799999999814,501.5,501.5,499.9799999999814,501.5,1,0,0,,Time Limit,screen,0,screen,trial,,,,125,"<span style=""font-family: 'Courier New', Courier, monospace; font-size: 60px; color: black;"">nueve</span>",######,######,"<span style=""font-family: 'Courier New', Courier, monospace; font-size: 60px; color: black;"">NU3VE</span>",J,same,leet,incongruent_leet,9,1,NU3VE,,,,,
535,1791195513210,05/10/2026 10:18:33,1791195513210,2,05/10/2026 12:18:33,283162,5,task-biuv,,58572850,,16708144,,complete,,,computer,Desktop or Laptop,Windows 10,Firefox 102.0,3840x2160,3840x1838,,,0,UCL - tarea 1 ,6,Group1,spreadsheet1,spreadsheet1,127,trial,Fixation,w99rzd,1,continue,,,499.96000000002095,499.96000000002095,499.96000000002095,499.96000000002095,499.96000000002095,499.96000000002095,1,0,0,,Fixation Timing,Fixation Cross,1,object-125,trial,,,,123,"<span style=""font-family: 'Courier New', Courier, monospace; font-size: 60px; color: black;"">siete</span>",######,######,"<span style=""font-family: 'Courier New', Courier, monospace; font-size: 60px; color: black;"">SIE7E</span>",J,same,leet,congruent_leet,7,1,SIE7E,,,,,
536,1791195513509,05/10/2026 10:18:33,1791195513509,2,05/10/2026 12:18:33,283162,5,task-biuv,,58572850,,16708144,,complete,,,computer,Desktop or Laptop,Windows 10,Firefox 102.0,3840x2160,3840x1838,,,0,UCL - tarea 1 ,6,Group1,spreadsheet1,spreadsheet1,127,trial,Reference,m6fryy,2,timedOut,,,300.5599999999977,300,300.5599999999977,300.5599999999977,300,300.5599999999977,1,0,0,,Time Limit,screen,0,screen,trial,,,,123,"<span style=""font-family: 'Courier New', Courier, monospace; font-size: 60px; color: black;"">siete</span>",######,######,"<span style=""font-family: 'Courier New', Courier, monospace; font-size: 60px; color: black;"">SIE7E</span>",J,same,leet,congruent_leet,7,1,SIE7E,,,,,
537,1791195514249,05/10/2026 10:18:34,1791195514249,2,05/10/2026 12:18:34,283162,5,task-biuv,,58572850,,16708144,,complete,,,computer,Desktop or Laptop,Windows 10,Firefox 102.0,3840x2160,3840x1838,,,0,UCL - tarea 1 ,6,Group1,spreadsheet1,spreadsheet1,127,trial,Target,spx9cn,3,response,J,,740.5599999999977,733.2799999999697,740.5599999999977,740.5599999999977,733.2799999999697,740.5599999999977,1,0,0,,Keyboard Response,Respuesta,3,object-91,trial,,,,123,"<span style=""font-family: 'Courier New', Courier, monospace; font-size: 60px; color: black;"">siete</span>",######,######,"<span style=""font-family: 'Courier New', Courier, monospace; font-size: 60px; color: black;"">SIE7E</span>",J,same,leet,congruent_leet,7,1,SIE7E,,,,,
538,1791195514743,05/10/2026 10:18:34,1791195514743,2,05/10/2026 12:18:34,283162,5,task-biuv,,58572850,,16708144,,complete,,,computer,Desktop or Laptop,Windows 10,Firefox 102.0,3840x2160,3840x1838,,,0,UCL - tarea 1 ,6,Group1,spreadsheet1,spreadsheet1,127,trial,Blank,vybs3x,4,timedOut,,,501.28000000002794,499.9800000000396,501.28000000002794,501.28000000002794,499.9800000000396,501.28000000002794,1,0,0,,Time Limit,screen,0,screen,trial,,,,123,"<span style=""font-family: 'Courier New', Courier, monospace; font-size: 60px; color: black;"">siete</span>",######,######,"<span style=""font-family: 'Courier New', Courier, monospace; font-size: 60px; color: black;"">SIE7E</span>",J,same,leet,congruent_leet,7,1,SIE7E,,,,,
539,1791195515244,05/10/2026 10:18:35,1791195515244,2,05/10/2026 12:18:35,283162,5,task-biuv,,58572850,,16708144,,complete,,,computer,Desktop or Laptop,Windows 10,Firefox 102.0,3840x2160,3840x1838,,,0,UCL - tarea 1 ,6,Group1,spreadsheet1,spreadsheet1,128,trial,Fixation,w99rzd,1,continue,,,499.9799999999814,499.9799999999814,499.9799999999814,499.9799999999814,499.9799999999814,499.9799999999814,1,0,0,,Fixation Timing,Fixation Cross,1,object-125,trial,,,,141,"<span style=""font-family: 'Courier New', Courier, monospace; font-size: 60px; color: black;"">siete</span>",######,######,"<span style=""font-family: 'Courier New', Courier, monospace; font-size: 60px; color: black;"">C1NCO</span>",F,different,leet,incongruent_leet,7,1,C1NCO,,,,,
540,1791195515544,05/10/2026 10:18:35,1791195515544,2,05/10/2026 12:18:35,283162,5,task-biuv,,58572850,,16708144,,complete,,,computer,Desktop or Laptop,Windows 10,Firefox 102.0,3840x2160,3840x1838,,,0,UCL - tarea 1 ,6,Group1,spreadsheet1,spreadsheet1,128,trial,Reference,m6fryy,2,timedOut,,,302.320000000007,299.9799999999814,302.320000000007,302.320000000007,299.9799999999814,302.320000000007,1,0,0,,Time Limit,screen,0,screen,trial,,,,141,"<span style=""font-family: 'Courier New', Courier, monospace; font-size: 60px; color: black;"">siete</span>",######,######,"<span style=""font-family: 'Courier New', Courier, monospace; font-size: 60px; color: black;"">C1NCO</span>",F,different,leet,incongruent_leet,7,1,C1NCO,,,,,
541,1791195516231,05/10/2026 10:18:36,1791195516231,2,05/10/2026 12:18:36,283162,5,task-biuv,,58572850,,16708144,,complete,,,computer,Desktop or Laptop,Windows 10,Firefox 102.0,3840x2160,3840x1838,,,0,UCL - tarea 1 ,6,Group1,spreadsheet1,spreadsheet1,128,trial,Target,spx9cn,3,response,F,,689.3400000000256,683.3000000000466,689.3400000000256,689.3400000000256,683.3000000000466,689.3400000000256,1,0,0,,Keyboard Response,Respuesta,3,object-91,trial,,,,141,"<span style=""font-family: 'Courier New', Courier, monospace; font-size: 60px; color: black;"">siete</span>",######,######,"<span style=""font-family: 'Courier New', Courier, monospace; font-size: 60px; color: black;"">C1NCO</span>",F,different,leet,incongruent_leet,7,1,C1NCO,,,,,
542,1791195516726,05/10/2026 10:18:36,1791195516726,2,05/10/2026 12:18:36,283162,5,task-biuv,,58572850,,16708144,,complete,,,computer,Desktop or Laptop,Windows 10,Firefox 102.0,3840x2160,3840x1838,,,0,UCL - tarea 1 ,6,Group1,spreadsheet1,spreadsheet1,128,trial,Blank,vybs3x,4,timedOut,,,501.03999999997905,499.9799999999814,501.03999999997905,501.03999999997905,499.9799999999814,501.03999999997905,1,0,0,,Time Limit,screen,0,screen,trial,,,,141,"<span style=""font-family: 'Courier New', Courier, monospace; font-size: 60px; color: black;"">siete</span>",######,######,"<span style=""font-family: 'Courier New', Courier, monospace; font-size: 60px; color: black;"">C1NCO</span>",F,different,leet,incongruent_leet,7,1,C1NCO,,,,,
543,1791195517227,05/10/2026 10:18:37,1791195517227,2,05/10/2026 12:18:37,283162,5,task-biuv,,58572850,,16708144,,complete,,,computer,Desktop or Laptop,Windows 10,Firefox 102.0,3840x2160,3840x1838,,,0,UCL - tarea 1 ,6,Group1,spreadsheet1,spreadsheet1,129,trial,Fixation,w99rzd,1,continue,,,499.96000000002095,499.96000000002095,499.96000000002095,499.96000000002095,499.96000000002095,499.96000000002095,1,0,0,,Fixation Timing,Fixation Cross,1,object-125,trial,,,,24,"<span style=""font-family: 'Courier New', Courier, monospace; font-size: 60px; color: black;"">cinco</span>",######,######,"<span style=""font-family: 'Courier New', Courier, monospace; font-size: 60px; color: black;"">SIETE</span>",F,different,uppercase,baseline,5,1,SIETE,,,,,
544,1791195517527,05/10/2026 10:18:37,1791195517527,2,05/10/2026 12:18:37,283162,5,task-biuv,,58572850,,16708144,,complete,,,computer,Desktop or Laptop,Windows 10,Firefox 102.0,3840x2160,3840x1838,,,0,UCL - tarea 1 ,6,Group1,spreadsheet1,spreadsheet1,129,trial,Reference,m6fryy,2,timedOut,,,301.0999999999767,300,301.0999999999767,301.0999999999767,300,301.0999999999767,1,0,0,,Time Limit,screen,0,screen,trial,,,,24,"<span style=""font-family: 'Courier New', Courier, monospace; font-size: 60px; color: black;"">cinco</span>",######,######,"<span style=""font-family: 'Courier New', Courier, monospace; font-size: 60px; color: black;"">SIETE</span>",F,different,uppercase,baseline,5,1,SIETE,,,,,
545,1791195518255,05/10/2026 10:18:38,1791195518255,2,05/10/2026 12:18:38,283162,5,task-biuv,,58572850,,16708144,,complete,,,computer,Desktop or Laptop,Windows 10,Firefox 102.0,3840x2160,3840x1838,,,0,UCL - tarea 1 ,6,Group1,spreadsheet1,spreadsheet1,129,trial,Target,spx9cn,3,response,F,,730.0999999999767,716.6199999999953,730.0999999999767,730.0999999999767,716.6199999999953,730.0999999999767,1,0,0,,Keyboard Response,Respuesta,3,object-91,trial,,,,24,"<span style=""font-family: 'Courier New', Courier, monospace; font-size: 60px; color: black;"">cinco</span>",######,######,"<span style=""font-family: 'Courier New', Courier, monospace; font-size: 60px; color: black;"">SIETE</span>",F,different,uppercase,baseline,5,1,SIETE,,,,,
546,1791195518743,05/10/2026 10:18:38,1791195518743,2,05/10/2026 12:18:38,283162,5,task-biuv,,58572850,,16708144,,complete,,,computer,Desktop or Laptop,Windows 10,Firefox 102.0,3840x2160,3840x1838,,,0,UCL - tarea 1 ,6,Group1,spreadsheet1,spreadsheet1,129,trial,Blank,vybs3x,4,timedOut,,,501.4799999999814,499.9799999999814,501.4799999999814,501.4799999999814,499.9799999999814,501.4799999999814,1,0,0,,Time Limit,screen,0,screen,trial,,,,24,"<span style=""font-family: 'Courier New', Courier, monospace; font-size: 60px; color: black;"">cinco</span>",######,######,"<span style=""font-family: 'Courier New', Courier, monospace; font-size: 60px; color: black;"">SIETE</span>",F,different,uppercase,baseline,5,1,SIETE,,,,,
547,1791195519244,05/10/2026 10:18:39,1791195519244,2,05/10/2026 12:18:39,283162,5,task-biuv,,58572850,,16708144,,complete,,,computer,Desktop or Laptop,Windows 10,Firefox 102.0,3840x2160,3840x1838,,,0,UCL - tarea 1 ,6,Group1,spreadsheet1,spreadsheet1,130,trial,Fixation,w99rzd,1,continue,,,499.96000000002095,499.96000000002095,499.96000000002095,499.96000000002095,499.96000000002095,499.96000000002095,1,0,0,,Fixation Timing,Fixation Cross,1,object-125,trial,,,,16,"<span style=""font-family: 'Courier New', Courier, monospace; font-size: 60px; color: black;"">seis</span>",######,######,"<span style=""font-family: 'Courier New', Courier, monospace; font-size: 60px; color: black;"">TR3S</span>",F,different,leet,congruent_leet,6,1,TR3S,,,,,
548,1791195519544,05/10/2026 10:18:39,1791195519544,2,05/10/2026 12:18:39,283162,5,task-biuv,,58572850,,16708144,,complete,,,computer,Desktop or Laptop,Windows 10,Firefox 102.0,3840x2160,3840x1838,,,0,UCL - tarea 1 ,6,Group1,spreadsheet1,spreadsheet1,130,trial,Reference,m6fryy,2,timedOut,,,301.53999999997905,300,301.53999999997905,301.53999999997905,300,301.53999999997905,1,0,0,,Time Limit,screen,0,screen,trial,,,,16,"<span style=""font-family: 'Courier New', Courier, monospace; font-size: 60px; color: black;"">seis</span>",######,######,"<span style=""font-family: 'Courier New', Courier, monospace; font-size: 60px; color: black;"">TR3S</span>",F,different,leet,congruent_leet,6,1,TR3S,,,,,
549,1791195520249,05/10/2026 10:18:40,1791195520249,2,05/10/2026 12:18:40,283162,5,task-biuv,,58572850,,16708144,,complete,,,computer,Desktop or Laptop,Windows 10,Firefox 102.0,3840x2160,3840x1838,,,0,UCL - tarea 1 ,6,Group1,spreadsheet1,spreadsheet1,130,trial,Target,spx9cn,3,response,F,,706.539999999979,699.9599999999627,706.539999999979,706.539999999979,699.9599999999627,706.539999999979,1,0,0,,Keyboard Response,Respuesta,3,object-91,trial,,,,16,"<span style=""font-family: 'Courier New', Courier, monospace; font-size: 60px; color: black;"">seis</span>",######,######,"<span style=""font-family: 'Courier New', Courier, monospace; font-size: 60px; color: black;"">TR3S</span>",F,different,leet,congruent_leet,6,1,TR3S,,,,,
550,1791195520744,05/10/2026 10:18:40,1791195520744,2,05/10/2026 12:18:40,283162,5,task-biuv,,58572850,,16708144,,complete,,,computer,Desktop or Laptop,Windows 10,Firefox 102.0,3840x2160,3840x1838,,,0,UCL - tarea 1 ,6,Group1,spreadsheet1,spreadsheet1,130,trial,Blank,vybs3x,4,timedOut,,,502.5800000000163,499.9800000000396,502.5800000000163,502.5800000000163,499.9800000000396,502.5800000000163,1,0,0,,Time Limit,screen,0,screen,trial,,,,16,"<span style=""font-family: 'Courier New', Courier, monospace; font-size: 60px; color: black;"">seis</span>",######,######,"<span style=""font-family: 'Courier New', Courier, monospace; font-size: 60px; color: black;"">TR3S</span>",F,different,leet,congruent_leet,6,1,TR3S,,,,,
551,1791195521244,05/10/2026 10:18:41,1791195521244,2,05/10/2026 12:18:41,283162,5,task-biuv,,58572850,,16708144,,complete,,,computer,Desktop or Laptop,Windows 10,Firefox 102.0,3840x2160,3840x1838,,,0,UCL - tarea 1 ,6,Group1,spreadsheet1,spreadsheet1,131,trial,Fixation,w99rzd,1,continue,,,499.95999999996275,499.95999999996275,499.95999999996275,499.95999999996275,499.95999999996275,499.95999999996275,1,0,0,,Fixation Timing,Fixation Cross,1,object-125,trial,,,,19,"<span style=""font-family: 'Courier New', Courier, monospace; font-size: 60px; color: black;"">tres</span>",######,######,"<span style=""font-family: 'Courier New', Courier, monospace; font-size: 60px; color: black;"">SE1S</span>",F,different,leet,incongruent_leet,3,1,SE1S,,,,,
552,1791195521544,05/10/2026 10:18:41,1791195521544,2,05/10/2026 12:18:41,283162,5,task-biuv,,58572850,,16708144,,complete,,,computer,Desktop or Laptop,Windows 10,Firefox 102.0,3840x2160,3840x1838,,,0,UCL - tarea 1 ,6,Group1,spreadsheet1,spreadsheet1,131,trial,Reference,m6fryy,2,timedOut,,,302.64000000001397,299.9800000000396,302.64000000001397,302.64000000001397,299.9800000000396,302.64000000001397,1,0,0,,Time Limit,screen,0,screen,trial,,,,19,"<span style=""font-family: 'Courier New', Courier, monospace; font-size: 60px; color: black;"">tres</span>",######,######,"<span style=""font-family: 'Courier New', Courier, monospace; font-size: 60px; color: black;"">SE1S</span>",F,different,leet,incongruent_leet,3,1,SE1S,,,,,
553,1791195522254,05/10/2026 10:18:42,1791195522254,2,05/10/2026 12:18:42,283162,5,task-biuv,,58572850,,16708144,,complete,,,computer,Desktop or Laptop,Windows 10,Firefox 102.0,3840x2160,3840x1838,,,0,UCL - tarea 1 ,6,Group1,spreadsheet1,spreadsheet1,131,trial,Target,spx9cn,3,response,F,,712.6599999999744,699.9799999999814,712.6599999999744,712.6599999999744,699.9799999999814,712.6599999999744,1,0,0,,Keyboard Response,Respuesta,3,object-91,trial,,,,19,"<span style=""font-family: 'Courier New', Courier, monospace; font-size: 60px; color: black;"">tres</span>",######,######,"<span style=""font-family: 'Courier New', Courier, monospace; font-size: 60px; color: black;"">SE1S</span>",F,different,leet,incongruent_leet,3,1,SE1S,,,,,
554,1791195522744,05/10/2026 10:18:42,1791195522744,2,05/10/2026 12:18:42,283162,5,task-biuv,,58572850,,16708144,,complete,,,computer,Desktop or Laptop,Windows 10,Firefox 102.0,3840x2160,3840x1838,,,0,UCL - tarea 1 ,6,Group1,spreadsheet1,spreadsheet1,131,trial,Blank,vybs3x,4,timedOut,,,502.679999999993,499.96000000002095,502.679999999993,502.679999999993,499.96000000002095,502.679999999993,1,0,0,,Time Limit,screen,0,screen,trial,,,,19,"<span style=""font-family: 'Courier New', Courier, monospace; font-size: 60px; color: black;"">tres</span>",######,######,"<span style=""font-family: 'Courier New', Courier, monospace; font-size: 60px; color: black;"">SE1S</span>",F,different,leet,incongruent_leet,3,1,SE1S,,,,,
555,1791195523245,05/10/2026 10:18:43,1791195523245,2,05/10/2026 12:18:43,283162,5,task-biuv,,58572850,,16708144,,complete,,,computer,Desktop or Laptop,Windows 10,Firefox 102.0,3840x2160,3840x1838,,,0,UCL - tarea 1 ,6,Group1,spreadsheet1,spreadsheet1,132,trial,Fixation,w99rzd,1,continue,,,499.9799999999814,499.9799999999814,499.9799999999814,499.9799999999814,499.9799999999814,499.9799999999814,1,0,0,,Fixation Timing,Fixation Cross,1,object-125,trial,,,,134,"<span style=""font-family: 'Courier New', Courier, monospace; font-size: 60px; color: black;"">cuatro</span>",######,######,"<span style=""font-family: 'Courier New', Courier, monospace; font-size: 60px; color: black;"">NU3VE</span>",F,different,leet,incongruent_leet,4,1,NU3VE,,,,,
556,1791195523545,05/10/2026 10:18:43,1791195523545,2,05/10/2026 12:18:43,283162,5,task-biuv,,58572850,,16708144,,complete,,,computer,Desktop or Laptop,Windows 10,Firefox 102.0,3840x2160,3840x1838,,,0,UCL - tarea 1 ,6,Group1,spreadsheet1,spreadsheet1,132,trial,Reference,m6fryy,2,timedOut,,,301.7399999999907,299.9799999999814,301.7399999999907,301.7399999999907,299.9799999999814,301.7399999999907,1,0,0,,Time Limit,screen,0,screen,trial,,,,134,"<span style=""font-family: 'Courier New', Courier, monospace; font-size: 60px; color: black;"">cuatro</span>",######,######,"<span style=""font-family: 'Courier New', Courier, monospace; font-size: 60px; color: black;"">NU3VE</span>",F,different,leet,incongruent_leet,4,1,NU3VE,,,,,
557,1791195524392,05/10/2026 10:18:44,1791195524392,2,05/10/2026 12:18:44,283162,5,task-biuv,,58572850,,16708144,,complete,,,computer,Desktop or Laptop,Windows 10,Firefox 102.0,3840x2160,3840x1838,,,0,UCL - tarea 1 ,6,Group1,spreadsheet1,spreadsheet1,132,trial,Target,spx9cn,3,response,J,,849.7600000000093,833.2999999999884,849.7600000000093,849.7600000000093,833.2999999999884,849.7600000000093,0,0,0,,Keyboard Response,Respuesta,3,object-91,trial,,,,134,"<span style=""font-family: 'Courier New', Courier, monospace; font-size: 60px; color: black;"">cuatro</span>",######,######,"<span style=""font-family: 'Courier New', Courier, monospace; font-size: 60px; color: black;"">NU3VE</span>",F,different,leet,incongruent_leet,4,1,NU3VE,,,,,
558,1791195524876,05/10/2026 10:18:44,1791195524876,2,05/10/2026 12:18:44,283162,5,task-biuv,,58572850,,16708144,,complete,,,computer,Desktop or Laptop,Windows 10,Firefox 102.0,3840x2160,3840x1838,,,0,UCL - tarea 1 ,6,Group1,spreadsheet1,spreadsheet1,132,trial,Blank,vybs3x,4,timedOut,,,502.46000000002095,499.96000000002095,502.46000000002095,502.46000000002095,499.96000000002095,502.46000000002095,1,0,0,,Time Limit,screen,0,screen,trial,,,,134,"<span style=""font-family: 'Courier New', Courier, monospace; font-size: 60px; color: black;"">cuatro</span>",######,######,"<span style=""font-family: 'Courier New', Courier, monospace; font-size: 60px; color: black;"">NU3VE</span>",F,different,leet,incongruent_leet,4,1,NU3VE,,,,,
559,1791195525376,05/10/2026 10:18:45,1791195525376,2,05/10/2026 12:18:45,283162,5,task-biuv,,58572850,,16708144,,complete,,,computer,Desktop or Laptop,Windows 10,Firefox 102.0,3840x2160,3840x1838,,,0,UCL - tarea 1 ,6,Group1,spreadsheet1,spreadsheet1,133,trial,Fixation,w99rzd,1,continue,,,499.9799999999814,499.9799999999814,499.9799999999814,499.9799999999814,499.9799999999814,499.9799999999814,1,0,0,,Fixation Timing,Fixation Cross,1,object-125,trial,,,,124,"<span style=""font-family: 'Courier New', Courier, monospace; font-size: 60px; color: black;"">seis</span>",######,######,"<span style=""font-family: 'Courier New', Courier, monospace; font-size: 60px; color: black;"">SEIS</span>",J,same,uppercase,baseline,6,1,SEIS,,,,,
560,1791195525677,05/10/2026 10:18:45,1791195525677,2,05/10/2026 12:18:45,283162,5,task-biuv,,58572850,,16708144,,complete,,,computer,Desktop or Laptop,Windows 10,Firefox 102.0,3840x2160,3840x1838,,,0,UCL - tarea 1 ,6,Group1,spreadsheet1,spreadsheet1,133,trial,Reference,m6fryy,2,timedOut,,,302.5200000000186,299.9800000000396,302.5200000000186,302.5200000000186,299.9800000000396,302.5200000000186,1,0,0,,Time Limit,screen,0,screen,trial,,,,124,"<span style=""font-family: 'Courier New', Courier, monospace; font-size: 60px; color: black;"">seis</span>",######,######,"<span style=""font-family: 'Courier New', Courier, monospace; font-size: 60px; color: black;"">SEIS</span>",J,same,uppercase,baseline,6,1,SEIS,,,,,
561,1791195526288,05/10/2026 10:18:46,1791195526288,2,05/10/2026 12:18:46,283162,5,task-biuv,,58572850,,16708144,,complete,,,computer,Desktop or Laptop,Windows 10,Firefox 102.0,3840x2160,3840x1838,,,0,UCL - tarea 1 ,6,Group1,spreadsheet1,spreadsheet1,133,trial,Target,spx9cn,3,response,J,,613.539999999979,599.9799999999814,613.539999999979,613.539999999979,599.9799999999814,613.539999999979,1,0,0,,Keyboard Response,Respuesta,3,object-91,trial,,,,124,"<span style=""font-family: 'Courier New', Courier, monospace; font-size: 60px; color: black;"">seis</span>",######,######,"<span style=""font-family: 'Courier New', Courier, monospace; font-size: 60px; color: black;"">SEIS</span>",J,same,uppercase,baseline,6,1,SEIS,,,,,
562,1791195526776,05/10/2026 10:18:46,1791195526776,2,05/10/2026 12:18:46,283162,5,task-biuv,,58572850,,16708144,,complete,,,computer,Desktop or Laptop,Windows 10,Firefox 102.0,3840x2160,3840x1838,,,0,UCL - tarea 1 ,6,Group1,spreadsheet1,spreadsheet1,133,trial,Blank,vybs3x,4,timedOut,,,501.5599999999977,499.9799999999814,501.5599999999977,501.5599999999977,499.9799999999814,501.5599999999977,1,0,0,,Time Limit,screen,0,screen,trial,,,,124,"<span style=""font-family: 'Courier New', Courier, monospace; font-size: 60px; color: black;"">seis</span>",######,######,"<span style=""font-family: 'Courier New', Courier, monospace; font-size: 60px; color: black;"">SEIS</span>",J,same,uppercase,baseline,6,1,SEIS,,,,,
563,1791195527276,05/10/2026 10:18:47,1791195527276,2,05/10/2026 12:18:47,283162,5,task-biuv,,58572850,,16708144,,complete,,,computer,Desktop or Laptop,Windows 10,Firefox 102.0,3840x2160,3840x1838,,,0,UCL - tarea 1 ,6,Group1,spreadsheet1,spreadsheet1,134,trial,Fixation,w99rzd,1,continue,,,499.96000000002095,499.96000000002095,499.96000000002095,499.96000000002095,499.96000000002095,499.96000000002095,1,0,0,,Fixation Timing,Fixation Cross,1,object-125,trial,,,,17,"<span style=""font-family: 'Courier New', Courier, monospace; font-size: 60px; color: black;"">nueve</span>",######,######,"<span style=""font-family: 'Courier New', Courier, monospace; font-size: 60px; color: black;"">CUATRO</span>",F,different,uppercase,baseline,9,1,CUATRO,,,,,
564,1791195527577,05/10/2026 10:18:47,1791195527577,2,05/10/2026 12:18:47,283162,5,task-biuv,,58572850,,16708144,,complete,,,computer,Desktop or Laptop,Windows 10,Firefox 102.0,3840x2160,3840x1838,,,0,UCL - tarea 1 ,6,Group1,spreadsheet1,spreadsheet1,134,trial,Reference,m6fryy,2,timedOut,,,302.61999999999534,299.9799999999814,302.61999999999534,302.61999999999534,299.9799999999814,302.61999999999534,1,0,0,,Time Limit,screen,0,screen,trial,,,,17,"<span style=""font-family: 'Courier New', Courier, monospace; font-size: 60px; color: black;"">nueve</span>",######,######,"<span style=""font-family: 'Courier New', Courier, monospace; font-size: 60px; color: black;"">CUATRO</span>",F,different,uppercase,baseline,9,1,CUATRO,,,,,
565,1791195528176,05/10/2026 10:18:48,1791195528176,2,05/10/2026 12:18:48,283162,5,task-biuv,,58572850,,16708144,,complete,,,computer,Desktop or Laptop,Windows 10,Firefox 102.0,3840x2160,3840x1838,,,0,UCL - tarea 1 ,6,Group1,spreadsheet1,spreadsheet1,134,trial,Target,spx9cn,3,response,F,,602.640000000014,599.9800000000396,602.640000000014,602.640000000014,599.9800000000396,602.640000000014,1,0,0,,Keyboard Response,Respuesta,3,object-91,trial,,,,17,"<span style=""font-family: 'Courier New', Courier, monospace; font-size: 60px; color: black;"">nueve</span>",######,######,"<span style=""font-family: 'Courier New', Courier, monospace; font-size: 60px; color: black;"">CUATRO</span>",F,different,uppercase,baseline,9,1,CUATRO,,,,,
566,1791195528677,05/10/2026 10:18:48,1791195528677,2,05/10/2026 12:18:48,283162,5,task-biuv,,58572850,,16708144,,complete,,,computer,Desktop or Laptop,Windows 10,Firefox 102.0,3840x2160,3840x1838,,,0,UCL - tarea 1 ,6,Group1,spreadsheet1,spreadsheet1,134,trial,Blank,vybs3x,4,timedOut,,,502.6599999999744,501.4199999999837,502.6599999999744,502.6599999999744,501.4199999999837,502.6599999999744,1,0,0,,Time Limit,screen,0,screen,trial,,,,17,"<span style=""font-family: 'Courier New', Courier, monospace; font-size: 60px; color: black;"">nueve</span>",######,######,"<span style=""font-family: 'Courier New', Courier, monospace; font-size: 60px; color: black;"">CUATRO</span>",F,different,uppercase,baseline,9,1,CUATRO,,,,,
567,1791195529177,05/10/2026 10:18:49,1791195529177,2,05/10/2026 12:18:49,283162,5,task-biuv,,58572850,,16708144,,complete,,,computer,Desktop or Laptop,Windows 10,Firefox 102.0,3840x2160,3840x1838,,,0,UCL - tarea 1 ,6,Group1,spreadsheet1,spreadsheet1,135,trial,Fixation,w99rzd,1,continue,,,499.7600000000093,499.7600000000093,499.7600000000093,499.7600000000093,499.7600000000093,499.7600000000093,1,0,0,,Fixation Timing,Fixation Cross,1,object-125,trial,,,,12,"<span style=""font-family: 'Courier New', Courier, monospace; font-size: 60px; color: black;"">cinco</span>",######,######,"<span style=""font-family: 'Courier New', Courier, monospace; font-size: 60px; color: black;"">C1NCO</span>",J,same,leet,incongruent_leet,5,1,C1NCO,,,,,
568,1791195529476,05/10/2026 10:18:49,1791195529476,2,05/10/2026 12:18:49,283162,5,task-biuv,,58572850,,16708144,,complete,,,computer,Desktop or Laptop,Windows 10,Firefox 102.0,3840x2160,3840x1838,,,0,UCL - tarea 1 ,6,Group1,spreadsheet1,spreadsheet1,135,trial,Reference,m6fryy,2,timedOut,,,301.4799999999814,300,301.4799999999814,301.4799999999814,300,301.4799999999814,1,0,0,,Time Limit,screen,0,screen,trial,,,,12,"<span style=""font-family: 'Courier New', Courier, monospace; font-size: 60px; color: black;"">cinco</span>",######,######,"<span style=""font-family: 'Courier New', Courier, monospace; font-size: 60px; color: black;"">C1NCO</span>",J,same,leet,incongruent_leet,5,1,C1NCO,,,,,
569,1791195530158,05/10/2026 10:18:50,1791195530158,2,05/10/2026 12:18:50,283162,5,task-biuv,,58572850,,16708144,,complete,,,computer,Desktop or Laptop,Windows 10,Firefox 102.0,3840x2160,3840x1838,,,0,UCL - tarea 1 ,6,Group1,spreadsheet1,spreadsheet1,135,trial,Target,spx9cn,3,response,J,,683.2800000000279,666.6199999999953,683.2800000000279,683.2800000000279,666.6199999999953,683.2800000000279,1,0,0,,Keyboard Response,Respuesta,3,object-91,trial,,,,12,"<span style=""font-family: 'Courier New', Courier, monospace; font-size: 60px; color: black;"">cinco</span>",######,######,"<span style=""font-family: 'Courier New', Courier, monospace; font-size: 60px; color: black;"">C1NCO</span>",J,same,leet,incongruent_leet,5,1,C1NCO,,,,,
570,1791195530643,05/10/2026 10:18:50,1791195530643,2,05/10/2026 12:18:50,283162,5,task-biuv,,58572850,,16708144,,complete,,,computer,Desktop or Laptop,Windows 10,Firefox 102.0,3840x2160,3840x1838,,,0,UCL - tarea 1 ,6,Group1,spreadsheet1,spreadsheet1,135,trial,Blank,vybs3x,4,timedOut,,,500.85999999998603,499.9799999999814,500.85999999998603,500.85999999998603,499.9799999999814,500.85999999998603,1,0,0,,Time Limit,screen,0,screen,trial,,,,12,"<span style=""font-family: 'Courier New', Courier, monospace; font-size: 60px; color: black;"">cinco</span>",######,######,"<span style=""font-family: 'Courier New', Courier, monospace; font-size: 60px; color: black;"">C1NCO</span>",J,same,leet,incongruent_leet,5,1,C1NCO,,,,,
571,1791195531144,05/10/2026 10:18:51,1791195531144,2,05/10/2026 12:18:51,283162,5,task-biuv,,58572850,,16708144,,complete,,,computer,Desktop or Laptop,Windows 10,Firefox 102.0,3840x2160,3840x1838,,,0,UCL - tarea 1 ,6,Group1,spreadsheet1,spreadsheet1,136,trial,Fixation,w99rzd,1,continue,,,499.9799999999814,499.9799999999814,499.9799999999814,499.9799999999814,499.9799999999814,499.9799999999814,1,0,0,,Fixation Timing,Fixation Cross,1,object-125,trial,,,,1,"<span style=""font-family: 'Courier New', Courier, monospace; font-size: 60px; color: black;"">tres</span>",######,######,"<span style=""font-family: 'Courier New', Courier, monospace; font-size: 60px; color: black;"">TRES</span>",J,same,uppercase,baseline,3,1,TRES,,,,,
572,1791195531444,05/10/2026 10:18:51,1791195531444,2,05/10/2026 12:18:51,283162,5,task-biuv,,58572850,,16708144,,complete,,,computer,Desktop or Laptop,Windows 10,Firefox 102.0,3840x2160,3840x1838,,,0,UCL - tarea 1 ,6,Group1,spreadsheet1,spreadsheet1,136,trial,Reference,m6fryy,2,timedOut,,,301.9000000000233,299.9800000000396,301.9000000000233,301.9000000000233,299.9800000000396,301.9000000000233,1,0,0,,Time Limit,screen,0,screen,trial,,,,1,"<span style=""font-family: 'Courier New', Courier, monospace; font-size: 60px; color: black;"">tres</span>",######,######,"<span style=""font-family: 'Courier New', Courier, monospace; font-size: 60px; color: black;"">TRES</span>",J,same,uppercase,baseline,3,1,TRES,,,,,
573,1791195532088,05/10/2026 10:18:52,1791195532088,2,05/10/2026 12:18:52,283162,5,task-biuv,,58572850,,16708144,,complete,,,computer,Desktop or Laptop,Windows 10,Firefox 102.0,3840x2160,3840x1838,,,0,UCL - tarea 1 ,6,Group1,spreadsheet1,spreadsheet1,136,trial,Target,spx9cn,3,response,J,,645.9199999999837,633.2999999999884,645.9199999999837,645.9199999999837,633.2999999999884,645.9199999999837,1,0,0,,Keyboard Response,Respuesta,3,object-91,trial,,,,1,"<span style=""font-family: 'Courier New', Courier, monospace; font-size: 60px; color: black;"">tres</span>",######,######,"<span style=""font-family: 'Courier New', Courier, monospace; font-size: 60px; color: black;"">TRES</span>",J,same,uppercase,baseline,3,1,TRES,,,,,
574,1791195532576,05/10/2026 10:18:52,1791195532576,2,05/10/2026 12:18:52,283162,5,task-biuv,,58572850,,16708144,,complete,,,computer,Desktop or Laptop,Windows 10,Firefox 102.0,3840x2160,3840x1838,,,0,UCL - tarea 1 ,6,Group1,spreadsheet1,spreadsheet1,136,trial,Blank,vybs3x,4,timedOut,,,501.61999999999534,499.9799999999814,501.61999999999534,501.61999999999534,499.9799999999814,501.61999999999534,1,0,0,,Time Limit,screen,0,screen,trial,,,,1,"<span style=""font-family: 'Courier New', Courier, monospace; font-size: 60px; color: black;"">tres</span>",######,######,"<span style=""font-family: 'Courier New', Courier, monospace; font-size: 60px; color: black;"">TRES</span>",J,same,uppercase,baseline,3,1,TRES,,,,,
575,1791195533077,05/10/2026 10:18:53,1791195533077,2,05/10/2026 12:18:53,283162,5,task-biuv,,58572850,,16708144,,complete,,,computer,Desktop or Laptop,Windows 10,Firefox 102.0,3840x2160,3840x1838,,,0,UCL - tarea 1 ,6,Group1,spreadsheet1,spreadsheet1,137,trial,Fixation,w99rzd,1,continue,,,499.96000000002095,499.96000000002095,499.96000000002095,499.96000000002095,499.96000000002095,499.96000000002095,1,0,0,,Fixation Timing,Fixation Cross,1,object-125,trial,,,,10,"<span style=""font-family: 'Courier New', Courier, monospace; font-size: 60px; color: black;"">seis</span>",######,######,"<span style=""font-family: 'Courier New', Courier, monospace; font-size: 60px; color: black;"">SE1S</span>",J,same,leet,incongruent_leet,6,1,SE1S,,,,,
576,1791195533376,05/10/2026 10:18:53,1791195533376,2,05/10/2026 12:18:53,283162,5,task-biuv,,58572850,,16708144,,complete,,,computer,Desktop or Laptop,Windows 10,Firefox 102.0,3840x2160,3840x1838,,,0,UCL - tarea 1 ,6,Group1,spreadsheet1,spreadsheet1,137,trial,Reference,m6fryy,2,timedOut,,,300.679999999993,300,300.679999999993,300.679999999993,300,300.679999999993,1,0,0,,Time Limit,screen,0,screen,trial,,,,10,"<span style=""font-family: 'Courier New', Courier, monospace; font-size: 60px; color: black;"">seis</span>",######,######,"<span style=""font-family: 'Courier New', Courier, monospace; font-size: 60px; color: black;"">SE1S</span>",J,same,leet,incongruent_leet,6,1,SE1S,,,,,
577,1791195533985,05/10/2026 10:18:53,1791195533985,2,05/10/2026 12:18:53,283162,5,task-biuv,,58572850,,16708144,,complete,,,computer,Desktop or Laptop,Windows 10,Firefox 102.0,3840x2160,3840x1838,,,0,UCL - tarea 1 ,6,Group1,spreadsheet1,spreadsheet1,137,trial,Target,spx9cn,3,response,J,,609.679999999993,599.960000000021,609.679999999993,609.679999999993,599.960000000021,609.679999999993,1,0,0,,Keyboard Response,Respuesta,3,object-91,trial,,,,10,"<span style=""font-family: 'Courier New', Courier, monospace; font-size: 60px; color: black;"">seis</span>",######,######,"<span style=""font-family: 'Courier New', Courier, monospace; font-size: 60px; color: black;"">SE1S</span>",J,same,leet,incongruent_leet,6,1,SE1S,,,,,
578,1791195534476,05/10/2026 10:18:54,1791195534476,2,05/10/2026 12:18:54,283162,5,task-biuv,,58572850,,16708144,,complete,,,computer,Desktop or Laptop,Windows 10,Firefox 102.0,3840x2160,3840x1838,,,0,UCL - tarea 1 ,6,Group1,spreadsheet1,spreadsheet1,137,trial,Blank,vybs3x,4,timedOut,,,499.9799999999814,499.9799999999814,499.9799999999814,499.9799999999814,499.9799999999814,499.9799999999814,1,0,0,,Time Limit,screen,0,screen,trial,,,,10,"<span style=""font-family: 'Courier New', Courier, monospace; font-size: 60px; color: black;"">seis</span>",######,######,"<span style=""font-family: 'Courier New', Courier, monospace; font-size: 60px; color: black;"">SE1S</span>",J,same,leet,incongruent_leet,6,1,SE1S,,,,,
579,1791195534977,05/10/2026 10:18:54,1791195534977,2,05/10/2026 12:18:54,283162,5,task-biuv,,58572850,,16708144,,complete,,,computer,Desktop or Laptop,Windows 10,Firefox 102.0,3840x2160,3840x1838,,,0,UCL - tarea 1 ,6,Group1,spreadsheet1,spreadsheet1,138,trial,Fixation,w99rzd,1,continue,,,499.95999999996275,499.95999999996275,499.95999999996275,499.95999999996275,499.95999999996275,499.95999999996275,1,0,0,,Fixation Timing,Fixation Cross,1,object-125,trial,,,,144,"<span style=""font-family: 'Courier New', Courier, monospace; font-size: 60px; color: black;"">cinco</span>",######,######,"<span style=""font-family: 'Courier New', Courier, monospace; font-size: 60px; color: black;"">SIETE</span>",F,different,uppercase,baseline,5,1,SIETE,,,,,
580,1791195535277,05/10/2026 10:18:55,1791195535277,2,05/10/2026 12:18:55,283162,5,task-biuv,,58572850,,16708144,,complete,,,computer,Desktop or Laptop,Windows 10,Firefox 102.0,3840x2160,3840x1838,,,0,UCL - tarea 1 ,6,Group1,spreadsheet1,spreadsheet1,138,trial,Reference,m6fryy,2,timedOut,,,301.78000000002794,300,301.78000000002794,301.78000000002794,300,301.78000000002794,1,0,0,,Time Limit,screen,0,screen,trial,,,,144,"<span style=""font-family: 'Courier New', Courier, monospace; font-size: 60px; color: black;"">cinco</span>",######,######,"<span style=""font-family: 'Courier New', Courier, monospace; font-size: 60px; color: black;"">SIETE</span>",F,different,uppercase,baseline,5,1,SIETE,,,,,
581,1791195535966,05/10/2026 10:18:55,1791195535966,2,05/10/2026 12:18:55,283162,5,task-biuv,,58572850,,16708144,,complete,,,computer,Desktop or Laptop,Windows 10,Firefox 102.0,3840x2160,3840x1838,,,0,UCL - tarea 1 ,6,Group1,spreadsheet1,spreadsheet1,138,trial,Target,spx9cn,3,response,F,,690.7800000000279,683.3000000000466,690.7800000000279,690.7800000000279,683.3000000000466,690.7800000000279,1,0,0,,Keyboard Response,Respuesta,3,object-91,trial,,,,144,"<span style=""font-family: 'Courier New', Courier, monospace; font-size: 60px; color: black;"">cinco</span>",######,######,"<span style=""font-family: 'Courier New', Courier, monospace; font-size: 60px; color: black;"">SIETE</span>",F,different,uppercase,baseline,5,1,SIETE,,,,,
582,1791195536459,05/10/2026 10:18:56,1791195536459,2,05/10/2026 12:18:56,283162,5,task-biuv,,58572850,,16708144,,complete,,,computer,Desktop or Laptop,Windows 10,Firefox 102.0,3840x2160,3840x1838,,,0,UCL - tarea 1 ,6,Group1,spreadsheet1,spreadsheet1,138,trial,Blank,vybs3x,4,timedOut,,,500.4799999999814,499.95999999996275,500.4799999999814,500.4799999999814,499.95999999996275,500.4799999999814,1,0,0,,Time Limit,screen,0,screen,trial,,,,144,"<span style=""font-family: 'Courier New', Courier, monospace; font-size: 60px; color: black;"">cinco</span>",######,######,"<span style=""font-family: 'Courier New', Courier, monospace; font-size: 60px; color: black;"">SIETE</span>",F,different,uppercase,baseline,5,1,SIETE,,,,,
583,1791195536959,05/10/2026 10:18:56,1791195536959,2,05/10/2026 12:18:56,283162,5,task-biuv,,58572850,,16708144,,complete,,,computer,Desktop or Laptop,Windows 10,Firefox 102.0,3840x2160,3840x1838,,,0,UCL - tarea 1 ,6,Group1,spreadsheet1,spreadsheet1,139,trial,Fixation,w99rzd,1,continue,,,499.9800000000396,499.9800000000396,499.9800000000396,499.9800000000396,499.9800000000396,499.9800000000396,1,0,0,,Fixation Timing,Fixation Cross,1,object-125,trial,,,,2,"<span style=""font-family: 'Courier New', Courier, monospace; font-size: 60px; color: black;"">cuatro</span>",######,######,"<span style=""font-family: 'Courier New', Courier, monospace; font-size: 60px; color: black;"">CU4TRO</span>",J,same,leet,congruent_leet,4,1,CU4TRO,,,,,
584,1791195537259,05/10/2026 10:18:57,1791195537259,2,05/10/2026 12:18:57,283162,5,task-biuv,,58572850,,16708144,,complete,,,computer,Desktop or Laptop,Windows 10,Firefox 102.0,3840x2160,3840x1838,,,0,UCL - tarea 1 ,6,Group1,spreadsheet1,spreadsheet1,139,trial,Reference,m6fryy,2,timedOut,,,300.53999999997905,299.9799999999814,300.53999999997905,300.53999999997905,299.9799999999814,300.53999999997905,1,0,0,,Time Limit,screen,0,screen,trial,,,,2,"<span style=""font-family: 'Courier New', Courier, monospace; font-size: 60px; color: black;"">cuatro</span>",######,######,"<span style=""font-family: 'Courier New', Courier, monospace; font-size: 60px; color: black;"">CU4TRO</span>",J,same,leet,congruent_leet,4,1,CU4TRO,,,,,
585,1791195537965,05/10/2026 10:18:57,1791195537965,2,05/10/2026 12:18:57,283162,5,task-biuv,,58572850,,16708144,,complete,,,computer,Desktop or Laptop,Windows 10,Firefox 102.0,3840x2160,3840x1838,,,0,UCL - tarea 1 ,6,Group1,spreadsheet1,spreadsheet1,139,trial,Target,spx9cn,3,response,J,,707.5599999999977,699.960000000021,707.5599999999977,707.5599999999977,699.960000000021,707.5599999999977,1,0,0,,Keyboard Response,Respuesta,3,object-91,trial,,,,2,"<span style=""font-family: 'Courier New', Courier, monospace; font-size: 60px; color: black;"">cuatro</span>",######,######,"<span style=""font-family: 'Courier New', Courier, monospace; font-size: 60px; color: black;"">CU4TRO</span>",J,same,leet,congruent_leet,4,1,CU4TRO,,,,,
586,1791195538460,05/10/2026 10:18:58,1791195538460,2,05/10/2026 12:18:58,283162,5,task-biuv,,58572850,,16708144,,complete,,,computer,Desktop or Laptop,Windows 10,Firefox 102.0,3840x2160,3840x1838,,,0,UCL - tarea 1 ,6,Group1,spreadsheet1,spreadsheet1,139,trial,Blank,vybs3x,4,timedOut,,,500.5999999999767,499.9799999999814,500.5999999999767,500.5999999999767,499.9799999999814,500.5999999999767,1,0,0,,Time Limit,screen,0,screen,trial,,,,2,"<span style=""font-family: 'Courier New', Courier, monospace; font-size: 60px; color: black;"">cuatro</span>",######,######,"<span style=""font-family: 'Courier New', Courier, monospace; font-size: 60px; color: black;"">CU4TRO</span>",J,same,leet,congruent_leet,4,1,CU4TRO,,,,,
587,1791195538959,05/10/2026 10:18:58,1791195538959,2,05/10/2026 12:18:58,283162,5,task-biuv,,58572850,,16708144,,complete,,,computer,Desktop or Laptop,Windows 10,Firefox 102.0,3840x2160,3840x1838,,,0,UCL - tarea 1 ,6,Group1,spreadsheet1,spreadsheet1,140,trial,Fixation,w99rzd,1,continue,,,499.9799999999814,499.9799999999814,499.9799999999814,499.9799999999814,499.9799999999814,499.9799999999814,1,0,0,,Fixation Timing,Fixation Cross,1,object-125,trial,,,,23,"<span style=""font-family: 'Courier New', Courier, monospace; font-size: 60px; color: black;"">nueve</span>",######,######,"<span style=""font-family: 'Courier New', Courier, monospace; font-size: 60px; color: black;"">CU4TRO</span>",F,different,leet,congruent_leet,9,1,CU4TRO,,,,,
588,1791195539260,05/10/2026 10:18:59,1791195539260,2,05/10/2026 12:18:59,283162,5,task-biuv,,58572850,,16708144,,complete,,,computer,Desktop or Laptop,Windows 10,Firefox 102.0,3840x2160,3840x1838,,,0,UCL - tarea 1 ,6,Group1,spreadsheet1,spreadsheet1,140,trial,Reference,m6fryy,2,timedOut,,,300.64000000001397,299.9800000000396,300.64000000001397,300.64000000001397,299.9800000000396,300.64000000001397,1,0,0,,Time Limit,screen,0,screen,trial,,,,23,"<span style=""font-family: 'Courier New', Courier, monospace; font-size: 60px; color: black;"">nueve</span>",######,######,"<span style=""font-family: 'Courier New', Courier, monospace; font-size: 60px; color: black;"">CU4TRO</span>",F,different,leet,congruent_leet,9,1,CU4TRO,,,,,
589,1791195540010,05/10/2026 10:19:00,1791195540010,2,05/10/2026 12:19:00,283162,5,task-biuv,,58572850,,16708144,,complete,,,computer,Desktop or Laptop,Windows 10,Firefox 102.0,3840x2160,3840x1838,,,0,UCL - tarea 1 ,6,Group1,spreadsheet1,spreadsheet1,140,trial,Target,spx9cn,3,response,F,,749.9799999999814,733.2999999999884,749.9799999999814,749.9799999999814,733.2999999999884,749.9799999999814,1,0,0,,Keyboard Response,Respuesta,3,object-91,trial,,,,23,"<span style=""font-family: 'Courier New', Courier, monospace; font-size: 60px; color: black;"">nueve</span>",######,######,"<span style=""font-family: 'Courier New', Courier, monospace; font-size: 60px; color: black;"">CU4TRO</span>",F,different,leet,congruent_leet,9,1,CU4TRO,,,,,
590,1791195540492,05/10/2026 10:19:00,1791195540492,2,05/10/2026 12:19:00,283162,5,task-biuv,,58572850,,16708144,,complete,,,computer,Desktop or Laptop,Windows 10,Firefox 102.0,3840x2160,3840x1838,,,0,UCL - tarea 1 ,6,Group1,spreadsheet1,spreadsheet1,140,trial,Blank,vybs3x,4,timedOut,,,501.35999999998603,499.95999999996275,501.35999999998603,501.35999999998603,499.95999999996275,501.35999999998603,1,0,0,,Time Limit,screen,0,screen,trial,,,,23,"<span style=""font-family: 'Courier New', Courier, monospace; font-size: 60px; color: black;"">nueve</span>",######,######,"<span style=""font-family: 'Courier New', Courier, monospace; font-size: 60px; color: black;"">CU4TRO</span>",F,different,leet,congruent_leet,9,1,CU4TRO,,,,,
591,1791195540994,05/10/2026 10:19:00,1791195540994,2,05/10/2026 12:19:00,283162,5,task-biuv,,58572850,,16708144,,complete,,,computer,Desktop or Laptop,Windows 10,Firefox 102.0,3840x2160,3840x1838,,,0,UCL - tarea 1 ,6,Group1,spreadsheet1,spreadsheet1,141,trial,Fixation,w99rzd,1,continue,,,499.9800000000396,499.9800000000396,499.9800000000396,499.9800000000396,499.9800000000396,499.9800000000396,1,0,0,,Fixation Timing,Fixation Cross,1,object-125,trial,,,,135,"<span style=""font-family: 'Courier New', Courier, monospace; font-size: 60px; color: black;"">siete</span>",######,######,"<span style=""font-family: 'Courier New', Courier, monospace; font-size: 60px; color: black;"">CINCO</span>",F,different,uppercase,baseline,7,1,CINCO,,,,,
592,1791195541294,05/10/2026 10:19:01,1791195541294,2,05/10/2026 12:19:01,283162,5,task-biuv,,58572850,,16708144,,complete,,,computer,Desktop or Laptop,Windows 10,Firefox 102.0,3840x2160,3840x1838,,,0,UCL - tarea 1 ,6,Group1,spreadsheet1,spreadsheet1,141,trial,Reference,m6fryy,2,timedOut,,,302.4199999999837,299.9799999999814,302.4199999999837,302.4199999999837,299.9799999999814,302.4199999999837,1,0,0,,Time Limit,screen,0,screen,trial,,,,135,"<span style=""font-family: 'Courier New', Courier, monospace; font-size: 60px; color: black;"">siete</span>",######,######,"<span style=""font-family: 'Courier New', Courier, monospace; font-size: 60px; color: black;"">CINCO</span>",F,different,uppercase,baseline,7,1,CINCO,,,,,
593,1791195541975,05/10/2026 10:19:01,1791195541975,2,05/10/2026 12:19:01,283162,5,task-biuv,,58572850,,16708144,,complete,,,computer,Desktop or Laptop,Windows 10,Firefox 102.0,3840x2160,3840x1838,,,0,UCL - tarea 1 ,6,Group1,spreadsheet1,spreadsheet1,141,trial,Target,spx9cn,3,response,F,,682.4400000000023,666.640000000014,682.4400000000023,682.4400000000023,666.640000000014,682.4400000000023,1,0,0,,Keyboard Response,Respuesta,3,object-91,trial,,,,135,"<span style=""font-family: 'Courier New', Courier, monospace; font-size: 60px; color: black;"">siete</span>",######,######,"<span style=""font-family: 'Courier New', Courier, monospace; font-size: 60px; color: black;"">CINCO</span>",F,different,uppercase,baseline,7,1,CINCO,,,,,
594,1791195542460,05/10/2026 10:19:02,1791195542460,2,05/10/2026 12:19:02,283162,5,task-biuv,,58572850,,16708144,,complete,,,computer,Desktop or Laptop,Windows 10,Firefox 102.0,3840x2160,3840x1838,,,0,UCL - tarea 1 ,6,Group1,spreadsheet1,spreadsheet1,141,trial,Blank,vybs3x,4,timedOut,,,501.79999999998836,499.9799999999814,501.79999999998836,501.79999999998836,499.9799999999814,501.79999999998836,1,0,0,,Time Limit,screen,0,screen,trial,,,,135,"<span style=""font-family: 'Courier New', Courier, monospace; font-size: 60px; color: black;"">siete</span>",######,######,"<span style=""font-family: 'Courier New', Courier, monospace; font-size: 60px; color: black;"">CINCO</span>",F,different,uppercase,baseline,7,1,CINCO,,,,,
595,1791195542960,05/10/2026 10:19:02,1791195542960,2,05/10/2026 12:19:02,283162,5,task-biuv,,58572850,,16708144,,complete,,,computer,Desktop or Laptop,Windows 10,Firefox 102.0,3840x2160,3840x1838,,,0,UCL - tarea 1 ,6,Group1,spreadsheet1,spreadsheet1,142,trial,Fixation,w99rzd,1,continue,,,499.96000000002095,499.96000000002095,499.96000000002095,499.96000000002095,499.96000000002095,499.96000000002095,1,0,0,,Fixation Timing,Fixation Cross,1,object-125,trial,,,,127,"<span style=""font-family: 'Courier New', Courier, monospace; font-size: 60px; color: black;"">tres</span>",######,######,"<span style=""font-family: 'Courier New', Courier, monospace; font-size: 60px; color: black;"">NU3VE</span>",J,same,leet,congruent_leet,3,1,TR3S,,,,,
596,1791195543261,05/10/2026 10:19:03,1791195543261,2,05/10/2026 12:19:03,283162,5,task-biuv,,58572850,,16708144,,complete,,,computer,Desktop or Laptop,Windows 10,Firefox 102.0,3840x2160,3840x1838,,,0,UCL - tarea 1 ,6,Group1,spreadsheet1,spreadsheet1,142,trial,Reference,m6fryy,2,timedOut,,,301.85999999998603,300,301.85999999998603,301.85999999998603,300,301.85999999998603,1,0,0,,Time Limit,screen,0,screen,trial,,,,127,"<span style=""font-family: 'Courier New', Courier, monospace; font-size: 60px; color: black;"">tres</span>",######,######,"<span style=""font-family: 'Courier New', Courier, monospace; font-size: 60px; color: black;"">NU3VE</span>",J,same,leet,congruent_leet,3,1,TR3S,,,,,
597,1791195543977,05/10/2026 10:19:03,1791195543977,2,05/10/2026 12:19:03,283162,5,task-biuv,,58572850,,16708144,,complete,,,computer,Desktop or Laptop,Windows 10,Firefox 102.0,3840x2160,3840x1838,,,0,UCL - tarea 1 ,6,Group1,spreadsheet1,spreadsheet1,142,trial,Target,spx9cn,3,response,J,,716.6399999999558,699.9599999999627,716.6399999999558,716.6399999999558,699.9599999999627,716.6399999999558,1,0,0,,Keyboard Response,Respuesta,3,object-91,trial,,,,127,"<span style=""font-family: 'Courier New', Courier, monospace; font-size: 60px; color: black;"">tres</span>",######,######,"<span style=""font-family: 'Courier New', Courier, monospace; font-size: 60px; color: black;"">NU3VE</span>",J,same,leet,congruent_leet,3,1,TR3S,,,,,
598,1791195544460,05/10/2026 10:19:04,1791195544460,2,05/10/2026 12:19:04,283162,5,task-biuv,,58572850,,16708144,,complete,,,computer,Desktop or Laptop,Windows 10,Firefox 102.0,3840x2160,3840x1838,,,0,UCL - tarea 1 ,6,Group1,spreadsheet1,spreadsheet1,142,trial,Blank,vybs3x,4,timedOut,,,501.9000000000233,499.96000000002095,501.9000000000233,501.9000000000233,499.96000000002095,501.9000000000233,1,0,0,,Time Limit,screen,0,screen,trial,,,,127,"<span style=""font-family: 'Courier New', Courier, monospace; font-size: 60px; color: black;"">tres</span>",######,######,"<span style=""font-family: 'Courier New', Courier, monospace; font-size: 60px; color: black;"">NU3VE</span>",J,same,leet,congruent_leet,3,1,TR3S,,,,,
599,1791195544960,05/10/2026 10:19:04,1791195544960,2,05/10/2026 12:19:04,283162,5,task-biuv,,58572850,,16708144,,complete,,,computer,Desktop or Laptop,Windows 10,Firefox 102.0,3840x2160,3840x1838,,,0,UCL - tarea 1 ,6,Group1,spreadsheet1,spreadsheet1,143,trial,Fixation,w99rzd,1,continue,,,499.9799999999814,499.9799999999814,499.9799999999814,499.9799999999814,499.9799999999814,499.9799999999814,1,0,0,,Fixation Timing,Fixation Cross,1,object-125,trial,,,,143,"<span style=""font-family: 'Courier New', Courier, monospace; font-size: 60px; color: black;"">nueve</span>",######,######,"<span style=""font-family: 'Courier New', Courier, monospace; font-size: 60px; color: black;"">CU4TRO</span>",F,different,leet,congruent_leet,9,1,CU4TRO,,,,,
600,1791195545260,05/10/2026 10:19:05,1791195545260,2,05/10/2026 12:19:05,283162,5,task-biuv,,58572850,,16708144,,complete,,,computer,Desktop or Laptop,Windows 10,Firefox 102.0,3840x2160,3840x1838,,,0,UCL - tarea 1 ,6,Group1,spreadsheet1,spreadsheet1,143,trial,Reference,m6fryy,2,timedOut,,,301.96000000002095,299.9800000000396,301.96000000002095,301.96000000002095,299.9800000000396,301.96000000002095,1,0,0,,Time Limit,screen,0,screen,trial,,,,143,"<span style=""font-family: 'Courier New', Courier, monospace; font-size: 60px; color: black;"">nueve</span>",######,######,"<span style=""font-family: 'Courier New', Courier, monospace; font-size: 60px; color: black;"">CU4TRO</span>",F,different,leet,congruent_leet,9,1,CU4TRO,,,,,
601,1791195545937,05/10/2026 10:19:05,1791195545937,2,05/10/2026 12:19:05,283162,5,task-biuv,,58572850,,16708144,,complete,,,computer,Desktop or Laptop,Windows 10,Firefox 102.0,3840x2160,3840x1838,,,0,UCL - tarea 1 ,6,Group1,spreadsheet1,spreadsheet1,143,trial,Target,spx9cn,3,response,F,,678.9799999999814,666.6399999999558,678.9799999999814,678.9799999999814,666.6399999999558,678.9799999999814,1,0,0,,Keyboard Response,Respuesta,3,object-91,trial,,,,143,"<span style=""font-family: 'Courier New', Courier, monospace; font-size: 60px; color: black;"">nueve</span>",######,######,"<span style=""font-family: 'Courier New', Courier, monospace; font-size: 60px; color: black;"">CU4TRO</span>",F,different,leet,congruent_leet,9,1,CU4TRO,,,,,
602,1791195546426,05/10/2026 10:19:06,1791195546426,2,05/10/2026 12:19:06,283162,5,task-biuv,,58572850,,16708144,,complete,,,computer,Desktop or Laptop,Windows 10,Firefox 102.0,3840x2160,3840x1838,,,0,UCL - tarea 1 ,6,Group1,spreadsheet1,spreadsheet1,143,trial,Blank,vybs3x,4,timedOut,,,501.3400000000256,499.9800000000396,501.3400000000256,501.3400000000256,499.9800000000396,501.3400000000256,1,0,0,,Time Limit,screen,0,screen,trial,,,,143,"<span style=""font-family: 'Courier New', Courier, monospace; font-size: 60px; color: black;"">nueve</span>",######,######,"<span style=""font-family: 'Courier New', Courier, monospace; font-size: 60px; color: black;"">CU4TRO</span>",F,different,leet,congruent_leet,9,1,CU4TRO,,,,,
603,1791195546926,05/10/2026 10:19:06,1791195546926,2,05/10/2026 12:19:06,283162,5,task-biuv,,58572850,,16708144,,complete,,,computer,Desktop or Laptop,Windows 10,Firefox 102.0,3840x2160,3840x1838,,,0,UCL - tarea 1 ,6,Group1,spreadsheet1,spreadsheet1,144,trial,Fixation,w99rzd,1,continue,,,499.95999999996275,499.95999999996275,499.95999999996275,499.95999999996275,499.95999999996275,499.95999999996275,1,0,0,,Fixation Timing,Fixation Cross,1,object-125,trial,,,,8,"<span style=""font-family: 'Courier New', Courier, monospace; font-size: 60px; color: black;"">cuatro</span>",######,######,"<span style=""font-family: 'Courier New', Courier, monospace; font-size: 60px; color: black;"">CUATRO</span>",J,same,uppercase,baseline,4,1,CUATRO,,,,,
604,1791195547226,05/10/2026 10:19:07,1791195547226,2,05/10/2026 12:19:07,283162,5,task-biuv,,58572850,,16708144,,complete,,,computer,Desktop or Laptop,Windows 10,Firefox 102.0,3840x2160,3840x1838,,,0,UCL - tarea 1 ,6,Group1,spreadsheet1,spreadsheet1,144,trial,Reference,m6fryy,2,timedOut,,,301.4000000000233,300,301.4000000000233,301.4000000000233,300,301.4000000000233,1,0,0,,Time Limit,screen,0,screen,trial,,,,8,"<span style=""font-family: 'Courier New', Courier, monospace; font-size: 60px; color: black;"">cuatro</span>",######,######,"<span style=""font-family: 'Courier New', Courier, monospace; font-size: 60px; color: black;"">CUATRO</span>",J,same,uppercase,baseline,4,1,CUATRO,,,,,
605,1791195547896,05/10/2026 10:19:07,1791195547896,2,05/10/2026 12:19:07,283162,5,task-biuv,,58572850,,16708144,,complete,,,computer,Desktop or Laptop,Windows 10,Firefox 102.0,3840x2160,3840x1838,,,0,UCL - tarea 1 ,6,Group1,spreadsheet1,spreadsheet1,144,trial,Target,spx9cn,3,response,J,,671.4000000000233,666.6199999999953,671.4000000000233,671.4000000000233,666.6199999999953,671.4000000000233,1,0,0,,Keyboard Response,Respuesta,3,object-91,trial,,,,8,"<span style=""font-family: 'Courier New', Courier, monospace; font-size: 60px; color: black;"">cuatro</span>",######,######,"<span style=""font-family: 'Courier New', Courier, monospace; font-size: 60px; color: black;"">CUATRO</span>",J,same,uppercase,baseline,4,1,CUATRO,,,,,
606,1791195548393,05/10/2026 10:19:08,1791195548393,2,05/10/2026 12:19:08,283162,5,task-biuv,,58572850,,16708144,,complete,,,computer,Desktop or Laptop,Windows 10,Firefox 102.0,3840x2160,3840x1838,,,0,UCL - tarea 1 ,6,Group1,spreadsheet1,spreadsheet1,144,trial,Blank,vybs3x,4,timedOut,,,502.78000000002794,499.9800000000396,502.78000000002794,502.78000000002794,499.9800000000396,502.78000000002794,1,0,0,,Time Limit,screen,0,screen,trial,,,,8,"<span style=""font-family: 'Courier New', Courier, monospace; font-size: 60px; color: black;"">cuatro</span>",######,######,"<span style=""font-family: 'Courier New', Courier, monospace; font-size: 60px; color: black;"">CUATRO</span>",J,same,uppercase,baseline,4,1,CUATRO,,,,,
607,1791195548894,05/10/2026 10:19:08,1791195548894,2,05/10/2026 12:19:08,283162,5,task-biuv,,58572850,,16708144,,complete,,,computer,Desktop or Laptop,Windows 10,Firefox 102.0,3840x2160,3840x1838,,,0,UCL - tarea 1 ,6,Group1,spreadsheet1,spreadsheet1,145,trial,Fixation,w99rzd,1,continue,,,499.9799999999814,499.9799999999814,499.9799999999814,499.9799999999814,499.9799999999814,499.9799999999814,1,0,0,,Fixation Timing,Fixation Cross,1,object-125,trial,,,,35,"<span style=""font-family: 'Courier New', Courier, monospace; font-size: 60px; color: black;"">nueve</span>",######,######,"<span style=""font-family: 'Courier New', Courier, monospace; font-size: 60px; color: black;"">NUEVE</span>",J,same,uppercase,baseline,9,2,NUEVE,,,,,
608,1791195549193,05/10/2026 10:19:09,1791195549193,2,05/10/2026 12:19:09,283162,5,task-biuv,,58572850,,16708144,,complete,,,computer,Desktop or Laptop,Windows 10,Firefox 102.0,3840x2160,3840x1838,,,0,UCL - tarea 1 ,6,Group1,spreadsheet1,spreadsheet1,145,trial,Reference,m6fryy,2,timedOut,,,301.820000000007,299.9799999999814,301.820000000007,301.820000000007,299.9799999999814,301.820000000007,1,0,0,,Time Limit,screen,0,screen,trial,,,,35,"<span style=""font-family: 'Courier New', Courier, monospace; font-size: 60px; color: black;"">nueve</span>",######,######,"<span style=""font-family: 'Courier New', Courier, monospace; font-size: 60px; color: black;"">NUEVE</span>",J,same,uppercase,baseline,9,2,NUEVE,,,,,
609,1791195549865,05/10/2026 10:19:09,1791195549865,2,05/10/2026 12:19:09,283162,5,task-biuv,,58572850,,16708144,,complete,,,computer,Desktop or Laptop,Windows 10,Firefox 102.0,3840x2160,3840x1838,,,0,UCL - tarea 1 ,6,Group1,spreadsheet1,spreadsheet1,145,trial,Target,spx9cn,3,response,J,,672.8400000000256,666.6200000000536,672.8400000000256,672.8400000000256,666.6200000000536,672.8400000000256,1,0,0,,Keyboard Response,Respuesta,3,object-91,trial,,,,35,"<span style=""font-family: 'Courier New', Courier, monospace; font-size: 60px; color: black;"">nueve</span>",######,######,"<span style=""font-family: 'Courier New', Courier, monospace; font-size: 60px; color: black;"">NUEVE</span>",J,same,uppercase,baseline,9,2,NUEVE,,,,,
610,1791195550360,05/10/2026 10:19:10,1791195550360,2,05/10/2026 12:19:10,283162,5,task-biuv,,58572850,,16708144,,complete,,,computer,Desktop or Laptop,Windows 10,Firefox 102.0,3840x2160,3840x1838,,,0,UCL - tarea 1 ,6,Group1,spreadsheet1,spreadsheet1,145,trial,Blank,vybs3x,4,timedOut,,,501.21999999997206,499.9799999999814,501.21999999997206,501.21999999997206,499.9799999999814,501.21999999997206,1,0,0,,Time Limit,screen,0,screen,trial,,,,35,"<span style=""font-family: 'Courier New', Courier, monospace; font-size: 60px; color: black;"">nueve</span>",######,######,"<span style=""font-family: 'Courier New', Courier, monospace; font-size: 60px; color: black;"">NUEVE</span>",J,same,uppercase,baseline,9,2,NUEVE,,,,,
611,1791195550860,05/10/2026 10:19:10,1791195550860,2,05/10/2026 12:19:10,283162,5,task-biuv,,58572850,,16708144,,complete,,,computer,Desktop or Laptop,Windows 10,Firefox 102.0,3840x2160,3840x1838,,,0,UCL - tarea 1 ,6,Group1,spreadsheet1,spreadsheet1,146,trial,Fixation,w99rzd,1,continue,,,499.9799999999814,499.9799999999814,499.9799999999814,499.9799999999814,499.9799999999814,499.9799999999814,1,0,0,,Fixation Timing,Fixation Cross,1,object-125,trial,,,,48,"<span style=""font-family: 'Courier New', Courier, monospace; font-size: 60px; color: black;"">cinco</span>",######,######,"<span style=""font-family: 'Courier New', Courier, monospace; font-size: 60px; color: black;"">SIETE</span>",F,different,uppercase,baseline,5,2,SIETE,,,,,
612,1791195551159,05/10/2026 10:19:11,1791195551159,2,05/10/2026 12:19:11,283162,5,task-biuv,,58572850,,16708144,,complete,,,computer,Desktop or Laptop,Windows 10,Firefox 102.0,3840x2160,3840x1838,,,0,UCL - tarea 1 ,6,Group1,spreadsheet1,spreadsheet1,146,trial,Reference,m6fryy,2,timedOut,,,302.2600000000093,299.9799999999814,302.2600000000093,302.2600000000093,299.9799999999814,302.2600000000093,1,0,0,,Time Limit,screen,0,screen,trial,,,,48,"<span style=""font-family: 'Courier New', Courier, monospace; font-size: 60px; color: black;"">cinco</span>",######,######,"<span style=""font-family: 'Courier New', Courier, monospace; font-size: 60px; color: black;"">SIETE</span>",F,different,uppercase,baseline,5,2,SIETE,,,,,
613,1791195551768,05/10/2026 10:19:11,1791195551768,2,05/10/2026 12:19:11,283162,5,task-biuv,,58572850,,16708144,,complete,,,computer,Desktop or Laptop,Windows 10,Firefox 102.0,3840x2160,3840x1838,,,0,UCL - tarea 1 ,6,Group1,spreadsheet1,spreadsheet1,146,trial,Target,spx9cn,3,response,F,,610.2800000000279,599.960000000021,610.2800000000279,610.2800000000279,599.960000000021,610.2800000000279,1,0,0,,Keyboard Response,Respuesta,3,object-91,trial,,,,48,"<span style=""font-family: 'Courier New', Courier, monospace; font-size: 60px; color: black;"">cinco</span>",######,######,"<span style=""font-family: 'Courier New', Courier, monospace; font-size: 60px; color: black;"">SIETE</span>",F,different,uppercase,baseline,5,2,SIETE,,,,,
614,1791195552259,05/10/2026 10:19:12,1791195552259,2,05/10/2026 12:19:12,283162,5,task-biuv,,58572850,,16708144,,complete,,,computer,Desktop or Laptop,Windows 10,Firefox 102.0,3840x2160,3840x1838,,,0,UCL - tarea 1 ,6,Group1,spreadsheet1,spreadsheet1,146,trial,Blank,vybs3x,4,timedOut,,,501.320000000007,499.9799999999814,501.320000000007,501.320000000007,499.9799999999814,501.320000000007,1,0,0,,Time Limit,screen,0,screen,trial,,,,48,"<span style=""font-family: 'Courier New', Courier, monospace; font-size: 60px; color: black;"">cinco</span>",######,######,"<span style=""font-family: 'Courier New', Courier, monospace; font-size: 60px; color: black;"">SIETE</span>",F,different,uppercase,baseline,5,2,SIETE,,,,,
615,1791195552761,05/10/2026 10:19:12,1791195552761,2,05/10/2026 12:19:12,283162,5,task-biuv,,58572850,,16708144,,complete,,,computer,Desktop or Laptop,Windows 10,Firefox 102.0,3840x2160,3840x1838,,,0,UCL - tarea 1 ,6,Group1,spreadsheet1,spreadsheet1,147,trial,Fixation,w99rzd,1,continue,,,499.9800000000396,499.9800000000396,499.9800000000396,499.9800000000396,499.9800000000396,499.9800000000396,1,0,0,,Fixation Timing,Fixation Cross,1,object-125,trial,,,,151,"<span style=""font-family: 'Courier New', Courier, monospace; font-size: 60px; color: black;"">tres</span>",######,######,"<span style=""font-family: 'Courier New', Courier, monospace; font-size: 60px; color: black;"">TRES</span>",J,same,leet,congruent_leet,3,2,TR3S,,,,,
616,1791195553060,05/10/2026 10:19:13,1791195553060,2,05/10/2026 12:19:13,283162,5,task-biuv,,58572850,,16708144,,complete,,,computer,Desktop or Laptop,Windows 10,Firefox 102.0,3840x2160,3840x1838,,,0,UCL - tarea 1 ,6,Group1,spreadsheet1,spreadsheet1,147,trial,Reference,m6fryy,2,timedOut,,,301.35999999998603,299.9799999999814,301.35999999998603,301.35999999998603,299.9799999999814,301.35999999998603,1,0,0,,Time Limit,screen,0,screen,trial,,,,151,"<span style=""font-family: 'Courier New', Courier, monospace; font-size: 60px; color: black;"">tres</span>",######,######,"<span style=""font-family: 'Courier New', Courier, monospace; font-size: 60px; color: black;"">TRES</span>",J,same,leet,congruent_leet,3,2,TR3S,,,,,
617,1791195553658,05/10/2026 10:19:13,1791195553658,2,05/10/2026 12:19:13,283162,5,task-biuv,,58572850,,16708144,,complete,,,computer,Desktop or Laptop,Windows 10,Firefox 102.0,3840x2160,3840x1838,,,0,UCL - tarea 1 ,6,Group1,spreadsheet1,spreadsheet1,147,trial,Target,spx9cn,3,response,J,,599.3800000000047,584.5,599.3800000000047,599.3800000000047,584.5,599.3800000000047,1,0,0,,Keyboard Response,Respuesta,3,object-91,trial,,,,151,"<span style=""font-family: 'Courier New', Courier, monospace; font-size: 60px; color: black;"">tres</span>",######,######,"<span style=""font-family: 'Courier New', Courier, monospace; font-size: 60px; color: black;"">TRES</span>",J,same,leet,congruent_leet,3,2,TR3S,,,,,
618,1791195554142,05/10/2026 10:19:14,1791195554142,2,05/10/2026 12:19:14,283162,5,task-biuv,,58572850,,16708144,,complete,,,computer,Desktop or Laptop,Windows 10,Firefox 102.0,3840x2160,3840x1838,,,0,UCL - tarea 1 ,6,Group1,spreadsheet1,spreadsheet1,147,trial,Blank,vybs3x,4,timedOut,,,500.88000000000466,499.96000000002095,500.88000000000466,500.88000000000466,499.96000000002095,500.88000000000466,1,0,0,,Time Limit,screen,0,screen,trial,,,,151,"<span style=""font-family: 'Courier New', Courier, monospace; font-size: 60px; color: black;"">tres</span>",######,######,"<span style=""font-family: 'Courier New', Courier, monospace; font-size: 60px; color: black;"">TRES</span>",J,same,leet,congruent_leet,3,2,TR3S,,,,,
619,1791195554644,05/10/2026 10:19:14,1791195554644,2,05/10/2026 12:19:14,283162,5,task-biuv,,58572850,,16708144,,complete,,,computer,Desktop or Laptop,Windows 10,Firefox 102.0,3840x2160,3840x1838,,,0,UCL - tarea 1 ,6,Group1,spreadsheet1,spreadsheet1,148,trial,Fixation,w99rzd,1,continue,,,499.9799999999814,499.9799999999814,499.9799999999814,499.9799999999814,499.9799999999814,499.9799999999814,1,0,0,,Fixation Timing,Fixation Cross,1,object-125,trial,,,,30,"<span style=""font-family: 'Courier New', Courier, monospace; font-size: 60px; color: black;"">cinco</span>",######,######,"<span style=""font-family: 'Courier New', Courier, monospace; font-size: 60px; color: black;"">CINCO</span>",J,same,uppercase,baseline,5,2,CINCO,,,,,
620,1791195554943,05/10/2026 10:19:14,1791195554943,2,05/10/2026 12:19:14,283162,5,task-biuv,,58572850,,16708144,,complete,,,computer,Desktop or Laptop,Windows 10,Firefox 102.0,3840x2160,3840x1838,,,0,UCL - tarea 1 ,6,Group1,spreadsheet1,spreadsheet1,148,trial,Reference,m6fryy,2,timedOut,,,300.9400000000023,299.9799999999814,300.9400000000023,300.9400000000023,299.9799999999814,300.9400000000023,1,0,0,,Time Limit,screen,0,screen,trial,,,,30,"<span style=""font-family: 'Courier New', Courier, monospace; font-size: 60px; color: black;"">cinco</span>",######,######,"<span style=""font-family: 'Courier New', Courier, monospace; font-size: 60px; color: black;"">CINCO</span>",J,same,uppercase,baseline,5,2,CINCO,,,,,
621,1791195555585,05/10/2026 10:19:15,1791195555585,2,05/10/2026 12:19:15,283162,5,task-biuv,,58572850,,16708144,,complete,,,computer,Desktop or Laptop,Windows 10,Firefox 102.0,3840x2160,3840x1838,,,0,UCL - tarea 1 ,6,Group1,spreadsheet1,spreadsheet1,148,trial,Target,spx9cn,3,response,J,,642.960000000021,633.3000000000466,642.960000000021,642.960000000021,633.3000000000466,642.960000000021,1,0,0,,Keyboard Response,Respuesta,3,object-91,trial,,,,30,"<span style=""font-family: 'Courier New', Courier, monospace; font-size: 60px; color: black;"">cinco</span>",######,######,"<span style=""font-family: 'Courier New', Courier, monospace; font-size: 60px; color: black;"">CINCO</span>",J,same,uppercase,baseline,5,2,CINCO,,,,,
622,1791195556076,05/10/2026 10:19:16,1791195556076,2,05/10/2026 12:19:16,283162,5,task-biuv,,58572850,,16708144,,complete,,,computer,Desktop or Laptop,Windows 10,Firefox 102.0,3840x2160,3840x1838,,,0,UCL - tarea 1 ,6,Group1,spreadsheet1,spreadsheet1,148,trial,Blank,vybs3x,4,timedOut,,,500.6599999999744,499.9799999999814,500.6599999999744,500.6599999999744,499.9799999999814,500.6599999999744,1,0,0,,Time Limit,screen,0,screen,trial,,,,30,"<span style=""font-family: 'Courier New', Courier, monospace; font-size: 60px; color: black;"">cinco</span>",######,######,"<span style=""font-family: 'Courier New', Courier, monospace; font-size: 60px; color: black;"">CINCO</span>",J,same,uppercase,baseline,5,2,CINCO,,,,,
623,1791195556576,05/10/2026 10:19:16,1791195556576,2,05/10/2026 12:19:16,283162,5,task-biuv,,58572850,,16708144,,complete,,,computer,Desktop or Laptop,Windows 10,Firefox 102.0,3840x2160,3840x1838,,,0,UCL - tarea 1 ,6,Group1,spreadsheet1,spreadsheet1,149,trial,Fixation,w99rzd,1,continue,,,499.9799999999814,499.9799999999814,499.9799999999814,499.9799999999814,499.9799999999814,499.9799999999814,1,0,0,,Fixation Timing,Fixation Cross,1,object-125,trial,,,,158,"<span style=""font-family: 'Courier New', Courier, monospace; font-size: 60px; color: black;"">cuatro</span>",######,######,"<span style=""font-family: 'Courier New', Courier, monospace; font-size: 60px; color: black;"">NU3VE</span>",F,different,leet,incongruent_leet,4,2,NU3VE,,,,,
624,1791195556876,05/10/2026 10:19:16,1791195556876,2,05/10/2026 12:19:16,283162,5,task-biuv,,58572850,,16708144,,complete,,,computer,Desktop or Laptop,Windows 10,Firefox 102.0,3840x2160,3840x1838,,,0,UCL - tarea 1 ,6,Group1,spreadsheet1,spreadsheet1,149,trial,Reference,m6fryy,2,timedOut,,,300.70000000001164,299.9800000000396,300.70000000001164,300.70000000001164,299.9800000000396,300.70000000001164,1,0,0,,Time Limit,screen,0,screen,trial,,,,158,"<span style=""font-family: 'Courier New', Courier, monospace; font-size: 60px; color: black;"">cuatro</span>",######,######,"<span style=""font-family: 'Courier New', Courier, monospace; font-size: 60px; color: black;"">NU3VE</span>",F,different,leet,incongruent_leet,4,2,NU3VE,,,,,
625,1791195557487,05/10/2026 10:19:17,1791195557487,2,05/10/2026 12:19:17,283162,5,task-biuv,,58572850,,16708144,,complete,,,computer,Desktop or Laptop,Windows 10,Firefox 102.0,3840x2160,3840x1838,,,0,UCL - tarea 1 ,6,Group1,spreadsheet1,spreadsheet1,149,trial,Target,spx9cn,3,response,F,,611.7199999999721,599.9599999999627,611.7199999999721,611.7199999999721,599.9599999999627,611.7199999999721,1,0,0,,Keyboard Response,Respuesta,3,object-91,trial,,,,158,"<span style=""font-family: 'Courier New', Courier, monospace; font-size: 60px; color: black;"">cuatro</span>",######,######,"<span style=""font-family: 'Courier New', Courier, monospace; font-size: 60px; color: black;"">NU3VE</span>",F,different,leet,incongruent_leet,4,2,NU3VE,,,,,
626,1791195557976,05/10/2026 10:19:17,1791195557976,2,05/10/2026 12:19:17,283162,5,task-biuv,,58572850,,16708144,,complete,,,computer,Desktop or Laptop,Windows 10,Firefox 102.0,3840x2160,3840x1838,,,0,UCL - tarea 1 ,6,Group1,spreadsheet1,spreadsheet1,149,trial,Blank,vybs3x,4,timedOut,,,500.7600000000093,499.9799999999814,500.7600000000093,500.7600000000093,499.9799999999814,500.7600000000093,1,0,0,,Time Limit,screen,0,screen,trial,,,,158,"<span style=""font-family: 'Courier New', Courier, monospace; font-size: 60px; color: black;"">cuatro</span>",######,######,"<span style=""font-family: 'Courier New', Courier, monospace; font-size: 60px; color: black;"">NU3VE</span>",F,different,leet,incongruent_leet,4,2,NU3VE,,,,,
627,1791195558476,05/10/2026 10:19:18,1791195558476,2,05/10/2026 12:19:18,283162,5,task-biuv,,58572850,,16708144,,complete,,,computer,Desktop or Laptop,Windows 10,Firefox 102.0,3840x2160,3840x1838,,,0,UCL - tarea 1 ,6,Group1,spreadsheet1,spreadsheet1,150,trial,Fixation,w99rzd,1,continue,,,499.9800000000396,499.9800000000396,499.9800000000396,499.9800000000396,499.9800000000396,499.9800000000396,1,0,0,,Fixation Timing,Fixation Cross,1,object-125,trial,,,,36,"<span style=""font-family: 'Courier New', Courier, monospace; font-size: 60px; color: black;"">cinco</span>",######,######,"<span style=""font-family: 'Courier New', Courier, monospace; font-size: 60px; color: black;"">C1NCO</span>",J,same,leet,incongruent_leet,5,2,C1NCO,,,,,
628,1791195558776,05/10/2026 10:19:18,1791195558776,2,05/10/2026 12:19:18,283162,5,task-biuv,,58572850,,16708144,,complete,,,computer,Desktop or Laptop,Windows 10,Firefox 102.0,3840x2160,3840x1838,,,0,UCL - tarea 1 ,6,Group1,spreadsheet1,spreadsheet1,150,trial,Reference,m6fryy,2,timedOut,,,300.79999999998836,299.9799999999814,300.79999999998836,300.79999999998836,299.9799999999814,300.79999999998836,1,0,0,,Time Limit,screen,0,screen,trial,,,,36,"<span style=""font-family: 'Courier New', Courier, monospace; font-size: 60px; color: black;"">cinco</span>",######,######,"<span style=""font-family: 'Courier New', Courier, monospace; font-size: 60px; color: black;"">C1NCO</span>",J,same,leet,incongruent_leet,5,2,C1NCO,,,,,
629,1791195559417,05/10/2026 10:19:19,1791195559417,2,05/10/2026 12:19:19,283162,5,task-biuv,,58572850,,16708144,,complete,,,computer,Desktop or Laptop,Windows 10,Firefox 102.0,3840x2160,3840x1838,,,0,UCL - tarea 1 ,6,Group1,spreadsheet1,spreadsheet1,150,trial,Target,spx9cn,3,response,J,,641.820000000007,633.2999999999884,641.820000000007,641.820000000007,633.2999999999884,641.820000000007,1,0,0,,Keyboard Response,Respuesta,3,object-91,trial,,,,36,"<span style=""font-family: 'Courier New', Courier, monospace; font-size: 60px; color: black;"">cinco</span>",######,######,"<span style=""font-family: 'Courier New', Courier, monospace; font-size: 60px; color: black;"">C1NCO</span>",J,same,leet,incongruent_leet,5,2,C1NCO,,,,,
630,1791195559909,05/10/2026 10:19:19,1791195559909,2,05/10/2026 12:19:19,283162,5,task-biuv,,58572850,,16708144,,complete,,,computer,Desktop or Laptop,Windows 10,Firefox 102.0,3840x2160,3840x1838,,,0,UCL - tarea 1 ,6,Group1,spreadsheet1,spreadsheet1,150,trial,Blank,vybs3x,4,timedOut,,,500.5200000000186,499.9800000000396,500.5200000000186,500.5200000000186,499.9800000000396,500.5200000000186,1,0,0,,Time Limit,screen,0,screen,trial,,,,36,"<span style=""font-family: 'Courier New', Courier, monospace; font-size: 60px; color: black;"">cinco</span>",######,######,"<span style=""font-family: 'Courier New', Courier, monospace; font-size: 60px; color: black;"">C1NCO</span>",J,same,leet,incongruent_leet,5,2,C1NCO,,,,,
631,1791195560410,05/10/2026 10:19:20,1791195560410,2,05/10/2026 12:19:20,283162,5,task-biuv,,58572850,,16708144,,complete,,,computer,Desktop or Laptop,Windows 10,Firefox 102.0,3840x2160,3840x1838,,,0,UCL - tarea 1 ,6,Group1,spreadsheet1,spreadsheet1,151,trial,Fixation,w99rzd,1,continue,,,499.95999999996275,499.95999999996275,499.95999999996275,499.95999999996275,499.95999999996275,499.95999999996275,1,0,0,,Fixation Timing,Fixation Cross,1,object-125,trial,,,,29,"<span style=""font-family: 'Courier New', Courier, monospace; font-size: 60px; color: black;"">nueve</span>",######,######,"<span style=""font-family: 'Courier New', Courier, monospace; font-size: 60px; color: black;"">NU3VE</span>",J,same,leet,incongruent_leet,9,2,NU3VE,,,,,
632,1791195560710,05/10/2026 10:19:20,1791195560710,2,05/10/2026 12:19:20,283162,5,task-biuv,,58572850,,16708144,,complete,,,computer,Desktop or Laptop,Windows 10,Firefox 102.0,3840x2160,3840x1838,,,0,UCL - tarea 1 ,6,Group1,spreadsheet1,spreadsheet1,151,trial,Reference,m6fryy,2,timedOut,,,301.5800000000163,300,301.5800000000163,301.5800000000163,300,301.5800000000163,1,0,0,,Time Limit,screen,0,screen,trial,,,,29,"<span style=""font-family: 'Courier New', Courier, monospace; font-size: 60px; color: black;"">nueve</span>",######,######,"<span style=""font-family: 'Courier New', Courier, monospace; font-size: 60px; color: black;"">NU3VE</span>",J,same,leet,incongruent_leet,9,2,NU3VE,,,,,
633,1791195561383,05/10/2026 10:19:21,1791195561383,2,05/10/2026 12:19:21,283162,5,task-biuv,,58572850,,16708144,,complete,,,computer,Desktop or Laptop,Windows 10,Firefox 102.0,3840x2160,3840x1838,,,0,UCL - tarea 1 ,6,Group1,spreadsheet1,spreadsheet1,151,trial,Target,spx9cn,3,response,J,,673.5800000000163,666.6199999999953,673.5800000000163,673.5800000000163,666.6199999999953,673.5800000000163,1,0,0,,Keyboard Response,Respuesta,3,object-91,trial,,,,29,"<span style=""font-family: 'Courier New', Courier, monospace; font-size: 60px; color: black;"">nueve</span>",######,######,"<span style=""font-family: 'Courier New', Courier, monospace; font-size: 60px; color: black;"">NU3VE</span>",J,same,leet,incongruent_leet,9,2,NU3VE,,,,,
634,1791195561876,05/10/2026 10:19:21,1791195561876,2,05/10/2026 12:19:21,283162,5,task-biuv,,58572850,,16708144,,complete,,,computer,Desktop or Laptop,Windows 10,Firefox 102.0,3840x2160,3840x1838,,,0,UCL - tarea 1 ,6,Group1,spreadsheet1,spreadsheet1,151,trial,Blank,vybs3x,4,timedOut,,,501.96000000002095,499.9800000000396,501.96000000002095,501.96000000002095,499.9800000000396,501.96000000002095,1,0,0,,Time Limit,screen,0,screen,trial,,,,29,"<span style=""font-family: 'Courier New', Courier, monospace; font-size: 60px; color: black;"">nueve</span>",######,######,"<span style=""font-family: 'Courier New', Courier, monospace; font-size: 60px; color: black;"">NU3VE</span>",J,same,leet,incongruent_leet,9,2,NU3VE,,,,,
635,1791195562377,05/10/2026 10:19:22,1791195562377,2,05/10/2026 12:19:22,283162,5,task-biuv,,58572850,,16708144,,complete,,,computer,Desktop or Laptop,Windows 10,Firefox 102.0,3840x2160,3840x1838,,,0,UCL - tarea 1 ,6,Group1,spreadsheet1,spreadsheet1,152,trial,Fixation,w99rzd,1,continue,,,499.9799999999814,499.9799999999814,499.9799999999814,499.9799999999814,499.9799999999814,499.9799999999814,1,0,0,,Fixation Timing,Fixation Cross,1,object-125,trial,,,,39,"<span style=""font-family: 'Courier New', Courier, monospace; font-size: 60px; color: black;"">siete</span>",######,######,"<span style=""font-family: 'Courier New', Courier, monospace; font-size: 60px; color: black;"">CINCO</span>",F,different,uppercase,baseline,7,2,CINCO,,,,,
636,1791195562676,05/10/2026 10:19:22,1791195562676,2,05/10/2026 12:19:22,283162,5,task-biuv,,58572850,,16708144,,complete,,,computer,Desktop or Laptop,Windows 10,Firefox 102.0,3840x2160,3840x1838,,,0,UCL - tarea 1 ,6,Group1,spreadsheet1,spreadsheet1,152,trial,Reference,m6fryy,2,timedOut,,,301,299.9799999999814,301,301,299.9799999999814,301,1,0,0,,Time Limit,screen,0,screen,trial,,,,39,"<span style=""font-family: 'Courier New', Courier, monospace; font-size: 60px; color: black;"">siete</span>",######,######,"<span style=""font-family: 'Courier New', Courier, monospace; font-size: 60px; color: black;"">CINCO</span>",F,different,uppercase,baseline,7,2,CINCO,,,,,
637,1791195563327,05/10/2026 10:19:23,1791195563327,2,05/10/2026 12:19:23,283162,5,task-biuv,,58572850,,16708144,,complete,,,computer,Desktop or Laptop,Windows 10,Firefox 102.0,3840x2160,3840x1838,,,0,UCL - tarea 1 ,6,Group1,spreadsheet1,spreadsheet1,152,trial,Target,spx9cn,3,response,F,,652.0200000000186,649.960000000021,652.0200000000186,652.0200000000186,649.960000000021,652.0200000000186,1,0,0,,Keyboard Response,Respuesta,3,object-91,trial,,,,39,"<span style=""font-family: 'Courier New', Courier, monospace; font-size: 60px; color: black;"">siete</span>",######,######,"<span style=""font-family: 'Courier New', Courier, monospace; font-size: 60px; color: black;"">CINCO</span>",F,different,uppercase,baseline,7,2,CINCO,,,,,
638,1791195563826,05/10/2026 10:19:23,1791195563826,2,05/10/2026 12:19:23,283162,5,task-biuv,,58572850,,16708144,,complete,,,computer,Desktop or Laptop,Windows 10,Firefox 102.0,3840x2160,3840x1838,,,0,UCL - tarea 1 ,6,Group1,spreadsheet1,spreadsheet1,152,trial,Blank,vybs3x,4,timedOut,,,501.0599999999977,499.9799999999814,501.0599999999977,501.0599999999977,499.9799999999814,501.0599999999977,1,0,0,,Time Limit,screen,0,screen,trial,,,,39,"<span style=""font-family: 'Courier New', Courier, monospace; font-size: 60px; color: black;"">siete</span>",######,######,"<span style=""font-family: 'Courier New', Courier, monospace; font-size: 60px; color: black;"">CINCO</span>",F,different,uppercase,baseline,7,2,CINCO,,,,,
639,1791195564326,05/10/2026 10:19:24,1791195564326,2,05/10/2026 12:19:24,283162,5,task-biuv,,58572850,,16708144,,complete,,,computer,Desktop or Laptop,Windows 10,Firefox 102.0,3840x2160,3840x1838,,,0,UCL - tarea 1 ,6,Group1,spreadsheet1,spreadsheet1,153,trial,Fixation,w99rzd,1,continue,,,499.9800000000396,499.9800000000396,499.9800000000396,499.9800000000396,499.9800000000396,499.9800000000396,1,0,0,,Fixation Timing,Fixation Cross,1,object-125,trial,,,,160,"<span style=""font-family: 'Courier New', Courier, monospace; font-size: 60px; color: black;"">seis</span>",######,######,"<span style=""font-family: 'Courier New', Courier, monospace; font-size: 60px; color: black;"">TR3S</span>",F,different,leet,congruent_leet,6,2,TR3S,,,,,
640,1791195564626,05/10/2026 10:19:24,1791195564626,2,05/10/2026 12:19:24,283162,5,task-biuv,,58572850,,16708144,,complete,,,computer,Desktop or Laptop,Windows 10,Firefox 102.0,3840x2160,3840x1838,,,0,UCL - tarea 1 ,6,Group1,spreadsheet1,spreadsheet1,153,trial,Reference,m6fryy,2,timedOut,,,301.0999999999767,299.9799999999814,301.0999999999767,301.0999999999767,299.9799999999814,301.0999999999767,1,0,0,,Time Limit,screen,0,screen,trial,,,,160,"<span style=""font-family: 'Courier New', Courier, monospace; font-size: 60px; color: black;"">seis</span>",######,######,"<span style=""font-family: 'Courier New', Courier, monospace; font-size: 60px; color: black;"">TR3S</span>",F,different,leet,congruent_leet,6,2,TR3S,,,,,
641,1791195565383,05/10/2026 10:19:25,1791195565383,2,05/10/2026 12:19:25,283162,5,task-biuv,,58572850,,16708144,,complete,,,computer,Desktop or Laptop,Windows 10,Firefox 102.0,3840x2160,3840x1838,,,0,UCL - tarea 1 ,6,Group1,spreadsheet1,spreadsheet1,153,trial,Target,spx9cn,3,response,F,,758.1199999999953,749.960000000021,758.1199999999953,758.1199999999953,749.960000000021,758.1199999999953,1,0,0,,Keyboard Response,Respuesta,3,object-91,trial,,,,160,"<span style=""font-family: 'Courier New', Courier, monospace; font-size: 60px; color: black;"">seis</span>",######,######,"<span style=""font-family: 'Courier New', Courier, monospace; font-size: 60px; color: black;"">TR3S</span>",F,different,leet,congruent_leet,6,2,TR3S,,,,,
642,1791195565876,05/10/2026 10:19:25,1791195565876,2,05/10/2026 12:19:25,283162,5,task-biuv,,58572850,,16708144,,complete,,,computer,Desktop or Laptop,Windows 10,Firefox 102.0,3840x2160,3840x1838,,,0,UCL - tarea 1 ,6,Group1,spreadsheet1,spreadsheet1,153,trial,Blank,vybs3x,4,timedOut,,,502.1599999999744,499.9799999999814,502.1599999999744,502.1599999999744,499.9799999999814,502.1599999999744,1,0,0,,Time Limit,screen,0,screen,trial,,,,160,"<span style=""font-family: 'Courier New', Courier, monospace; font-size: 60px; color: black;"">seis</span>",######,######,"<span style=""font-family: 'Courier New', Courier, monospace; font-size: 60px; color: black;"">TR3S</span>",F,different,leet,congruent_leet,6,2,TR3S,,,,,
643,1791195566377,05/10/2026 10:19:26,1791195566377,2,05/10/2026 12:19:26,283162,5,task-biuv,,58572850,,16708144,,complete,,,computer,Desktop or Laptop,Windows 10,Firefox 102.0,3840x2160,3840x1838,,,0,UCL - tarea 1 ,6,Group1,spreadsheet1,spreadsheet1,154,trial,Fixation,w99rzd,1,continue,,,499.96000000002095,499.96000000002095,499.96000000002095,499.96000000002095,499.96000000002095,499.96000000002095,1,0,0,,Fixation Timing,Fixation Cross,1,object-125,trial,,,,44,"<span style=""font-family: 'Courier New', Courier, monospace; font-size: 60px; color: black;"">cuatro</span>",######,######,"<span style=""font-family: 'Courier New', Courier, monospace; font-size: 60px; color: black;"">NUEVE</span>",F,different,uppercase,baseline,4,2,NUEVE,,,,,
644,1791195566676,05/10/2026 10:19:26,1791195566676,2,05/10/2026 12:19:26,283162,5,task-biuv,,58572850,,16708144,,complete,,,computer,Desktop or Laptop,Windows 10,Firefox 102.0,3840x2160,3840x1838,,,0,UCL - tarea 1 ,6,Group1,spreadsheet1,spreadsheet1,154,trial,Reference,m6fryy,2,timedOut,,,301.21999999997206,300,301.21999999997206,301.21999999997206,300,301.21999999997206,1,0,0,,Time Limit,screen,0,screen,trial,,,,44,"<span style=""font-family: 'Courier New', Courier, monospace; font-size: 60px; color: black;"">cuatro</span>",######,######,"<span style=""font-family: 'Courier New', Courier, monospace; font-size: 60px; color: black;"">NUEVE</span>",F,different,uppercase,baseline,4,2,NUEVE,,,,,
645,1791195567343,05/10/2026 10:19:27,1791195567343,2,05/10/2026 12:19:27,283162,5,task-biuv,,58572850,,16708144,,complete,,,computer,Desktop or Laptop,Windows 10,Firefox 102.0,3840x2160,3840x1838,,,0,UCL - tarea 1 ,6,Group1,spreadsheet1,spreadsheet1,154,trial,Target,spx9cn,3,response,F,,668.2199999999721,666.6199999999953,668.2199999999721,668.2199999999721,666.6199999999953,668.2199999999721,1,0,0,,Keyboard Response,Respuesta,3,object-91,trial,,,,44,"<span style=""font-family: 'Courier New', Courier, monospace; font-size: 60px; color: black;"">cuatro</span>",######,######,"<span style=""font-family: 'Courier New', Courier, monospace; font-size: 60px; color: black;"">NUEVE</span>",F,different,uppercase,baseline,4,2,NUEVE,,,,,
646,1791195567843,05/10/2026 10:19:27,1791195567843,2,05/10/2026 12:19:27,283162,5,task-biuv,,58572850,,16708144,,complete,,,computer,Desktop or Laptop,Windows 10,Firefox 102.0,3840x2160,3840x1838,,,0,UCL - tarea 1 ,6,Group1,spreadsheet1,spreadsheet1,154,trial,Blank,vybs3x,4,timedOut,,,500.5999999999767,499.9799999999814,500.5999999999767,500.5999999999767,499.9799999999814,500.5999999999767,1,0,0,,Time Limit,screen,0,screen,trial,,,,44,"<span style=""font-family: 'Courier New', Courier, monospace; font-size: 60px; color: black;"">cuatro</span>",######,######,"<span style=""font-family: 'Courier New', Courier, monospace; font-size: 60px; color: black;"">NUEVE</span>",F,different,uppercase,baseline,4,2,NUEVE,,,,,
647,1791195568343,05/10/2026 10:19:28,1791195568343,2,05/10/2026 12:19:28,283162,5,task-biuv,,58572850,,16708144,,complete,,,computer,Desktop or Laptop,Windows 10,Firefox 102.0,3840x2160,3840x1838,,,0,UCL - tarea 1 ,6,Group1,spreadsheet1,spreadsheet1,155,trial,Fixation,w99rzd,1,continue,,,499.9799999999814,499.9799999999814,499.9799999999814,499.9799999999814,499.9799999999814,499.9799999999814,1,0,0,,Fixation Timing,Fixation Cross,1,object-125,trial,,,,32,"<span style=""font-family: 'Courier New', Courier, monospace; font-size: 60px; color: black;"">cuatro</span>",######,######,"<span style=""font-family: 'Courier New', Courier, monospace; font-size: 60px; color: black;"">CUATRO</span>",J,same,uppercase,baseline,4,2,CUATRO,,,,,
648,1791195568644,05/10/2026 10:19:28,1791195568644,2,05/10/2026 12:19:28,283162,5,task-biuv,,58572850,,16708144,,complete,,,computer,Desktop or Laptop,Windows 10,Firefox 102.0,3840x2160,3840x1838,,,0,UCL - tarea 1 ,6,Group1,spreadsheet1,spreadsheet1,155,trial,Reference,m6fryy,2,timedOut,,,302.64000000001397,299.9800000000396,302.64000000001397,302.64000000001397,299.9800000000396,302.64000000001397,1,0,0,,Time Limit,screen,0,screen,trial,,,,32,"<span style=""font-family: 'Courier New', Courier, monospace; font-size: 60px; color: black;"">cuatro</span>",######,######,"<span style=""font-family: 'Courier New', Courier, monospace; font-size: 60px; color: black;"">CUATRO</span>",J,same,uppercase,baseline,4,2,CUATRO,,,,,
649,1791195569361,05/10/2026 10:19:29,1791195569361,2,05/10/2026 12:19:29,283162,5,task-biuv,,58572850,,16708144,,complete,,,computer,Desktop or Laptop,Windows 10,Firefox 102.0,3840x2160,3840x1838,,,0,UCL - tarea 1 ,6,Group1,spreadsheet1,spreadsheet1,155,trial,Target,spx9cn,3,response,J,,719.6599999999744,716.6199999999953,719.6599999999744,719.6599999999744,716.6199999999953,719.6599999999744,1,0,0,,Keyboard Response,Respuesta,3,object-91,trial,,,,32,"<span style=""font-family: 'Courier New', Courier, monospace; font-size: 60px; color: black;"">cuatro</span>",######,######,"<span style=""font-family: 'Courier New', Courier, monospace; font-size: 60px; color: black;"">CUATRO</span>",J,same,uppercase,baseline,4,2,CUATRO,,,,,
650,1791195569859,05/10/2026 10:19:29,1791195569859,2,05/10/2026 12:19:29,283162,5,task-biuv,,58572850,,16708144,,complete,,,computer,Desktop or Laptop,Windows 10,Firefox 102.0,3840x2160,3840x1838,,,0,UCL - tarea 1 ,6,Group1,spreadsheet1,spreadsheet1,155,trial,Blank,vybs3x,4,timedOut,,,502.03999999997905,499.9799999999814,502.03999999997905,502.03999999997905,499.9799999999814,502.03999999997905,1,0,0,,Time Limit,screen,0,screen,trial,,,,32,"<span style=""font-family: 'Courier New', Courier, monospace; font-size: 60px; color: black;"">cuatro</span>",######,######,"<span style=""font-family: 'Courier New', Courier, monospace; font-size: 60px; color: black;"">CUATRO</span>",J,same,uppercase,baseline,4,2,CUATRO,,,,,
651,1791195570360,05/10/2026 10:19:30,1791195570360,2,05/10/2026 12:19:30,283162,5,task-biuv,,58572850,,16708144,,complete,,,computer,Desktop or Laptop,Windows 10,Firefox 102.0,3840x2160,3840x1838,,,0,UCL - tarea 1 ,6,Group1,spreadsheet1,spreadsheet1,156,trial,Fixation,w99rzd,1,continue,,,499.9799999999814,499.9799999999814,499.9799999999814,499.9799999999814,499.9799999999814,499.9799999999814,1,0,0,,Fixation Timing,Fixation Cross,1,object-125,trial,,,,42,"<span style=""font-family: 'Courier New', Courier, monospace; font-size: 60px; color: black;"">cinco</span>",######,######,"<span style=""font-family: 'Courier New', Courier, monospace; font-size: 60px; color: black;"">SIE7E</span>",F,different,leet,congruent_leet,5,2,SIE7E,,,,,
652,1791195570660,05/10/2026 10:19:30,1791195570660,2,05/10/2026 12:19:30,283162,5,task-biuv,,58572850,,16708144,,complete,,,computer,Desktop or Laptop,Windows 10,Firefox 102.0,3840x2160,3840x1838,,,0,UCL - tarea 1 ,6,Group1,spreadsheet1,spreadsheet1,156,trial,Reference,m6fryy,2,timedOut,,,301.0800000000163,299.9800000000396,301.0800000000163,301.0800000000163,299.9800000000396,301.0800000000163,1,0,0,,Time Limit,screen,0,screen,trial,,,,42,"<span style=""font-family: 'Courier New', Courier, monospace; font-size: 60px; color: black;"">cinco</span>",######,######,"<span style=""font-family: 'Courier New', Courier, monospace; font-size: 60px; color: black;"">SIE7E</span>",F,different,leet,congruent_leet,5,2,SIE7E,,,,,
653,1791195571456,05/10/2026 10:19:31,1791195571456,2,05/10/2026 12:19:31,283162,5,task-biuv,,58572850,,16708144,,complete,,,computer,Desktop or Laptop,Windows 10,Firefox 102.0,3840x2160,3840x1838,,,0,UCL - tarea 1 ,6,Group1,spreadsheet1,spreadsheet1,156,trial,Target,spx9cn,3,response,F,,798.0999999999767,783.2799999999697,798.0999999999767,798.0999999999767,783.2799999999697,798.0999999999767,1,0,0,,Keyboard Response,Respuesta,3,object-91,trial,,,,42,"<span style=""font-family: 'Courier New', Courier, monospace; font-size: 60px; color: black;"">cinco</span>",######,######,"<span style=""font-family: 'Courier New', Courier, monospace; font-size: 60px; color: black;"">SIE7E</span>",F,different,leet,congruent_leet,5,2,SIE7E,,,,,
654,1791195571942,05/10/2026 10:19:31,1791195571942,2,05/10/2026 12:19:31,283162,5,task-biuv,,58572850,,16708144,,complete,,,computer,Desktop or Laptop,Windows 10,Firefox 102.0,3840x2160,3840x1838,,,0,UCL - tarea 1 ,6,Group1,spreadsheet1,spreadsheet1,156,trial,Blank,vybs3x,4,timedOut,,,501.820000000007,499.9799999999814,501.820000000007,501.820000000007,499.9799999999814,501.820000000007,1,0,0,,Time Limit,screen,0,screen,trial,,,,42,"<span style=""font-family: 'Courier New', Courier, monospace; font-size: 60px; color: black;"">cinco</span>",######,######,"<span style=""font-family: 'Courier New', Courier, monospace; font-size: 60px; color: black;"">SIE7E</span>",F,different,leet,congruent_leet,5,2,SIE7E,,,,,
655,1791195572443,05/10/2026 10:19:32,1791195572443,2,05/10/2026 12:19:32,283162,5,task-biuv,,58572850,,16708144,,complete,,,computer,Desktop or Laptop,Windows 10,Firefox 102.0,3840x2160,3840x1838,,,0,UCL - tarea 1 ,6,Group1,spreadsheet1,spreadsheet1,157,trial,Fixation,w99rzd,1,continue,,,499.9800000000396,499.9800000000396,499.9800000000396,499.9800000000396,499.9800000000396,499.9800000000396,1,0,0,,Fixation Timing,Fixation Cross,1,object-125,trial,,,,33,"<span style=""font-family: 'Courier New', Courier, monospace; font-size: 60px; color: black;"">siete</span>",######,######,"<span style=""font-family: 'Courier New', Courier, monospace; font-size: 60px; color: black;"">SIETE</span>",J,same,uppercase,baseline,7,2,SIETE,,,,,
656,1791195572743,05/10/2026 10:19:32,1791195572743,2,05/10/2026 12:19:32,283162,5,task-biuv,,58572850,,16708144,,complete,,,computer,Desktop or Laptop,Windows 10,Firefox 102.0,3840x2160,3840x1838,,,0,UCL - tarea 1 ,6,Group1,spreadsheet1,spreadsheet1,157,trial,Reference,m6fryy,2,timedOut,,,302.85999999998603,299.9799999999814,302.85999999998603,302.85999999998603,299.9799999999814,302.85999999998603,1,0,0,,Time Limit,screen,0,screen,trial,,,,33,"<span style=""font-family: 'Courier New', Courier, monospace; font-size: 60px; color: black;"">siete</span>",######,######,"<span style=""font-family: 'Courier New', Courier, monospace; font-size: 60px; color: black;"">SIETE</span>",J,same,uppercase,baseline,7,2,SIETE,,,,,
657,1791195573497,05/10/2026 10:19:33,1791195573497,2,05/10/2026 12:19:33,283162,5,task-biuv,,58572850,,16708144,,complete,,,computer,Desktop or Laptop,Windows 10,Firefox 102.0,3840x2160,3840x1838,,,0,UCL - tarea 1 ,6,Group1,spreadsheet1,spreadsheet1,157,trial,Target,spx9cn,3,response,J,,755.8800000000047,749.960000000021,755.8800000000047,755.8800000000047,749.960000000021,755.8800000000047,1,0,0,,Keyboard Response,Respuesta,3,object-91,trial,,,,33,"<span style=""font-family: 'Courier New', Courier, monospace; font-size: 60px; color: black;"">siete</span>",######,######,"<span style=""font-family: 'Courier New', Courier, monospace; font-size: 60px; color: black;"">SIETE</span>",J,same,uppercase,baseline,7,2,SIETE,,,,,
658,1791195573993,05/10/2026 10:19:33,1791195573993,2,05/10/2026 12:19:33,283162,5,task-biuv,,58572850,,16708144,,complete,,,computer,Desktop or Laptop,Windows 10,Firefox 102.0,3840x2160,3840x1838,,,0,UCL - tarea 1 ,6,Group1,spreadsheet1,spreadsheet1,157,trial,Blank,vybs3x,4,timedOut,,,501.9199999999837,499.9799999999814,501.9199999999837,501.9199999999837,499.9799999999814,501.9199999999837,1,0,0,,Time Limit,screen,0,screen,trial,,,,33,"<span style=""font-family: 'Courier New', Courier, monospace; font-size: 60px; color: black;"">siete</span>",######,######,"<span style=""font-family: 'Courier New', Courier, monospace; font-size: 60px; color: black;"">SIETE</span>",J,same,uppercase,baseline,7,2,SIETE,,,,,
659,1791195574492,05/10/2026 10:19:34,1791195574492,2,05/10/2026 12:19:34,283162,5,task-biuv,,58572850,,16708144,,complete,,,computer,Desktop or Laptop,Windows 10,Firefox 102.0,3840x2160,3840x1838,,,0,UCL - tarea 1 ,6,Group1,spreadsheet1,spreadsheet1,158,trial,Fixation,w99rzd,1,continue,,,499.9799999999814,499.9799999999814,499.9799999999814,499.9799999999814,499.9799999999814,499.9799999999814,1,0,0,,Fixation Timing,Fixation Cross,1,object-125,trial,,,,162,"<span style=""font-family: 'Courier New', Courier, monospace; font-size: 60px; color: black;"">cinco</span>",######,######,"<span style=""font-family: 'Courier New', Courier, monospace; font-size: 60px; color: black;"">SIE7E</span>",F,different,leet,congruent_leet,5,2,SIE7E,,,,,
660,1791195574793,05/10/2026 10:19:34,1791195574793,2,05/10/2026 12:19:34,283162,5,task-biuv,,58572850,,16708144,,complete,,,computer,Desktop or Laptop,Windows 10,Firefox 102.0,3840x2160,3840x1838,,,0,UCL - tarea 1 ,6,Group1,spreadsheet1,spreadsheet1,158,trial,Reference,m6fryy,2,timedOut,,,301.96000000002095,299.9800000000396,301.96000000002095,301.96000000002095,299.9800000000396,301.96000000002095,1,0,0,,Time Limit,screen,0,screen,trial,,,,162,"<span style=""font-family: 'Courier New', Courier, monospace; font-size: 60px; color: black;"">cinco</span>",######,######,"<span style=""font-family: 'Courier New', Courier, monospace; font-size: 60px; color: black;"">SIE7E</span>",F,different,leet,congruent_leet,5,2,SIE7E,,,,,
661,1791195575584,05/10/2026 10:19:35,1791195575584,2,05/10/2026 12:19:35,283162,5,task-biuv,,58572850,,16708144,,complete,,,computer,Desktop or Laptop,Windows 10,Firefox 102.0,3840x2160,3840x1838,,,0,UCL - tarea 1 ,6,Group1,spreadsheet1,spreadsheet1,158,trial,Target,spx9cn,3,response,F,,792.9799999999814,783.2799999999697,792.9799999999814,792.9799999999814,783.2799999999697,792.9799999999814,1,0,0,,Keyboard Response,Respuesta,3,object-91,trial,,,,162,"<span style=""font-family: 'Courier New', Courier, monospace; font-size: 60px; color: black;"">cinco</span>",######,######,"<span style=""font-family: 'Courier New', Courier, monospace; font-size: 60px; color: black;"">SIE7E</span>",F,different,leet,congruent_leet,5,2,SIE7E,,,,,
662,1791195576076,05/10/2026 10:19:36,1791195576076,2,05/10/2026 12:19:36,283162,5,task-biuv,,58572850,,16708144,,complete,,,computer,Desktop or Laptop,Windows 10,Firefox 102.0,3840x2160,3840x1838,,,0,UCL - tarea 1 ,6,Group1,spreadsheet1,spreadsheet1,158,trial,Blank,vybs3x,4,timedOut,,,501.70000000001164,499.9800000000396,501.70000000001164,501.70000000001164,499.9800000000396,501.70000000001164,1,0,0,,Time Limit,screen,0,screen,trial,,,,162,"<span style=""font-family: 'Courier New', Courier, monospace; font-size: 60px; color: black;"">cinco</span>",######,######,"<span style=""font-family: 'Courier New', Courier, monospace; font-size: 60px; color: black;"">SIE7E</span>",F,different,leet,congruent_leet,5,2,SIE7E,,,,,
663,1791195576577,05/10/2026 10:19:36,1791195576577,2,05/10/2026 12:19:36,283162,5,task-biuv,,58572850,,16708144,,complete,,,computer,Desktop or Laptop,Windows 10,Firefox 102.0,3840x2160,3840x1838,,,0,UCL - tarea 1 ,6,Group1,spreadsheet1,spreadsheet1,159,trial,Fixation,w99rzd,1,continue,,,499.9799999999814,499.9799999999814,499.9799999999814,499.9799999999814,499.9799999999814,499.9799999999814,1,0,0,,Fixation Timing,Fixation Cross,1,object-125,trial,,,,43,"<span style=""font-family: 'Courier New', Courier, monospace; font-size: 60px; color: black;"">tres</span>",######,######,"<span style=""font-family: 'Courier New', Courier, monospace; font-size: 60px; color: black;"">SE1S</span>",F,different,leet,incongruent_leet,3,2,SE1S,,,,,
664,1791195576877,05/10/2026 10:19:36,1791195576877,2,05/10/2026 12:19:36,283162,5,task-biuv,,58572850,,16708144,,complete,,,computer,Desktop or Laptop,Windows 10,Firefox 102.0,3840x2160,3840x1838,,,0,UCL - tarea 1 ,6,Group1,spreadsheet1,spreadsheet1,159,trial,Reference,m6fryy,2,timedOut,,,301.7399999999907,299.9799999999814,301.7399999999907,301.7399999999907,299.9799999999814,301.7399999999907,1,0,0,,Time Limit,screen,0,screen,trial,,,,43,"<span style=""font-family: 'Courier New', Courier, monospace; font-size: 60px; color: black;"">tres</span>",######,######,"<span style=""font-family: 'Courier New', Courier, monospace; font-size: 60px; color: black;"">SE1S</span>",F,different,leet,incongruent_leet,3,2,SE1S,,,,,
665,1791195577697,05/10/2026 10:19:37,1791195577697,2,05/10/2026 12:19:37,283162,5,task-biuv,,58572850,,16708144,,complete,,,computer,Desktop or Laptop,Windows 10,Firefox 102.0,3840x2160,3840x1838,,,0,UCL - tarea 1 ,6,Group1,spreadsheet1,spreadsheet1,159,trial,Target,spx9cn,3,response,F,,822.7600000000093,816.6199999999953,822.7600000000093,822.7600000000093,816.6199999999953,822.7600000000093,1,0,0,,Keyboard Response,Respuesta,3,object-91,trial,,,,43,"<span style=""font-family: 'Courier New', Courier, monospace; font-size: 60px; color: black;"">tres</span>",######,######,"<span style=""font-family: 'Courier New', Courier, monospace; font-size: 60px; color: black;"">SE1S</span>",F,different,leet,incongruent_leet,3,2,SE1S,,,,,
666,1791195578193,05/10/2026 10:19:38,1791195578193,2,05/10/2026 12:19:38,283162,5,task-biuv,,58572850,,16708144,,complete,,,computer,Desktop or Laptop,Windows 10,Firefox 102.0,3840x2160,3840x1838,,,0,UCL - tarea 1 ,6,Group1,spreadsheet1,spreadsheet1,159,trial,Blank,vybs3x,4,timedOut,,,503.14000000001397,501.20000000001164,503.14000000001397,503.14000000001397,501.20000000001164,503.14000000001397,1,0,0,,Time Limit,screen,0,screen,trial,,,,43,"<span style=""font-family: 'Courier New', Courier, monospace; font-size: 60px; color: black;"">tres</span>",######,######,"<span style=""font-family: 'Courier New', Courier, monospace; font-size: 60px; color: black;"">SE1S</span>",F,different,leet,incongruent_leet,3,2,SE1S,,,,,
667,1791195578694,05/10/2026 10:19:38,1791195578694,2,05/10/2026 12:19:38,283162,5,task-biuv,,58572850,,16708144,,complete,,,computer,Desktop or Laptop,Windows 10,Firefox 102.0,3840x2160,3840x1838,,,0,UCL - tarea 1 ,6,Group1,spreadsheet1,spreadsheet1,160,trial,Fixation,w99rzd,1,continue,,,499.9799999999814,499.9799999999814,499.9799999999814,499.9799999999814,499.9799999999814,499.9799999999814,1,0,0,,Fixation Timing,Fixation Cross,1,object-125,trial,,,,150,"<span style=""font-family: 'Courier New', Courier, monospace; font-size: 60px; color: black;"">cinco</span>",######,######,"<span style=""font-family: 'Courier New', Courier, monospace; font-size: 60px; color: black;"">C1NCO</span>",J,same,uppercase,baseline,5,2,CINCO,,,,,
668,1791195578994,05/10/2026 10:19:38,1791195578994,2,05/10/2026 12:19:38,283162,5,task-biuv,,58572850,,16708144,,complete,,,computer,Desktop or Laptop,Windows 10,Firefox 102.0,3840x2160,3840x1838,,,0,UCL - tarea 1 ,6,Group1,spreadsheet1,spreadsheet1,160,trial,Reference,m6fryy,2,timedOut,,,301.96000000002095,299.9800000000396,301.96000000002095,301.96000000002095,299.9800000000396,301.96000000002095,1,0,0,,Time Limit,screen,0,screen,trial,,,,150,"<span style=""font-family: 'Courier New', Courier, monospace; font-size: 60px; color: black;"">cinco</span>",######,######,"<span style=""font-family: 'Courier New', Courier, monospace; font-size: 60px; color: black;"">C1NCO</span>",J,same,uppercase,baseline,5,2,CINCO,,,,,
669,1791195579679,05/10/2026 10:19:39,1791195579679,2,05/10/2026 12:19:39,283162,5,task-biuv,,58572850,,16708144,,complete,,,computer,Desktop or Laptop,Windows 10,Firefox 102.0,3840x2160,3840x1838,,,0,UCL - tarea 1 ,6,Group1,spreadsheet1,spreadsheet1,160,trial,Target,spx9cn,3,response,J,,686.9799999999814,683.2999999999884,686.9799999999814,686.9799999999814,683.2999999999884,686.9799999999814,1,0,0,,Keyboard Response,Respuesta,3,object-91,trial,,,,150,"<span style=""font-family: 'Courier New', Courier, monospace; font-size: 60px; color: black;"">cinco</span>",######,######,"<span style=""font-family: 'Courier New', Courier, monospace; font-size: 60px; color: black;"">C1NCO</span>",J,same,uppercase,baseline,5,2,CINCO,,,,,
670,1791195580175,05/10/2026 10:19:40,1791195580175,2,05/10/2026 12:19:40,283162,5,task-biuv,,58572850,,16708144,,complete,,,computer,Desktop or Laptop,Windows 10,Firefox 102.0,3840x2160,3840x1838,,,0,UCL - tarea 1 ,6,Group1,spreadsheet1,spreadsheet1,160,trial,Blank,vybs3x,4,timedOut,,,500.679999999993,499.96000000002095,500.679999999993,500.679999999993,499.96000000002095,500.679999999993,1,0,0,,Time Limit,screen,0,screen,trial,,,,150,"<span style=""font-family: 'Courier New', Courier, monospace; font-size: 60px; color: black;"">cinco</span>",######,######,"<span style=""font-family: 'Courier New', Courier, monospace; font-size: 60px; color: black;"">C1NCO</span>",J,same,uppercase,baseline,5,2,CINCO,,,,,
671,1791195580676,05/10/2026 10:19:40,1791195580676,2,05/10/2026 12:19:40,283162,5,task-biuv,,58572850,,16708144,,complete,,,computer,Desktop or Laptop,Windows 10,Firefox 102.0,3840x2160,3840x1838,,,0,UCL - tarea 1 ,6,Group1,spreadsheet1,spreadsheet1,161,trial,Fixation,w99rzd,1,continue,,,499.9799999999814,499.9799999999814,499.9799999999814,499.9799999999814,499.9799999999814,499.9799999999814,1,0,0,,Fixation Timing,Fixation Cross,1,object-125,trial,,,,163,"<span style=""font-family: 'Courier New', Courier, monospace; font-size: 60px; color: black;"">tres</span>",######,######,"<span style=""font-family: 'Courier New', Courier, monospace; font-size: 60px; color: black;"">SE1S</span>",F,different,leet,incongruent_leet,3,2,SE1S,,,,,
672,1791195580977,05/10/2026 10:19:40,1791195580977,2,05/10/2026 12:19:40,283162,5,task-biuv,,58572850,,16708144,,complete,,,computer,Desktop or Laptop,Windows 10,Firefox 102.0,3840x2160,3840x1838,,,0,UCL - tarea 1 ,6,Group1,spreadsheet1,spreadsheet1,161,trial,Reference,m6fryy,2,timedOut,,,301.7399999999907,299.9799999999814,301.7399999999907,301.7399999999907,299.9799999999814,301.7399999999907,1,0,0,,Time Limit,screen,0,screen,trial,,,,163,"<span style=""font-family: 'Courier New', Courier, monospace; font-size: 60px; color: black;"">tres</span>",######,######,"<span style=""font-family: 'Courier New', Courier, monospace; font-size: 60px; color: black;"">SE1S</span>",F,different,leet,incongruent_leet,3,2,SE1S,,,,,
673,1791195581657,05/10/2026 10:19:41,1791195581657,2,05/10/2026 12:19:41,283162,5,task-biuv,,58572850,,16708144,,complete,,,computer,Desktop or Laptop,Windows 10,Firefox 102.0,3840x2160,3840x1838,,,0,UCL - tarea 1 ,6,Group1,spreadsheet1,spreadsheet1,161,trial,Target,spx9cn,3,response,F,,681.7600000000093,666.640000000014,681.7600000000093,681.7600000000093,666.640000000014,681.7600000000093,1,0,0,,Keyboard Response,Respuesta,3,object-91,trial,,,,163,"<span style=""font-family: 'Courier New', Courier, monospace; font-size: 60px; color: black;"">tres</span>",######,######,"<span style=""font-family: 'Courier New', Courier, monospace; font-size: 60px; color: black;"">SE1S</span>",F,different,leet,incongruent_leet,3,2,SE1S,,,,,
674,1791195582143,05/10/2026 10:19:42,1791195582143,2,05/10/2026 12:19:42,283162,5,task-biuv,,58572850,,16708144,,complete,,,computer,Desktop or Laptop,Windows 10,Firefox 102.0,3840x2160,3840x1838,,,0,UCL - tarea 1 ,6,Group1,spreadsheet1,spreadsheet1,161,trial,Blank,vybs3x,4,timedOut,,,501.11999999999534,499.9799999999814,501.11999999999534,501.11999999999534,499.9799999999814,501.11999999999534,1,0,0,,Time Limit,screen,0,screen,trial,,,,163,"<span style=""font-family: 'Courier New', Courier, monospace; font-size: 60px; color: black;"">tres</span>",######,######,"<span style=""font-family: 'Courier New', Courier, monospace; font-size: 60px; color: black;"">SE1S</span>",F,different,leet,incongruent_leet,3,2,SE1S,,,,,
675,1791195582643,05/10/2026 10:19:42,1791195582643,2,05/10/2026 12:19:42,283162,5,task-biuv,,58572850,,16708144,,complete,,,computer,Desktop or Laptop,Windows 10,Firefox 102.0,3840x2160,3840x1838,,,0,UCL - tarea 1 ,6,Group1,spreadsheet1,spreadsheet1,162,trial,Fixation,w99rzd,1,continue,,,499.96000000002095,499.96000000002095,499.96000000002095,499.96000000002095,499.96000000002095,499.96000000002095,1,0,0,,Fixation Timing,Fixation Cross,1,object-125,trial,,,,38,"<span style=""font-family: 'Courier New', Courier, monospace; font-size: 60px; color: black;"">cuatro</span>",######,######,"<span style=""font-family: 'Courier New', Courier, monospace; font-size: 60px; color: black;"">NU3VE</span>",F,different,leet,incongruent_leet,4,2,NU3VE,,,,,
676,1791195582943,05/10/2026 10:19:42,1791195582943,2,05/10/2026 12:19:42,283162,5,task-biuv,,58572850,,16708144,,complete,,,computer,Desktop or Laptop,Windows 10,Firefox 102.0,3840x2160,3840x1838,,,0,UCL - tarea 1 ,6,Group1,spreadsheet1,spreadsheet1,162,trial,Reference,m6fryy,2,timedOut,,,302.179999999993,300,302.179999999993,302.179999999993,300,302.179999999993,1,0,0,,Time Limit,screen,0,screen,trial,,,,38,"<span style=""font-family: 'Courier New', Courier, monospace; font-size: 60px; color: black;"">cuatro</span>",######,######,"<span style=""font-family: 'Courier New', Courier, monospace; font-size: 60px; color: black;"">NU3VE</span>",F,different,leet,incongruent_leet,4,2,NU3VE,,,,,
677,1791195583750,05/10/2026 10:19:43,1791195583750,2,05/10/2026 12:19:43,283162,5,task-biuv,,58572850,,16708144,,complete,,,computer,Desktop or Laptop,Windows 10,Firefox 102.0,3840x2160,3840x1838,,,0,UCL - tarea 1 ,6,Group1,spreadsheet1,spreadsheet1,162,trial,Target,spx9cn,3,response,F,,808.179999999993,799.960000000021,808.179999999993,808.179999999993,799.960000000021,808.179999999993,1,0,0,,Keyboard Response,Respuesta,3,object-91,trial,,,,38,"<span style=""font-family: 'Courier New', Courier, monospace; font-size: 60px; color: black;"">cuatro</span>",######,######,"<span style=""font-family: 'Courier New', Courier, monospace; font-size: 60px; color: black;"">NU3VE</span>",F,different,leet,incongruent_leet,4,2,NU3VE,,,,,
678,1791195584244,05/10/2026 10:19:44,1791195584244,2,05/10/2026 12:19:44,283162,5,task-biuv,,58572850,,16708144,,complete,,,computer,Desktop or Laptop,Windows 10,Firefox 102.0,3840x2160,3840x1838,,,0,UCL - tarea 1 ,6,Group1,spreadsheet1,spreadsheet1,162,trial,Blank,vybs3x,4,timedOut,,,501.21999999997206,499.95999999996275,501.21999999997206,501.21999999997206,499.95999999996275,501.21999999997206,1,0,0,,Time Limit,screen,0,screen,trial,,,,38,"<span style=""font-family: 'Courier New', Courier, monospace; font-size: 60px; color: black;"">cuatro</span>",######,######,"<span style=""font-family: 'Courier New', Courier, monospace; font-size: 60px; color: black;"">NU3VE</span>",F,different,leet,incongruent_leet,4,2,NU3VE,,,,,
679,1791195584744,05/10/2026 10:19:44,1791195584744,2,05/10/2026 12:19:44,283162,5,task-biuv,,58572850,,16708144,,complete,,,computer,Desktop or Laptop,Windows 10,Firefox 102.0,3840x2160,3840x1838,,,0,UCL - tarea 1 ,6,Group1,spreadsheet1,spreadsheet1,163,trial,Fixation,w99rzd,1,continue,,,499.9799999999814,499.9799999999814,499.9799999999814,499.9799999999814,499.9799999999814,499.9799999999814,1,0,0,,Fixation Timing,Fixation Cross,1,object-125,trial,,,,25,"<span style=""font-family: 'Courier New', Courier, monospace; font-size: 60px; color: black;"">tres</span>",######,######,"<span style=""font-family: 'Courier New', Courier, monospace; font-size: 60px; color: black;"">TRES</span>",J,same,uppercase,baseline,3,2,TRES,,,,,
680,1791195585044,05/10/2026 10:19:45,1791195585044,2,05/10/2026 12:19:45,283162,5,task-biuv,,58572850,,16708144,,complete,,,computer,Desktop or Laptop,Windows 10,Firefox 102.0,3840x2160,3840x1838,,,0,UCL - tarea 1 ,6,Group1,spreadsheet1,spreadsheet1,163,trial,Reference,m6fryy,2,timedOut,,,301.28000000002794,299.9800000000396,301.28000000002794,301.28000000002794,299.9800000000396,301.28000000002794,1,0,0,,Time Limit,screen,0,screen,trial,,,,25,"<span style=""font-family: 'Courier New', Courier, monospace; font-size: 60px; color: black;"">tres</span>",######,######,"<span style=""font-family: 'Courier New', Courier, monospace; font-size: 60px; color: black;"">TRES</span>",J,same,uppercase,baseline,3,2,TRES,,,,,
681,1791195585880,05/10/2026 10:19:45,1791195585880,2,05/10/2026 12:19:45,283162,5,task-biuv,,58572850,,16708144,,complete,,,computer,Desktop or Laptop,Windows 10,Firefox 102.0,3840x2160,3840x1838,,,0,UCL - tarea 1 ,6,Group1,spreadsheet1,spreadsheet1,163,trial,Target,spx9cn,3,response,J,,838.2999999999884,833.2999999999884,838.2999999999884,838.2999999999884,833.2999999999884,838.2999999999884,1,0,0,,Keyboard Response,Respuesta,3,object-91,trial,,,,25,"<span style=""font-family: 'Courier New', Courier, monospace; font-size: 60px; color: black;"">tres</span>",######,######,"<span style=""font-family: 'Courier New', Courier, monospace; font-size: 60px; color: black;"">TRES</span>",J,same,uppercase,baseline,3,2,TRES,,,,,
682,1791195586377,05/10/2026 10:19:46,1791195586377,2,05/10/2026 12:19:46,283162,5,task-biuv,,58572850,,16708144,,complete,,,computer,Desktop or Laptop,Windows 10,Firefox 102.0,3840x2160,3840x1838,,,0,UCL - tarea 1 ,6,Group1,spreadsheet1,spreadsheet1,163,trial,Blank,vybs3x,4,timedOut,,,502,499.96000000002095,502,502,499.96000000002095,502,1,0,0,,Time Limit,screen,0,screen,trial,,,,25,"<span style=""font-family: 'Courier New', Courier, monospace; font-size: 60px; color: black;"">tres</span>",######,######,"<span style=""font-family: 'Courier New', Courier, monospace; font-size: 60px; color: black;"">TRES</span>",J,same,uppercase,baseline,3,2,TRES,,,,,
683,1791195586876,05/10/2026 10:19:46,1791195586876,2,05/10/2026 12:19:46,283162,5,task-biuv,,58572850,,16708144,,complete,,,computer,Desktop or Laptop,Windows 10,Firefox 102.0,3840x2160,3840x1838,,,0,UCL - tarea 1 ,6,Group1,spreadsheet1,spreadsheet1,164,trial,Fixation,w99rzd,1,continue,,,499.9799999999814,499.9799999999814,499.9799999999814,499.9799999999814,499.9799999999814,499.9799999999814,1,0,0,,Fixation Timing,Fixation Cross,1,object-125,trial,,,,165,"<span style=""font-family: 'Courier New', Courier, monospace; font-size: 60px; color: black;"">siete</span>",######,######,"<span style=""font-family: 'Courier New', Courier, monospace; font-size: 60px; color: black;"">C1NCO</span>",F,different,leet,incongruent_leet,7,2,C1NCO,,,,,
684,1791195587177,05/10/2026 10:19:47,1791195587177,2,05/10/2026 12:19:47,283162,5,task-biuv,,58572850,,16708144,,complete,,,computer,Desktop or Laptop,Windows 10,Firefox 102.0,3840x2160,3840x1838,,,0,UCL - tarea 1 ,6,Group1,spreadsheet1,spreadsheet1,164,trial,Reference,m6fryy,2,timedOut,,,301.0599999999977,299.9799999999814,301.0599999999977,301.0599999999977,299.9799999999814,301.0599999999977,1,0,0,,Time Limit,screen,0,screen,trial,,,,165,"<span style=""font-family: 'Courier New', Courier, monospace; font-size: 60px; color: black;"">siete</span>",######,######,"<span style=""font-family: 'Courier New', Courier, monospace; font-size: 60px; color: black;"">C1NCO</span>",F,different,leet,incongruent_leet,7,2,C1NCO,,,,,
685,1791195587903,05/10/2026 10:19:47,1791195587903,2,05/10/2026 12:19:47,283162,5,task-biuv,,58572850,,16708144,,complete,,,computer,Desktop or Laptop,Windows 10,Firefox 102.0,3840x2160,3840x1838,,,0,UCL - tarea 1 ,6,Group1,spreadsheet1,spreadsheet1,164,trial,Target,spx9cn,3,response,F,,729.0800000000163,716.640000000014,729.0800000000163,729.0800000000163,716.640000000014,729.0800000000163,1,0,0,,Keyboard Response,Respuesta,3,object-91,trial,,,,165,"<span style=""font-family: 'Courier New', Courier, monospace; font-size: 60px; color: black;"">siete</span>",######,######,"<span style=""font-family: 'Courier New', Courier, monospace; font-size: 60px; color: black;"">C1NCO</span>",F,different,leet,incongruent_leet,7,2,C1NCO,,,,,
686,1791195588393,05/10/2026 10:19:48,1791195588393,2,05/10/2026 12:19:48,283162,5,task-biuv,,58572850,,16708144,,complete,,,computer,Desktop or Laptop,Windows 10,Firefox 102.0,3840x2160,3840x1838,,,0,UCL - tarea 1 ,6,Group1,spreadsheet1,spreadsheet1,164,trial,Blank,vybs3x,4,timedOut,,,501.4400000000023,499.96000000002095,501.4400000000023,501.4400000000023,499.96000000002095,501.4400000000023,1,0,0,,Time Limit,screen,0,screen,trial,,,,165,"<span style=""font-family: 'Courier New', Courier, monospace; font-size: 60px; color: black;"">siete</span>",######,######,"<span style=""font-family: 'Courier New', Courier, monospace; font-size: 60px; color: black;"">C1NCO</span>",F,different,leet,incongruent_leet,7,2,C1NCO,,,,,
687,1791195588893,05/10/2026 10:19:48,1791195588893,2,05/10/2026 12:19:48,283162,5,task-biuv,,58572850,,16708144,,complete,,,computer,Desktop or Laptop,Windows 10,Firefox 102.0,3840x2160,3840x1838,,,0,UCL - tarea 1 ,6,Group1,spreadsheet1,spreadsheet1,165,trial,Fixation,w99rzd,1,continue,,,499.9799999999814,499.9799999999814,499.9799999999814,499.9799999999814,499.9799999999814,499.9799999999814,1,0,0,,Fixation Timing,Fixation Cross,1,object-125,trial,,,,31,"<span style=""font-family: 'Courier New', Courier, monospace; font-size: 60px; color: black;"">tres</span>",######,######,"<span style=""font-family: 'Courier New', Courier, monospace; font-size: 60px; color: black;"">TR3S</span>",J,same,leet,congruent_leet,3,2,TR3S,,,,,
688,1791195589194,05/10/2026 10:19:49,1791195589194,2,05/10/2026 12:19:49,283162,5,task-biuv,,58572850,,16708144,,complete,,,computer,Desktop or Laptop,Windows 10,Firefox 102.0,3840x2160,3840x1838,,,0,UCL - tarea 1 ,6,Group1,spreadsheet1,spreadsheet1,165,trial,Reference,m6fryy,2,timedOut,,,302.5,299.9799999999814,302.5,302.5,299.9799999999814,302.5,1,0,0,,Time Limit,screen,0,screen,trial,,,,31,"<span style=""font-family: 'Courier New', Courier, monospace; font-size: 60px; color: black;"">tres</span>",######,######,"<span style=""font-family: 'Courier New', Courier, monospace; font-size: 60px; color: black;"">TR3S</span>",J,same,leet,congruent_leet,3,2,TR3S,,,,,
689,1791195589959,05/10/2026 10:19:49,1791195589959,2,05/10/2026 12:19:49,283162,5,task-biuv,,58572850,,16708144,,complete,,,computer,Desktop or Laptop,Windows 10,Firefox 102.0,3840x2160,3840x1838,,,0,UCL - tarea 1 ,6,Group1,spreadsheet1,spreadsheet1,165,trial,Target,spx9cn,3,response,J,,766.6199999999953,749.960000000021,766.6199999999953,766.6199999999953,749.960000000021,766.6199999999953,1,0,0,,Keyboard Response,Respuesta,3,object-91,trial,,,,31,"<span style=""font-family: 'Courier New', Courier, monospace; font-size: 60px; color: black;"">tres</span>",######,######,"<span style=""font-family: 'Courier New', Courier, monospace; font-size: 60px; color: black;"">TR3S</span>",J,same,leet,congruent_leet,3,2,TR3S,,,,,
690,1791195590444,05/10/2026 10:19:50,1791195590444,2,05/10/2026 12:19:50,283162,5,task-biuv,,58572850,,16708144,,complete,,,computer,Desktop or Laptop,Windows 10,Firefox 102.0,3840x2160,3840x1838,,,0,UCL - tarea 1 ,6,Group1,spreadsheet1,spreadsheet1,165,trial,Blank,vybs3x,4,timedOut,,,502.5599999999977,499.9799999999814,502.5599999999977,502.5599999999977,499.9799999999814,502.5599999999977,1,0,0,,Time Limit,screen,0,screen,trial,,,,31,"<span style=""font-family: 'Courier New', Courier, monospace; font-size: 60px; color: black;"">tres</span>",######,######,"<span style=""font-family: 'Courier New', Courier, monospace; font-size: 60px; color: black;"">TR3S</span>",J,same,leet,congruent_leet,3,2,TR3S,,,,,
691,1791195590944,05/10/2026 10:19:50,1791195590944,2,05/10/2026 12:19:50,283162,5,task-biuv,,58572850,,16708144,,complete,,,computer,Desktop or Laptop,Windows 10,Firefox 102.0,3840x2160,3840x1838,,,0,UCL - tarea 1 ,6,Group1,spreadsheet1,spreadsheet1,166,trial,Fixation,w99rzd,1,continue,,,499.9800000000396,499.9800000000396,499.9800000000396,499.9800000000396,499.9800000000396,499.9800000000396,1,0,0,,Fixation Timing,Fixation Cross,1,object-125,trial,,,,161,"<span style=""font-family: 'Courier New', Courier, monospace; font-size: 60px; color: black;"">nueve</span>",######,######,"<span style=""font-family: 'Courier New', Courier, monospace; font-size: 60px; color: black;"">CUATRO</span>",F,different,uppercase,baseline,9,2,CUATRO,,,,,
692,1791195591243,05/10/2026 10:19:51,1791195591243,2,05/10/2026 12:19:51,283162,5,task-biuv,,58572850,,16708144,,complete,,,computer,Desktop or Laptop,Windows 10,Firefox 102.0,3840x2160,3840x1838,,,0,UCL - tarea 1 ,6,Group1,spreadsheet1,spreadsheet1,166,trial,Reference,m6fryy,2,timedOut,,,301.5999999999767,299.9799999999814,301.5999999999767,301.5999999999767,299.9799999999814,301.5999999999767,1,0,0,,Time Limit,screen,0,screen,trial,,,,161,"<span style=""font-family: 'Courier New', Courier, monospace; font-size: 60px; color: black;"">nueve</span>",######,######,"<span style=""font-family: 'Courier New', Courier, monospace; font-size: 60px; color: black;"">CUATRO</span>",F,different,uppercase,baseline,9,2,CUATRO,,,,,
693,1791195591888,05/10/2026 10:19:51,1791195591888,2,05/10/2026 12:19:51,283162,5,task-biuv,,58572850,,16708144,,complete,,,computer,Desktop or Laptop,Windows 10,Firefox 102.0,3840x2160,3840x1838,,,0,UCL - tarea 1 ,6,Group1,spreadsheet1,spreadsheet1,166,trial,Target,spx9cn,3,response,F,,645.6199999999953,633.2999999999884,645.6199999999953,645.6199999999953,633.2999999999884,645.6199999999953,1,0,0,,Keyboard Response,Respuesta,3,object-91,trial,,,,161,"<span style=""font-family: 'Courier New', Courier, monospace; font-size: 60px; color: black;"">nueve</span>",######,######,"<span style=""font-family: 'Courier New', Courier, monospace; font-size: 60px; color: black;"">CUATRO</span>",F,different,uppercase,baseline,9,2,CUATRO,,,,,
694,1791195592375,05/10/2026 10:19:52,1791195592375,2,05/10/2026 12:19:52,283162,5,task-biuv,,58572850,,16708144,,complete,,,computer,Desktop or Laptop,Windows 10,Firefox 102.0,3840x2160,3840x1838,,,0,UCL - tarea 1 ,6,Group1,spreadsheet1,spreadsheet1,166,trial,Blank,vybs3x,4,timedOut,,,501.320000000007,499.9799999999814,501.320000000007,501.320000000007,499.9799999999814,501.320000000007,1,0,0,,Time Limit,screen,0,screen,trial,,,,161,"<span style=""font-family: 'Courier New', Courier, monospace; font-size: 60px; color: black;"">nueve</span>",######,######,"<span style=""font-family: 'Courier New', Courier, monospace; font-size: 60px; color: black;"">CUATRO</span>",F,different,uppercase,baseline,9,2,CUATRO,,,,,
695,1791195592876,05/10/2026 10:19:52,1791195592876,2,05/10/2026 12:19:52,283162,5,task-biuv,,58572850,,16708144,,complete,,,computer,Desktop or Laptop,Windows 10,Firefox 102.0,3840x2160,3840x1838,,,0,UCL - tarea 1 ,6,Group1,spreadsheet1,spreadsheet1,167,trial,Fixation,w99rzd,1,continue,,,499.96000000002095,499.96000000002095,499.96000000002095,499.96000000002095,499.96000000002095,499.96000000002095,1,0,0,,Fixation Timing,Fixation Cross,1,object-125,trial,,,,157,"<span style=""font-family: 'Courier New', Courier, monospace; font-size: 60px; color: black;"">tres</span>",######,######,"<span style=""font-family: 'Courier New', Courier, monospace; font-size: 60px; color: black;"">SEIS</span>",F,different,uppercase,baseline,3,2,SEIS,,,,,
696,1791195593177,05/10/2026 10:19:53,1791195593177,2,05/10/2026 12:19:53,283162,5,task-biuv,,58572850,,16708144,,complete,,,computer,Desktop or Laptop,Windows 10,Firefox 102.0,3840x2160,3840x1838,,,0,UCL - tarea 1 ,6,Group1,spreadsheet1,spreadsheet1,167,trial,Reference,m6fryy,2,timedOut,,,302.38000000000466,300,302.38000000000466,302.38000000000466,300,302.38000000000466,1,0,0,,Time Limit,screen,0,screen,trial,,,,157,"<span style=""font-family: 'Courier New', Courier, monospace; font-size: 60px; color: black;"">tres</span>",######,######,"<span style=""font-family: 'Courier New', Courier, monospace; font-size: 60px; color: black;"">SEIS</span>",F,different,uppercase,baseline,3,2,SEIS,,,,,
697,1791195593897,05/10/2026 10:19:53,1791195593897,2,05/10/2026 12:19:53,283162,5,task-biuv,,58572850,,16708144,,complete,,,computer,Desktop or Laptop,Windows 10,Firefox 102.0,3840x2160,3840x1838,,,0,UCL - tarea 1 ,6,Group1,spreadsheet1,spreadsheet1,167,trial,Target,spx9cn,3,response,F,,721.3800000000047,716.6199999999953,721.3800000000047,721.3800000000047,716.6199999999953,721.3800000000047,1,0,0,,Keyboard Response,Respuesta,3,object-91,trial,,,,157,"<span style=""font-family: 'Courier New', Courier, monospace; font-size: 60px; color: black;"">tres</span>",######,######,"<span style=""font-family: 'Courier New', Courier, monospace; font-size: 60px; color: black;"">SEIS</span>",F,different,uppercase,baseline,3,2,SEIS,,,,,
698,1791195594393,05/10/2026 10:19:54,1791195594393,2,05/10/2026 12:19:54,283162,5,task-biuv,,58572850,,16708144,,complete,,,computer,Desktop or Laptop,Windows 10,Firefox 102.0,3840x2160,3840x1838,,,0,UCL - tarea 1 ,6,Group1,spreadsheet1,spreadsheet1,167,trial,Blank,vybs3x,4,timedOut,,,502.7600000000093,499.9799999999814,502.7600000000093,502.7600000000093,499.9799999999814,502.7600000000093,1,0,0,,Time Limit,screen,0,screen,trial,,,,157,"<span style=""font-family: 'Courier New', Courier, monospace; font-size: 60px; color: black;"">tres</span>",######,######,"<span style=""font-family: 'Courier New', Courier, monospace; font-size: 60px; color: black;"">SEIS</span>",F,different,uppercase,baseline,3,2,SEIS,,,,,
699,1791195594894,05/10/2026 10:19:54,1791195594894,2,05/10/2026 12:19:54,283162,5,task-biuv,,58572850,,16708144,,complete,,,computer,Desktop or Laptop,Windows 10,Firefox 102.0,3840x2160,3840x1838,,,0,UCL - tarea 1 ,6,Group1,spreadsheet1,spreadsheet1,168,trial,Fixation,w99rzd,1,continue,,,499.9800000000396,499.9800000000396,499.9800000000396,499.9800000000396,499.9800000000396,499.9800000000396,1,0,0,,Fixation Timing,Fixation Cross,1,object-125,trial,,,,46,"<span style=""font-family: 'Courier New', Courier, monospace; font-size: 60px; color: black;"">seis</span>",######,######,"<span style=""font-family: 'Courier New', Courier, monospace; font-size: 60px; color: black;"">TRES</span>",F,different,uppercase,baseline,6,2,TRES,,,,,
700,1791195595193,05/10/2026 10:19:55,1791195595193,2,05/10/2026 12:19:55,283162,5,task-biuv,,58572850,,16708144,,complete,,,computer,Desktop or Laptop,Windows 10,Firefox 102.0,3840x2160,3840x1838,,,0,UCL - tarea 1 ,6,Group1,spreadsheet1,spreadsheet1,168,trial,Reference,m6fryy,2,timedOut,,,300.79999999998836,299.9799999999814,300.79999999998836,300.79999999998836,299.9799999999814,300.79999999998836,1,0,0,,Time Limit,screen,0,screen,trial,,,,46,"<span style=""font-family: 'Courier New', Courier, monospace; font-size: 60px; color: black;"">seis</span>",######,######,"<span style=""font-family: 'Courier New', Courier, monospace; font-size: 60px; color: black;"">TRES</span>",F,different,uppercase,baseline,6,2,TRES,,,,,
701,1791195595910,05/10/2026 10:19:55,1791195595910,2,05/10/2026 12:19:55,283162,5,task-biuv,,58572850,,16708144,,complete,,,computer,Desktop or Laptop,Windows 10,Firefox 102.0,3840x2160,3840x1838,,,0,UCL - tarea 1 ,6,Group1,spreadsheet1,spreadsheet1,168,trial,Target,spx9cn,3,response,F,,718.820000000007,716.6199999999953,718.820000000007,718.820000000007,716.6199999999953,718.820000000007,1,0,0,,Keyboard Response,Respuesta,3,object-91,trial,,,,46,"<span style=""font-family: 'Courier New', Courier, monospace; font-size: 60px; color: black;"">seis</span>",######,######,"<span style=""font-family: 'Courier New', Courier, monospace; font-size: 60px; color: black;"">TRES</span>",F,different,uppercase,baseline,6,2,TRES,,,,,
702,1791195596409,05/10/2026 10:19:56,1791195596409,2,05/10/2026 12:19:56,283162,5,task-biuv,,58572850,,16708144,,complete,,,computer,Desktop or Laptop,Windows 10,Firefox 102.0,3840x2160,3840x1838,,,0,UCL - tarea 1 ,6,Group1,spreadsheet1,spreadsheet1,168,trial,Blank,vybs3x,4,timedOut,,,502.20000000001164,499.9800000000396,502.20000000001164,502.20000000001164,499.9800000000396,502.20000000001164,1,0,0,,Time Limit,screen,0,screen,trial,,,,46,"<span style=""font-family: 'Courier New', Courier, monospace; font-size: 60px; color: black;"">seis</span>",######,######,"<span style=""font-family: 'Courier New', Courier, monospace; font-size: 60px; color: black;"">TRES</span>",F,different,uppercase,baseline,6,2,TRES,,,,,
703,1791195596909,05/10/2026 10:19:56,1791195596909,2,05/10/2026 12:19:56,283162,5,task-biuv,,58572850,,16708144,,complete,,,computer,Desktop or Laptop,Windows 10,Firefox 102.0,3840x2160,3840x1838,,,0,UCL - tarea 1 ,6,Group1,spreadsheet1,spreadsheet1,169,trial,Fixation,w99rzd,1,continue,,,499.9799999999814,499.9799999999814,499.9799999999814,499.9799999999814,499.9799999999814,499.9799999999814,1,0,0,,Fixation Timing,Fixation Cross,1,object-125,trial,,,,175,"<span style=""font-family: 'Courier New', Courier, monospace; font-size: 60px; color: black;"">tres</span>",######,######,"<span style=""font-family: 'Courier New', Courier, monospace; font-size: 60px; color: black;"">TR3S</span>",J,same,leet,congruent_leet,3,3,TR3S,,,,,
704,1791195597210,05/10/2026 10:19:57,1791195597210,2,05/10/2026 12:19:57,283162,5,task-biuv,,58572850,,16708144,,complete,,,computer,Desktop or Laptop,Windows 10,Firefox 102.0,3840x2160,3840x1838,,,0,UCL - tarea 1 ,6,Group1,spreadsheet1,spreadsheet1,169,trial,Reference,m6fryy,2,timedOut,,,301.2399999999907,299.9799999999814,301.2399999999907,301.2399999999907,299.9799999999814,301.2399999999907,1,0,0,,Time Limit,screen,0,screen,trial,,,,175,"<span style=""font-family: 'Courier New', Courier, monospace; font-size: 60px; color: black;"">tres</span>",######,######,"<span style=""font-family: 'Courier New', Courier, monospace; font-size: 60px; color: black;"">TR3S</span>",J,same,leet,congruent_leet,3,3,TR3S,,,,,
705,1791195597831,05/10/2026 10:19:57,1791195597831,2,05/10/2026 12:19:57,283162,5,task-biuv,,58572850,,16708144,,complete,,,computer,Desktop or Laptop,Windows 10,Firefox 102.0,3840x2160,3840x1838,,,0,UCL - tarea 1 ,6,Group1,spreadsheet1,spreadsheet1,169,trial,Target,spx9cn,3,response,J,,624.2600000000093,616.640000000014,624.2600000000093,624.2600000000093,616.640000000014,624.2600000000093,1,0,0,,Keyboard Response,Respuesta,3,object-91,trial,,,,175,"<span style=""font-family: 'Courier New', Courier, monospace; font-size: 60px; color: black;"">tres</span>",######,######,"<span style=""font-family: 'Courier New', Courier, monospace; font-size: 60px; color: black;"">TR3S</span>",J,same,leet,congruent_leet,3,3,TR3S,,,,,
706,1791195598325,05/10/2026 10:19:58,1791195598325,2,05/10/2026 12:19:58,283162,5,task-biuv,,58572850,,16708144,,complete,,,computer,Desktop or Laptop,Windows 10,Firefox 102.0,3840x2160,3840x1838,,,0,UCL - tarea 1 ,6,Group1,spreadsheet1,spreadsheet1,169,trial,Blank,vybs3x,4,timedOut,,,501.61999999999534,499.95999999996275,501.61999999999534,501.61999999999534,499.95999999996275,501.61999999999534,1,0,0,,Time Limit,screen,0,screen,trial,,,,175,"<span style=""font-family: 'Courier New', Courier, monospace; font-size: 60px; color: black;"">tres</span>",######,######,"<span style=""font-family: 'Courier New', Courier, monospace; font-size: 60px; color: black;"">TR3S</span>",J,same,leet,congruent_leet,3,3,TR3S,,,,,
707,1791195598826,05/10/2026 10:19:58,1791195598826,2,05/10/2026 12:19:58,283162,5,task-biuv,,58572850,,16708144,,complete,,,computer,Desktop or Laptop,Windows 10,Firefox 102.0,3840x2160,3840x1838,,,0,UCL - tarea 1 ,6,Group1,spreadsheet1,spreadsheet1,170,trial,Fixation,w99rzd,1,continue,,,499.9799999999814,499.9799999999814,499.9799999999814,499.9799999999814,499.9799999999814,499.9799999999814,1,0,0,,Fixation Timing,Fixation Cross,1,object-125,trial,,,,170,"<span style=""font-family: 'Courier New', Courier, monospace; font-size: 60px; color: black;"">cuatro</span>",######,######,"<span style=""font-family: 'Courier New', Courier, monospace; font-size: 60px; color: black;"">CU4TRO</span>",J,same,leet,congruent_leet,4,3,CU4TRO,,,,,
708,1791195599126,05/10/2026 10:19:59,1791195599126,2,05/10/2026 12:19:59,283162,5,task-biuv,,58572850,,16708144,,complete,,,computer,Desktop or Laptop,Windows 10,Firefox 102.0,3840x2160,3840x1838,,,0,UCL - tarea 1 ,6,Group1,spreadsheet1,spreadsheet1,170,trial,Reference,m6fryy,2,timedOut,,,301.6800000000512,299.9800000000978,301.6800000000512,301.6800000000512,299.9800000000978,301.6800000000512,1,0,0,,Time Limit,screen,0,screen,trial,,,,170,"<span style=""font-family: 'Courier New', Courier, monospace; font-size: 60px; color: black;"">cuatro</span>",######,######,"<span style=""font-family: 'Courier New', Courier, monospace; font-size: 60px; color: black;"">CU4TRO</span>",J,same,leet,congruent_leet,4,3,CU4TRO,,,,,
709,1791195599696,05/10/2026 10:19:59,1791195599696,2,05/10/2026 12:19:59,283162,5,task-biuv,,58572850,,16708144,,complete,,,computer,Desktop or Laptop,Windows 10,Firefox 102.0,3840x2160,3840x1838,,,0,UCL - tarea 1 ,6,Group1,spreadsheet1,spreadsheet1,170,trial,Target,spx9cn,3,response,J,,571.6999999999534,566.6399999998976,571.6999999999534,571.6999999999534,566.6399999998976,571.6999999999534,1,0,0,,Keyboard Response,Respuesta,3,object-91,trial,,,,170,"<span style=""font-family: 'Courier New', Courier, monospace; font-size: 60px; color: black;"">cuatro</span>",######,######,"<span style=""font-family: 'Courier New', Courier, monospace; font-size: 60px; color: black;"">CU4TRO</span>",J,same,leet,congruent_leet,4,3,CU4TRO,,,,,
710,1791195600194,05/10/2026 10:20:00,1791195600194,2,05/10/2026 12:20:00,283162,5,task-biuv,,58572850,,16708144,,complete,,,computer,Desktop or Laptop,Windows 10,Firefox 102.0,3840x2160,3840x1838,,,0,UCL - tarea 1 ,6,Group1,spreadsheet1,spreadsheet1,170,trial,Blank,vybs3x,4,timedOut,,,503.0600000000559,499.9800000000978,503.0600000000559,503.0600000000559,499.9800000000978,503.0600000000559,1,0,0,,Time Limit,screen,0,screen,trial,,,,170,"<span style=""font-family: 'Courier New', Courier, monospace; font-size: 60px; color: black;"">cuatro</span>",######,######,"<span style=""font-family: 'Courier New', Courier, monospace; font-size: 60px; color: black;"">CU4TRO</span>",J,same,leet,congruent_leet,4,3,CU4TRO,,,,,
711,1791195600694,05/10/2026 10:20:00,1791195600694,2,05/10/2026 12:20:00,283162,5,task-biuv,,58572850,,16708144,,complete,,,computer,Desktop or Laptop,Windows 10,Firefox 102.0,3840x2160,3840x1838,,,0,UCL - tarea 1 ,6,Group1,spreadsheet1,spreadsheet1,171,trial,Fixation,w99rzd,1,continue,,,499.95999999996275,499.95999999996275,499.95999999996275,499.95999999996275,499.95999999996275,499.95999999996275,1,0,0,,Fixation Timing,Fixation Cross,1,object-125,trial,,,,176,"<span style=""font-family: 'Courier New', Courier, monospace; font-size: 60px; color: black;"">cuatro</span>",######,######,"<span style=""font-family: 'Courier New', Courier, monospace; font-size: 60px; color: black;"">CUATRO</span>",J,same,uppercase,baseline,4,3,CUATRO,,,,,
712,1791195600993,05/10/2026 10:20:00,1791195600993,2,05/10/2026 12:20:00,283162,5,task-biuv,,58572850,,16708144,,complete,,,computer,Desktop or Laptop,Windows 10,Firefox 102.0,3840x2160,3840x1838,,,0,UCL - tarea 1 ,6,Group1,spreadsheet1,spreadsheet1,171,trial,Reference,m6fryy,2,timedOut,,,302.11999999999534,300,302.11999999999534,302.11999999999534,300,302.11999999999534,1,0,0,,Time Limit,screen,0,screen,trial,,,,176,"<span style=""font-family: 'Courier New', Courier, monospace; font-size: 60px; color: black;"">cuatro</span>",######,######,"<span style=""font-family: 'Courier New', Courier, monospace; font-size: 60px; color: black;"">CUATRO</span>",J,same,uppercase,baseline,4,3,CUATRO,,,,,
713,1791195601687,05/10/2026 10:20:01,1791195601687,2,05/10/2026 12:20:01,283162,5,task-biuv,,58572850,,16708144,,complete,,,computer,Desktop or Laptop,Windows 10,Firefox 102.0,3840x2160,3840x1838,,,0,UCL - tarea 1 ,6,Group1,spreadsheet1,spreadsheet1,171,trial,Target,spx9cn,3,response,J,,696.1199999999953,683.3000000000466,696.1199999999953,696.1199999999953,683.3000000000466,696.1199999999953,1,0,0,,Keyboard Response,Respuesta,3,object-91,trial,,,,176,"<span style=""font-family: 'Courier New', Courier, monospace; font-size: 60px; color: black;"">cuatro</span>",######,######,"<span style=""font-family: 'Courier New', Courier, monospace; font-size: 60px; color: black;"">CUATRO</span>",J,same,uppercase,baseline,4,3,CUATRO,,,,,
714,1791195602176,05/10/2026 10:20:02,1791195602176,2,05/10/2026 12:20:02,283162,5,task-biuv,,58572850,,16708144,,complete,,,computer,Desktop or Laptop,Windows 10,Firefox 102.0,3840x2160,3840x1838,,,0,UCL - tarea 1 ,6,Group1,spreadsheet1,spreadsheet1,171,trial,Blank,vybs3x,4,timedOut,,,501.8199999999488,499.95999999996275,501.8199999999488,501.8199999999488,499.95999999996275,501.8199999999488,1,0,0,,Time Limit,screen,0,screen,trial,,,,176,"<span style=""font-family: 'Courier New', Courier, monospace; font-size: 60px; color: black;"">cuatro</span>",######,######,"<span style=""font-family: 'Courier New', Courier, monospace; font-size: 60px; color: black;"">CUATRO</span>",J,same,uppercase,baseline,4,3,CUATRO,,,,,
715,1791195602676,05/10/2026 10:20:02,1791195602676,2,05/10/2026 12:20:02,283162,5,task-biuv,,58572850,,16708144,,complete,,,computer,Desktop or Laptop,Windows 10,Firefox 102.0,3840x2160,3840x1838,,,0,UCL - tarea 1 ,6,Group1,spreadsheet1,spreadsheet1,172,trial,Fixation,w99rzd,1,continue,,,499.9799999999814,499.9799999999814,499.9799999999814,499.9799999999814,499.9799999999814,499.9799999999814,1,0,0,,Fixation Timing,Fixation Cross,1,object-125,trial,,,,66,"<span style=""font-family: 'Courier New', Courier, monospace; font-size: 60px; color: black;"">cinco</span>",######,######,"<span style=""font-family: 'Courier New', Courier, monospace; font-size: 60px; color: black;"">SIE7E</span>",F,different,leet,congruent_leet,5,3,SIE7E,,,,,
716,1791195602977,05/10/2026 10:20:02,1791195602977,2,05/10/2026 12:20:02,283162,5,task-biuv,,58572850,,16708144,,complete,,,computer,Desktop or Laptop,Windows 10,Firefox 102.0,3840x2160,3840x1838,,,0,UCL - tarea 1 ,6,Group1,spreadsheet1,spreadsheet1,172,trial,Reference,m6fryy,2,timedOut,,,301.88000000000466,299.9799999999814,301.88000000000466,301.88000000000466,299.9799999999814,301.88000000000466,1,0,0,,Time Limit,screen,0,screen,trial,,,,66,"<span style=""font-family: 'Courier New', Courier, monospace; font-size: 60px; color: black;"">cinco</span>",######,######,"<span style=""font-family: 'Courier New', Courier, monospace; font-size: 60px; color: black;"">SIE7E</span>",F,different,leet,congruent_leet,5,3,SIE7E,,,,,
717,1791195603592,05/10/2026 10:20:03,1791195603592,2,05/10/2026 12:20:03,283162,5,task-biuv,,58572850,,16708144,,complete,,,computer,Desktop or Laptop,Windows 10,Firefox 102.0,3840x2160,3840x1838,,,0,UCL - tarea 1 ,6,Group1,spreadsheet1,spreadsheet1,172,trial,Target,spx9cn,3,response,F,,617.8600000001024,601.1800000000512,617.8600000001024,617.8600000001024,601.1800000000512,617.8600000001024,1,0,0,,Keyboard Response,Respuesta,3,object-91,trial,,,,66,"<span style=""font-family: 'Courier New', Courier, monospace; font-size: 60px; color: black;"">cinco</span>",######,######,"<span style=""font-family: 'Courier New', Courier, monospace; font-size: 60px; color: black;"">SIE7E</span>",F,different,leet,congruent_leet,5,3,SIE7E,,,,,
718,1791195604076,05/10/2026 10:20:04,1791195604076,2,05/10/2026 12:20:04,283162,5,task-biuv,,58572850,,16708144,,complete,,,computer,Desktop or Laptop,Windows 10,Firefox 102.0,3840x2160,3840x1838,,,0,UCL - tarea 1 ,6,Group1,spreadsheet1,spreadsheet1,172,trial,Blank,vybs3x,4,timedOut,,,500.71999999997206,499.95999999996275,500.71999999997206,500.71999999997206,499.95999999996275,500.71999999997206,1,0,0,,Time Limit,screen,0,screen,trial,,,,66,"<span style=""font-family: 'Courier New', Courier, monospace; font-size: 60px; color: black;"">cinco</span>",######,######,"<span style=""font-family: 'Courier New', Courier, monospace; font-size: 60px; color: black;"">SIE7E</span>",F,different,leet,congruent_leet,5,3,SIE7E,,,,,
719,1791195604576,05/10/2026 10:20:04,1791195604576,2,05/10/2026 12:20:04,283162,5,task-biuv,,58572850,,16708144,,complete,,,computer,Desktop or Laptop,Windows 10,Firefox 102.0,3840x2160,3840x1838,,,0,UCL - tarea 1 ,6,Group1,spreadsheet1,spreadsheet1,173,trial,Fixation,w99rzd,1,continue,,,499.9799999999814,499.9799999999814,499.9799999999814,499.9799999999814,499.9799999999814,499.9799999999814,1,0,0,,Fixation Timing,Fixation Cross,1,object-125,trial,,,,64,"<span style=""font-family: 'Courier New', Courier, monospace; font-size: 60px; color: black;"">seis</span>",######,######,"<span style=""font-family: 'Courier New', Courier, monospace; font-size: 60px; color: black;"">TR3S</span>",F,different,leet,congruent_leet,6,3,TR3S,,,,,
720,1791195604876,05/10/2026 10:20:04,1791195604876,2,05/10/2026 12:20:04,283162,5,task-biuv,,58572850,,16708144,,complete,,,computer,Desktop or Laptop,Windows 10,Firefox 102.0,3840x2160,3840x1838,,,0,UCL - tarea 1 ,6,Group1,spreadsheet1,spreadsheet1,173,trial,Reference,m6fryy,2,timedOut,,,300.78000000002794,299.9799999999814,300.78000000002794,300.78000000002794,299.9799999999814,300.78000000002794,1,0,0,,Time Limit,screen,0,screen,trial,,,,64,"<span style=""font-family: 'Courier New', Courier, monospace; font-size: 60px; color: black;"">seis</span>",######,######,"<span style=""font-family: 'Courier New', Courier, monospace; font-size: 60px; color: black;"">TR3S</span>",F,different,leet,congruent_leet,6,3,TR3S,,,,,
721,1791195605552,05/10/2026 10:20:05,1791195605552,2,05/10/2026 12:20:05,283162,5,task-biuv,,58572850,,16708144,,complete,,,computer,Desktop or Laptop,Windows 10,Firefox 102.0,3840x2160,3840x1838,,,0,UCL - tarea 1 ,6,Group1,spreadsheet1,spreadsheet1,173,trial,Target,spx9cn,3,response,F,,676.8000000000466,666.640000000014,676.8000000000466,676.8000000000466,666.640000000014,676.8000000000466,1,0,0,,Keyboard Response,Respuesta,3,object-91,trial,,,,64,"<span style=""font-family: 'Courier New', Courier, monospace; font-size: 60px; color: black;"">seis</span>",######,######,"<span style=""font-family: 'Courier New', Courier, monospace; font-size: 60px; color: black;"">TR3S</span>",F,different,leet,congruent_leet,6,3,TR3S,,,,,
722,1791195606043,05/10/2026 10:20:06,1791195606043,2,05/10/2026 12:20:06,283162,5,task-biuv,,58572850,,16708144,,complete,,,computer,Desktop or Laptop,Windows 10,Firefox 102.0,3840x2160,3840x1838,,,0,UCL - tarea 1 ,6,Group1,spreadsheet1,spreadsheet1,173,trial,Blank,vybs3x,4,timedOut,,,501.1600000000326,499.9799999999814,501.1600000000326,501.1600000000326,499.9799999999814,501.1600000000326,1,0,0,,Time Limit,screen,0,screen,trial,,,,64,"<span style=""font-family: 'Courier New', Courier, monospace; font-size: 60px; color: black;"">seis</span>",######,######,"<span style=""font-family: 'Courier New', Courier, monospace; font-size: 60px; color: black;"">TR3S</span>",F,different,leet,congruent_leet,6,3,TR3S,,,,,
723,1791195606544,05/10/2026 10:20:06,1791195606544,2,05/10/2026 12:20:06,283162,5,task-biuv,,58572850,,16708144,,complete,,,computer,Desktop or Laptop,Windows 10,Firefox 102.0,3840x2160,3840x1838,,,0,UCL - tarea 1 ,6,Group1,spreadsheet1,spreadsheet1,174,trial,Fixation,w99rzd,1,continue,,,499.96000000007916,499.96000000007916,499.96000000007916,499.96000000007916,499.96000000007916,499.96000000007916,1,0,0,,Fixation Timing,Fixation Cross,1,object-125,trial,,,,49,"<span style=""font-family: 'Courier New', Courier, monospace; font-size: 60px; color: black;"">tres</span>",######,######,"<span style=""font-family: 'Courier New', Courier, monospace; font-size: 60px; color: black;"">TRES</span>",J,same,uppercase,baseline,3,3,TRES,,,,,
724,1791195606843,05/10/2026 10:20:06,1791195606843,2,05/10/2026 12:20:06,283162,5,task-biuv,,58572850,,16708144,,complete,,,computer,Desktop or Laptop,Windows 10,Firefox 102.0,3840x2160,3840x1838,,,0,UCL - tarea 1 ,6,Group1,spreadsheet1,spreadsheet1,174,trial,Reference,m6fryy,2,timedOut,,,300.21999999997206,300,300.21999999997206,300.21999999997206,300,300.21999999997206,1,0,0,,Time Limit,screen,0,screen,trial,,,,49,"<span style=""font-family: 'Courier New', Courier, monospace; font-size: 60px; color: black;"">tres</span>",######,######,"<span style=""font-family: 'Courier New', Courier, monospace; font-size: 60px; color: black;"">TRES</span>",J,same,uppercase,baseline,3,3,TRES,,,,,
725,1791195607480,05/10/2026 10:20:07,1791195607480,2,05/10/2026 12:20:07,283162,5,task-biuv,,58572850,,16708144,,complete,,,computer,Desktop or Laptop,Windows 10,Firefox 102.0,3840x2160,3840x1838,,,0,UCL - tarea 1 ,6,Group1,spreadsheet1,spreadsheet1,174,trial,Target,spx9cn,3,response,J,,638.2199999999721,633.2999999999302,638.2199999999721,638.2199999999721,633.2999999999302,638.2199999999721,1,0,0,,Keyboard Response,Respuesta,3,object-91,trial,,,,49,"<span style=""font-family: 'Courier New', Courier, monospace; font-size: 60px; color: black;"">tres</span>",######,######,"<span style=""font-family: 'Courier New', Courier, monospace; font-size: 60px; color: black;"">TRES</span>",J,same,uppercase,baseline,3,3,TRES,,,,,
726,1791195607976,05/10/2026 10:20:07,1791195607976,2,05/10/2026 12:20:07,283162,5,task-biuv,,58572850,,16708144,,complete,,,computer,Desktop or Laptop,Windows 10,Firefox 102.0,3840x2160,3840x1838,,,0,UCL - tarea 1 ,6,Group1,spreadsheet1,spreadsheet1,174,trial,Blank,vybs3x,4,timedOut,,,500.9200000000419,499.96000000007916,500.9200000000419,500.9200000000419,499.96000000007916,500.9200000000419,1,0,0,,Time Limit,screen,0,screen,trial,,,,49,"<span style=""font-family: 'Courier New', Courier, monospace; font-size: 60px; color: black;"">tres</span>",######,######,"<span style=""font-family: 'Courier New', Courier, monospace; font-size: 60px; color: black;"">TRES</span>",J,same,uppercase,baseline,3,3,TRES,,,,,
727,1791195608476,05/10/2026 10:20:08,1791195608476,2,05/10/2026 12:20:08,283162,5,task-biuv,,58572850,,16708144,,complete,,,computer,Desktop or Laptop,Windows 10,Firefox 102.0,3840x2160,3840x1838,,,0,UCL - tarea 1 ,6,Group1,spreadsheet1,spreadsheet1,175,trial,Fixation,w99rzd,1,continue,,,499.9799999999814,499.9799999999814,499.9799999999814,499.9799999999814,499.9799999999814,499.9799999999814,1,0,0,,Fixation Timing,Fixation Cross,1,object-125,trial,,,,59,"<span style=""font-family: 'Courier New', Courier, monospace; font-size: 60px; color: black;"">nueve</span>",######,######,"<span style=""font-family: 'Courier New', Courier, monospace; font-size: 60px; color: black;"">NUEVE</span>",J,same,uppercase,baseline,9,3,NUEVE,,,,,
728,1791195608776,05/10/2026 10:20:08,1791195608776,2,05/10/2026 12:20:08,283162,5,task-biuv,,58572850,,16708144,,complete,,,computer,Desktop or Laptop,Windows 10,Firefox 102.0,3840x2160,3840x1838,,,0,UCL - tarea 1 ,6,Group1,spreadsheet1,spreadsheet1,175,trial,Reference,m6fryy,2,timedOut,,,300.9799999999814,299.9799999999814,300.9799999999814,300.9799999999814,299.9799999999814,300.9799999999814,1,0,0,,Time Limit,screen,0,screen,trial,,,,59,"<span style=""font-family: 'Courier New', Courier, monospace; font-size: 60px; color: black;"">nueve</span>",######,######,"<span style=""font-family: 'Courier New', Courier, monospace; font-size: 60px; color: black;"">NUEVE</span>",J,same,uppercase,baseline,9,3,NUEVE,,,,,
729,1791195609377,05/10/2026 10:20:09,1791195609377,2,05/10/2026 12:20:09,283162,5,task-biuv,,58572850,,16708144,,complete,,,computer,Desktop or Laptop,Windows 10,Firefox 102.0,3840x2160,3840x1838,,,0,UCL - tarea 1 ,6,Group1,spreadsheet1,spreadsheet1,175,trial,Target,spx9cn,3,response,J,,599.9600000000792,583.3000000000466,599.9600000000792,599.9600000000792,583.3000000000466,599.9600000000792,1,0,0,,Keyboard Response,Respuesta,3,object-91,trial,,,,59,"<span style=""font-family: 'Courier New', Courier, monospace; font-size: 60px; color: black;"">nueve</span>",######,######,"<span style=""font-family: 'Courier New', Courier, monospace; font-size: 60px; color: black;"">NUEVE</span>",J,same,uppercase,baseline,9,3,NUEVE,,,,,
730,1791195609859,05/10/2026 10:20:09,1791195609859,2,05/10/2026 12:20:09,283162,5,task-biuv,,58572850,,16708144,,complete,,,computer,Desktop or Laptop,Windows 10,Firefox 102.0,3840x2160,3840x1838,,,0,UCL - tarea 1 ,6,Group1,spreadsheet1,spreadsheet1,175,trial,Blank,vybs3x,4,timedOut,,,501.69999999995343,499.9799999999814,501.69999999995343,501.69999999995343,499.9799999999814,501.69999999995343,1,0,0,,Time Limit,screen,0,screen,trial,,,,59,"<span style=""font-family: 'Courier New', Courier, monospace; font-size: 60px; color: black;"">nueve</span>",######,######,"<span style=""font-family: 'Courier New', Courier, monospace; font-size: 60px; color: black;"">NUEVE</span>",J,same,uppercase,baseline,9,3,NUEVE,,,,,
731,1791195610360,05/10/2026 10:20:10,1791195610360,2,05/10/2026 12:20:10,283162,5,task-biuv,,58572850,,16708144,,complete,,,computer,Desktop or Laptop,Windows 10,Firefox 102.0,3840x2160,3840x1838,,,0,UCL - tarea 1 ,6,Group1,spreadsheet1,spreadsheet1,176,trial,Fixation,w99rzd,1,continue,,,499.9799999999814,499.9799999999814,499.9799999999814,499.9799999999814,499.9799999999814,499.9799999999814,1,0,0,,Fixation Timing,Fixation Cross,1,object-125,trial,,,,55,"<span style=""font-family: 'Courier New', Courier, monospace; font-size: 60px; color: black;"">tres</span>",######,######,"<span style=""font-family: 'Courier New', Courier, monospace; font-size: 60px; color: black;"">TR3S</span>",J,same,leet,congruent_leet,3,3,TR3S,,,,,
732,1791195610659,05/10/2026 10:20:10,1791195610659,2,05/10/2026 12:20:10,283162,5,task-biuv,,58572850,,16708144,,complete,,,computer,Desktop or Laptop,Windows 10,Firefox 102.0,3840x2160,3840x1838,,,0,UCL - tarea 1 ,6,Group1,spreadsheet1,spreadsheet1,176,trial,Reference,m6fryy,2,timedOut,,,300.7399999999907,299.9799999999814,300.7399999999907,300.7399999999907,299.9799999999814,300.7399999999907,1,0,0,,Time Limit,screen,0,screen,trial,,,,55,"<span style=""font-family: 'Courier New', Courier, monospace; font-size: 60px; color: black;"">tres</span>",######,######,"<span style=""font-family: 'Courier New', Courier, monospace; font-size: 60px; color: black;"">TR3S</span>",J,same,leet,congruent_leet,3,3,TR3S,,,,,
733,1791195611160,05/10/2026 10:20:11,1791195611160,2,05/10/2026 12:20:11,283162,5,task-biuv,,58572850,,16708144,,complete,,,computer,Desktop or Laptop,Windows 10,Firefox 102.0,3840x2160,3840x1838,,,0,UCL - tarea 1 ,6,Group1,spreadsheet1,spreadsheet1,176,trial,Target,spx9cn,3,response,J,,501.7600000000093,499.9799999999814,501.7600000000093,501.7600000000093,499.9799999999814,501.7600000000093,1,0,0,,Keyboard Response,Respuesta,3,object-91,trial,,,,55,"<span style=""font-family: 'Courier New', Courier, monospace; font-size: 60px; color: black;"">tres</span>",######,######,"<span style=""font-family: 'Courier New', Courier, monospace; font-size: 60px; color: black;"">TR3S</span>",J,same,leet,congruent_leet,3,3,TR3S,,,,,
734,1791195611659,05/10/2026 10:20:11,1791195611659,2,05/10/2026 12:20:11,283162,5,task-biuv,,58572850,,16708144,,complete,,,computer,Desktop or Laptop,Windows 10,Firefox 102.0,3840x2160,3840x1838,,,0,UCL - tarea 1 ,6,Group1,spreadsheet1,spreadsheet1,176,trial,Blank,vybs3x,4,timedOut,,,499.96000000007916,499.96000000007916,499.96000000007916,499.96000000007916,499.96000000007916,499.96000000007916,1,0,0,,Time Limit,screen,0,screen,trial,,,,55,"<span style=""font-family: 'Courier New', Courier, monospace; font-size: 60px; color: black;"">tres</span>",######,######,"<span style=""font-family: 'Courier New', Courier, monospace; font-size: 60px; color: black;"">TR3S</span>",J,same,leet,congruent_leet,3,3,TR3S,,,,,
735,1791195612160,05/10/2026 10:20:12,1791195612160,2,05/10/2026 12:20:12,283162,5,task-biuv,,58572850,,16708144,,complete,,,computer,Desktop or Laptop,Windows 10,Firefox 102.0,3840x2160,3840x1838,,,0,UCL - tarea 1 ,6,Group1,spreadsheet1,spreadsheet1,177,trial,Fixation,w99rzd,1,continue,,,499.9799999999814,499.9799999999814,499.9799999999814,499.9799999999814,499.9799999999814,499.9799999999814,1,0,0,,Fixation Timing,Fixation Cross,1,object-125,trial,,,,62,"<span style=""font-family: 'Courier New', Courier, monospace; font-size: 60px; color: black;"">cuatro</span>",######,######,"<span style=""font-family: 'Courier New', Courier, monospace; font-size: 60px; color: black;"">NU3VE</span>",F,different,leet,incongruent_leet,4,3,NU3VE,,,,,
736,1791195612461,05/10/2026 10:20:12,1791195612461,2,05/10/2026 12:20:12,283162,5,task-biuv,,58572850,,16708144,,complete,,,computer,Desktop or Laptop,Windows 10,Firefox 102.0,3840x2160,3840x1838,,,0,UCL - tarea 1 ,6,Group1,spreadsheet1,spreadsheet1,177,trial,Reference,m6fryy,2,timedOut,,,301.8399999999674,299.9799999999814,301.8399999999674,301.8399999999674,299.9799999999814,301.8399999999674,1,0,0,,Time Limit,screen,0,screen,trial,,,,62,"<span style=""font-family: 'Courier New', Courier, monospace; font-size: 60px; color: black;"">cuatro</span>",######,######,"<span style=""font-family: 'Courier New', Courier, monospace; font-size: 60px; color: black;"">NU3VE</span>",F,different,leet,incongruent_leet,4,3,NU3VE,,,,,
737,1791195613071,05/10/2026 10:20:13,1791195613071,2,05/10/2026 12:20:13,283162,5,task-biuv,,58572850,,16708144,,complete,,,computer,Desktop or Laptop,Windows 10,Firefox 102.0,3840x2160,3840x1838,,,0,UCL - tarea 1 ,6,Group1,spreadsheet1,spreadsheet1,177,trial,Target,spx9cn,3,response,F,,612.859999999986,599.9799999999814,612.859999999986,612.859999999986,599.9799999999814,612.859999999986,1,0,0,,Keyboard Response,Respuesta,3,object-91,trial,,,,62,"<span style=""font-family: 'Courier New', Courier, monospace; font-size: 60px; color: black;"">cuatro</span>",######,######,"<span style=""font-family: 'Courier New', Courier, monospace; font-size: 60px; color: black;"">NU3VE</span>",F,different,leet,incongruent_leet,4,3,NU3VE,,,,,
738,1791195613559,05/10/2026 10:20:13,1791195613559,2,05/10/2026 12:20:13,283162,5,task-biuv,,58572850,,16708144,,complete,,,computer,Desktop or Laptop,Windows 10,Firefox 102.0,3840x2160,3840x1838,,,0,UCL - tarea 1 ,6,Group1,spreadsheet1,spreadsheet1,177,trial,Blank,vybs3x,4,timedOut,,,500.88000000000466,499.95999999996275,500.88000000000466,500.88000000000466,499.95999999996275,500.88000000000466,1,0,0,,Time Limit,screen,0,screen,trial,,,,62,"<span style=""font-family: 'Courier New', Courier, monospace; font-size: 60px; color: black;"">cuatro</span>",######,######,"<span style=""font-family: 'Courier New', Courier, monospace; font-size: 60px; color: black;"">NU3VE</span>",F,different,leet,incongruent_leet,4,3,NU3VE,,,,,
739,1791195614059,05/10/2026 10:20:14,1791195614059,2,05/10/2026 12:20:14,283162,5,task-biuv,,58572850,,16708144,,complete,,,computer,Desktop or Laptop,Windows 10,Firefox 102.0,3840x2160,3840x1838,,,0,UCL - tarea 1 ,6,Group1,spreadsheet1,spreadsheet1,178,trial,Fixation,w99rzd,1,continue,,,499.9800000000978,499.9800000000978,499.9800000000978,499.9800000000978,499.9800000000978,499.9800000000978,1,0,0,,Fixation Timing,Fixation Cross,1,object-125,trial,,,,54,"<span style=""font-family: 'Courier New', Courier, monospace; font-size: 60px; color: black;"">cinco</span>",######,######,"<span style=""font-family: 'Courier New', Courier, monospace; font-size: 60px; color: black;"">CINCO</span>",J,same,uppercase,baseline,5,3,CINCO,,,,,
740,1791195614360,05/10/2026 10:20:14,1791195614360,2,05/10/2026 12:20:14,283162,5,task-biuv,,58572850,,16708144,,complete,,,computer,Desktop or Laptop,Windows 10,Firefox 102.0,3840x2160,3840x1838,,,0,UCL - tarea 1 ,6,Group1,spreadsheet1,spreadsheet1,178,trial,Reference,m6fryy,2,timedOut,,,300.9399999999441,299.9799999999814,300.9399999999441,300.9399999999441,299.9799999999814,300.9399999999441,1,0,0,,Time Limit,screen,0,screen,trial,,,,54,"<span style=""font-family: 'Courier New', Courier, monospace; font-size: 60px; color: black;"">cinco</span>",######,######,"<span style=""font-family: 'Courier New', Courier, monospace; font-size: 60px; color: black;"">CINCO</span>",J,same,uppercase,baseline,5,3,CINCO,,,,,
741,1791195615031,05/10/2026 10:20:15,1791195615031,2,05/10/2026 12:20:15,283162,5,task-biuv,,58572850,,16708144,,complete,,,computer,Desktop or Laptop,Windows 10,Firefox 102.0,3840x2160,3840x1838,,,0,UCL - tarea 1 ,6,Group1,spreadsheet1,spreadsheet1,178,trial,Target,spx9cn,3,response,J,,673.9599999999627,666.640000000014,673.9599999999627,673.9599999999627,666.640000000014,673.9599999999627,1,0,0,,Keyboard Response,Respuesta,3,object-91,trial,,,,54,"<span style=""font-family: 'Courier New', Courier, monospace; font-size: 60px; color: black;"">cinco</span>",######,######,"<span style=""font-family: 'Courier New', Courier, monospace; font-size: 60px; color: black;"">CINCO</span>",J,same,uppercase,baseline,5,3,CINCO,,,,,
742,1791195615525,05/10/2026 10:20:15,1791195615525,2,05/10/2026 12:20:15,283162,5,task-biuv,,58572850,,16708144,,complete,,,computer,Desktop or Laptop,Windows 10,Firefox 102.0,3840x2160,3840x1838,,,0,UCL - tarea 1 ,6,Group1,spreadsheet1,spreadsheet1,178,trial,Blank,vybs3x,4,timedOut,,,501.3199999999488,499.9799999999814,501.3199999999488,501.3199999999488,499.9799999999814,501.3199999999488,1,0,0,,Time Limit,screen,0,screen,trial,,,,54,"<span style=""font-family: 'Courier New', Courier, monospace; font-size: 60px; color: black;"">cinco</span>",######,######,"<span style=""font-family: 'Courier New', Courier, monospace; font-size: 60px; color: black;"">CINCO</span>",J,same,uppercase,baseline,5,3,CINCO,,,,,
743,1791195616026,05/10/2026 10:20:16,1791195616026,2,05/10/2026 12:20:16,283162,5,task-biuv,,58572850,,16708144,,complete,,,computer,Desktop or Laptop,Windows 10,Firefox 102.0,3840x2160,3840x1838,,,0,UCL - tarea 1 ,6,Group1,spreadsheet1,spreadsheet1,179,trial,Fixation,w99rzd,1,continue,,,499.95999999996275,499.95999999996275,499.95999999996275,499.95999999996275,499.95999999996275,499.95999999996275,1,0,0,,Fixation Timing,Fixation Cross,1,object-125,trial,,,,180,"<span style=""font-family: 'Courier New', Courier, monospace; font-size: 60px; color: black;"">cinco</span>",######,######,"<span style=""font-family: 'Courier New', Courier, monospace; font-size: 60px; color: black;"">C1NCO</span>",J,same,leet,incongruent_leet,5,3,C1NCO,,,,,
744,1791195616326,05/10/2026 10:20:16,1791195616326,2,05/10/2026 12:20:16,283162,5,task-biuv,,58572850,,16708144,,complete,,,computer,Desktop or Laptop,Windows 10,Firefox 102.0,3840x2160,3840x1838,,,0,UCL - tarea 1 ,6,Group1,spreadsheet1,spreadsheet1,179,trial,Reference,m6fryy,2,timedOut,,,301.38000000000466,300,301.38000000000466,301.38000000000466,300,301.38000000000466,1,0,0,,Time Limit,screen,0,screen,trial,,,,180,"<span style=""font-family: 'Courier New', Courier, monospace; font-size: 60px; color: black;"">cinco</span>",######,######,"<span style=""font-family: 'Courier New', Courier, monospace; font-size: 60px; color: black;"">C1NCO</span>",J,same,leet,incongruent_leet,5,3,C1NCO,,,,,
745,1791195616863,05/10/2026 10:20:16,1791195616863,2,05/10/2026 12:20:16,283162,5,task-biuv,,58572850,,16708144,,complete,,,computer,Desktop or Laptop,Windows 10,Firefox 102.0,3840x2160,3840x1838,,,0,UCL - tarea 1 ,6,Group1,spreadsheet1,spreadsheet1,179,trial,Target,spx9cn,3,response,J,,538.3800000000047,533.3000000000466,538.3800000000047,538.3800000000047,533.3000000000466,538.3800000000047,1,0,0,,Keyboard Response,Respuesta,3,object-91,trial,,,,180,"<span style=""font-family: 'Courier New', Courier, monospace; font-size: 60px; color: black;"">cinco</span>",######,######,"<span style=""font-family: 'Courier New', Courier, monospace; font-size: 60px; color: black;"">C1NCO</span>",J,same,leet,incongruent_leet,5,3,C1NCO,,,,,
746,1791195617359,05/10/2026 10:20:17,1791195617359,2,05/10/2026 12:20:17,283162,5,task-biuv,,58572850,,16708144,,complete,,,computer,Desktop or Laptop,Windows 10,Firefox 102.0,3840x2160,3840x1838,,,0,UCL - tarea 1 ,6,Group1,spreadsheet1,spreadsheet1,179,trial,Blank,vybs3x,4,timedOut,,,501.0799999999581,499.9799999999814,501.0799999999581,501.0799999999581,499.9799999999814,501.0799999999581,1,0,0,,Time Limit,screen,0,screen,trial,,,,180,"<span style=""font-family: 'Courier New', Courier, monospace; font-size: 60px; color: black;"">cinco</span>",######,######,"<span style=""font-family: 'Courier New', Courier, monospace; font-size: 60px; color: black;"">C1NCO</span>",J,same,leet,incongruent_leet,5,3,C1NCO,,,,,
747,1791195617861,05/10/2026 10:20:17,1791195617861,2,05/10/2026 12:20:17,283162,5,task-biuv,,58572850,,16708144,,complete,,,computer,Desktop or Laptop,Windows 10,Firefox 102.0,3840x2160,3840x1838,,,0,UCL - tarea 1 ,6,Group1,spreadsheet1,spreadsheet1,180,trial,Fixation,w99rzd,1,continue,,,499.95999999996275,499.95999999996275,499.95999999996275,499.95999999996275,499.95999999996275,499.95999999996275,1,0,0,,Fixation Timing,Fixation Cross,1,object-125,trial,,,,174,"<span style=""font-family: 'Courier New', Courier, monospace; font-size: 60px; color: black;"">cinco</span>",######,######,"<span style=""font-family: 'Courier New', Courier, monospace; font-size: 60px; color: black;"">CINCO</span>",J,same,uppercase,baseline,5,3,CINCO,,,,,
748,1791195618160,05/10/2026 10:20:18,1791195618160,2,05/10/2026 12:20:18,283162,5,task-biuv,,58572850,,16708144,,complete,,,computer,Desktop or Laptop,Windows 10,Firefox 102.0,3840x2160,3840x1838,,,0,UCL - tarea 1 ,6,Group1,spreadsheet1,spreadsheet1,180,trial,Reference,m6fryy,2,timedOut,,,302.14000000001397,299.9799999999814,302.14000000001397,302.14000000001397,299.9799999999814,302.14000000001397,1,0,0,,Time Limit,screen,0,screen,trial,,,,174,"<span style=""font-family: 'Courier New', Courier, monospace; font-size: 60px; color: black;"">cinco</span>",######,######,"<span style=""font-family: 'Courier New', Courier, monospace; font-size: 60px; color: black;"">CINCO</span>",J,same,uppercase,baseline,5,3,CINCO,,,,,
749,1791195618687,05/10/2026 10:20:18,1791195618687,2,05/10/2026 12:20:18,283162,5,task-biuv,,58572850,,16708144,,complete,,,computer,Desktop or Laptop,Windows 10,Firefox 102.0,3840x2160,3840x1838,,,0,UCL - tarea 1 ,6,Group1,spreadsheet1,spreadsheet1,180,trial,Target,spx9cn,3,response,J,,529.1600000000326,516.640000000014,529.1600000000326,529.1600000000326,516.640000000014,529.1600000000326,1,0,0,,Keyboard Response,Respuesta,3,object-91,trial,,,,174,"<span style=""font-family: 'Courier New', Courier, monospace; font-size: 60px; color: black;"">cinco</span>",######,######,"<span style=""font-family: 'Courier New', Courier, monospace; font-size: 60px; color: black;"">CINCO</span>",J,same,uppercase,baseline,5,3,CINCO,,,,,
750,1791195619176,05/10/2026 10:20:19,1791195619176,2,05/10/2026 12:20:19,283162,5,task-biuv,,58572850,,16708144,,complete,,,computer,Desktop or Laptop,Windows 10,Firefox 102.0,3840x2160,3840x1838,,,0,UCL - tarea 1 ,6,Group1,spreadsheet1,spreadsheet1,180,trial,Blank,vybs3x,4,timedOut,,,501.5200000000186,499.9799999999814,501.5200000000186,501.5200000000186,499.9799999999814,501.5200000000186,1,0,0,,Time Limit,screen,0,screen,trial,,,,174,"<span style=""font-family: 'Courier New', Courier, monospace; font-size: 60px; color: black;"">cinco</span>",######,######,"<span style=""font-family: 'Courier New', Courier, monospace; font-size: 60px; color: black;"">CINCO</span>",J,same,uppercase,baseline,5,3,CINCO,,,,,
751,1791195621176,05/10/2026 10:20:21,1791195621176,2,05/10/2026 12:20:21,283162,5,task-biuv,,58572850,,16708144,,complete,,,computer,Desktop or Laptop,Windows 10,Firefox 102.0,3840x2160,3840x1838,,,0,UCL - tarea 1 ,6,Group1,spreadsheet1,spreadsheet1,3,Descanso,Descanso,1tm3p2,1,continue,,,1999.9199999999255,1983.2399999999907,1999.9199999999255,1999.9199999999255,1983.2399999999907,1999.9199999999255,1,0,0,,Click To Continue,Continue Button,2,object-322,Descanso,,,,,,,,,,,,,,,,,,,,
752,1791195622737,05/10/2026 10:20:22,1791195622737,2,05/10/2026 12:20:22,283162,5,task-biuv,,58572850,,16708144,,complete,,,computer,Desktop or Laptop,Windows 10,Firefox 102.0,3840x2160,3840x1838,,,0,UCL - tarea 1 ,6,Group1,spreadsheet1,spreadsheet1,3,Descanso,Recuerdo-instrucciones,1qq8ro,2,continue,,,1579.3000000000466,1566.5800000000745,1579.3000000000466,1579.3000000000466,1566.5800000000745,1579.3000000000466,1,0,0,,Click To Continue,Continue Button,2,object-326,Descanso,,,,,,,,,,,,,,,,,,,,
753,1791195623227,05/10/2026 10:20:23,1791195623227,2,05/10/2026 12:20:23,283162,5,task-biuv,,58572850,,16708144,,complete,,,computer,Desktop or Laptop,Windows 10,Firefox 102.0,3840x2160,3840x1838,,,0,UCL - tarea 1 ,6,Group1,spreadsheet1,spreadsheet1,181,trial,Fixation,w99rzd,1,continue,,,499.9799999999814,499.9799999999814,499.9799999999814,499.9799999999814,499.9799999999814,499.9799999999814,1,0,0,,Fixation Timing,Fixation Cross,1,object-125,trial,,,,63,"<span style=""font-family: 'Courier New', Courier, monospace; font-size: 60px; color: black;"">siete</span>",######,######,"<span style=""font-family: 'Courier New', Courier, monospace; font-size: 60px; color: black;"">CINCO</span>",F,different,uppercase,baseline,7,3,CINCO,,,,,
754,1791195623527,05/10/2026 10:20:23,1791195623527,2,05/10/2026 12:20:23,283162,5,task-biuv,,58572850,,16708144,,complete,,,computer,Desktop or Laptop,Windows 10,Firefox 102.0,3840x2160,3840x1838,,,0,UCL - tarea 1 ,6,Group1,spreadsheet1,spreadsheet1,181,trial,Reference,m6fryy,2,timedOut,,,302.7399999999907,299.9799999999814,302.7399999999907,302.7399999999907,299.9799999999814,302.7399999999907,1,0,0,,Time Limit,screen,0,screen,trial,,,,63,"<span style=""font-family: 'Courier New', Courier, monospace; font-size: 60px; color: black;"">siete</span>",######,######,"<span style=""font-family: 'Courier New', Courier, monospace; font-size: 60px; color: black;"">CINCO</span>",F,different,uppercase,baseline,7,3,CINCO,,,,,
755,1791195624143,05/10/2026 10:20:24,1791195624143,2,05/10/2026 12:20:24,283162,5,task-biuv,,58572850,,16708144,,complete,,,computer,Desktop or Laptop,Windows 10,Firefox 102.0,3840x2160,3840x1838,,,0,UCL - tarea 1 ,6,Group1,spreadsheet1,spreadsheet1,181,trial,Target,spx9cn,3,response,F,,616.6199999998789,599.9599999999627,616.6199999998789,616.6199999998789,599.9599999999627,616.6199999998789,1,0,0,,Keyboard Response,Respuesta,3,object-91,trial,,,,63,"<span style=""font-family: 'Courier New', Courier, monospace; font-size: 60px; color: black;"">siete</span>",######,######,"<span style=""font-family: 'Courier New', Courier, monospace; font-size: 60px; color: black;"">CINCO</span>",F,different,uppercase,baseline,7,3,CINCO,,,,,
756,1791195624626,05/10/2026 10:20:24,1791195624626,2,05/10/2026 12:20:24,283162,5,task-biuv,,58572850,,16708144,,complete,,,computer,Desktop or Laptop,Windows 10,Firefox 102.0,3840x2160,3840x1838,,,0,UCL - tarea 1 ,6,Group1,spreadsheet1,spreadsheet1,181,trial,Blank,vybs3x,4,timedOut,,,501.80000000004657,499.9800000000978,501.80000000004657,501.80000000004657,499.9800000000978,501.80000000004657,1,0,0,,Time Limit,screen,0,screen,trial,,,,63,"<span style=""font-family: 'Courier New', Courier, monospace; font-size: 60px; color: black;"">siete</span>",######,######,"<span style=""font-family: 'Courier New', Courier, monospace; font-size: 60px; color: black;"">CINCO</span>",F,different,uppercase,baseline,7,3,CINCO,,,,,
757,1791195625126,05/10/2026 10:20:25,1791195625126,2,05/10/2026 12:20:25,283162,5,task-biuv,,58572850,,16708144,,complete,,,computer,Desktop or Laptop,Windows 10,Firefox 102.0,3840x2160,3840x1838,,,0,UCL - tarea 1 ,6,Group1,spreadsheet1,spreadsheet1,182,trial,Fixation,w99rzd,1,continue,,,499.9799999999814,499.9799999999814,499.9799999999814,499.9799999999814,499.9799999999814,499.9799999999814,1,0,0,,Fixation Timing,Fixation Cross,1,object-125,trial,,,,189,"<span style=""font-family: 'Courier New', Courier, monospace; font-size: 60px; color: black;"">siete</span>",######,######,"<span style=""font-family: 'Courier New', Courier, monospace; font-size: 60px; color: black;"">C1NCO</span>",F,different,leet,incongruent_leet,7,3,C1NCO,,,,,
758,1791195625426,05/10/2026 10:20:25,1791195625426,2,05/10/2026 12:20:25,283162,5,task-biuv,,58572850,,16708144,,complete,,,computer,Desktop or Laptop,Windows 10,Firefox 102.0,3840x2160,3840x1838,,,0,UCL - tarea 1 ,6,Group1,spreadsheet1,spreadsheet1,182,trial,Reference,m6fryy,2,timedOut,,,301.8399999999674,299.9799999999814,301.8399999999674,301.8399999999674,299.9799999999814,301.8399999999674,1,0,0,,Time Limit,screen,0,screen,trial,,,,189,"<span style=""font-family: 'Courier New', Courier, monospace; font-size: 60px; color: black;"">siete</span>",######,######,"<span style=""font-family: 'Courier New', Courier, monospace; font-size: 60px; color: black;"">C1NCO</span>",F,different,leet,incongruent_leet,7,3,C1NCO,,,,,
759,1791195626016,05/10/2026 10:20:26,1791195626016,2,05/10/2026 12:20:26,283162,5,task-biuv,,58572850,,16708144,,complete,,,computer,Desktop or Laptop,Windows 10,Firefox 102.0,3840x2160,3840x1838,,,0,UCL - tarea 1 ,6,Group1,spreadsheet1,spreadsheet1,182,trial,Target,spx9cn,3,response,F,,591.859999999986,583.2999999999302,591.859999999986,591.859999999986,583.2999999999302,591.859999999986,1,0,0,,Keyboard Response,Respuesta,3,object-91,trial,,,,189,"<span style=""font-family: 'Courier New', Courier, monospace; font-size: 60px; color: black;"">siete</span>",######,######,"<span style=""font-family: 'Courier New', Courier, monospace; font-size: 60px; color: black;"">C1NCO</span>",F,different,leet,incongruent_leet,7,3,C1NCO,,,,,
760,1791195626509,05/10/2026 10:20:26,1791195626509,2,05/10/2026 12:20:26,283162,5,task-biuv,,58572850,,16708144,,complete,,,computer,Desktop or Laptop,Windows 10,Firefox 102.0,3840x2160,3840x1838,,,0,UCL - tarea 1 ,6,Group1,spreadsheet1,spreadsheet1,182,trial,Blank,vybs3x,4,timedOut,,,501.5600000000559,499.9800000000978,501.5600000000559,501.5600000000559,499.9800000000978,501.5600000000559,1,0,0,,Time Limit,screen,0,screen,trial,,,,189,"<span style=""font-family: 'Courier New', Courier, monospace; font-size: 60px; color: black;"">siete</span>",######,######,"<span style=""font-family: 'Courier New', Courier, monospace; font-size: 60px; color: black;"">C1NCO</span>",F,different,leet,incongruent_leet,7,3,C1NCO,,,,,
761,1791195627010,05/10/2026 10:20:27,1791195627010,2,05/10/2026 12:20:27,283162,5,task-biuv,,58572850,,16708144,,complete,,,computer,Desktop or Laptop,Windows 10,Firefox 102.0,3840x2160,3840x1838,,,0,UCL - tarea 1 ,6,Group1,spreadsheet1,spreadsheet1,183,trial,Fixation,w99rzd,1,continue,,,501.1799999999348,501.1799999999348,501.1799999999348,501.1799999999348,501.1799999999348,501.1799999999348,1,0,0,,Fixation Timing,Fixation Cross,1,object-125,trial,,,,183,"<span style=""font-family: 'Courier New', Courier, monospace; font-size: 60px; color: black;"">siete</span>",######,######,"<span style=""font-family: 'Courier New', Courier, monospace; font-size: 60px; color: black;"">CINCO</span>",F,different,uppercase,baseline,7,3,CINCO,,,,,
762,1791195627310,05/10/2026 10:20:27,1791195627310,2,05/10/2026 12:20:27,283162,5,task-biuv,,58572850,,16708144,,complete,,,computer,Desktop or Laptop,Windows 10,Firefox 102.0,3840x2160,3840x1838,,,0,UCL - tarea 1 ,6,Group1,spreadsheet1,spreadsheet1,183,trial,Reference,m6fryy,2,timedOut,,,301.4000000000233,299.94000000006054,301.4000000000233,301.4000000000233,299.94000000006054,301.4000000000233,1,0,0,,Time Limit,screen,0,screen,trial,,,,183,"<span style=""font-family: 'Courier New', Courier, monospace; font-size: 60px; color: black;"">siete</span>",######,######,"<span style=""font-family: 'Courier New', Courier, monospace; font-size: 60px; color: black;"">CINCO</span>",F,different,uppercase,baseline,7,3,CINCO,,,,,
763,1791195628009,05/10/2026 10:20:28,1791195628009,2,05/10/2026 12:20:28,283162,5,task-biuv,,58572850,,16708144,,complete,,,computer,Desktop or Laptop,Windows 10,Firefox 102.0,3840x2160,3840x1838,,,0,UCL - tarea 1 ,6,Group1,spreadsheet1,spreadsheet1,183,trial,Target,spx9cn,3,response,F,,699.4599999999627,683.2999999999302,699.4599999999627,699.4599999999627,683.2999999999302,699.4599999999627,1,0,0,,Keyboard Response,Respuesta,3,object-91,trial,,,,183,"<span style=""font-family: 'Courier New', Courier, monospace; font-size: 60px; color: black;"">siete</span>",######,######,"<span style=""font-family: 'Courier New', Courier, monospace; font-size: 60px; color: black;"">CINCO</span>",F,different,uppercase,baseline,7,3,CINCO,,,,,
764,1791195628493,05/10/2026 10:20:28,1791195628493,2,05/10/2026 12:20:28,283162,5,task-biuv,,58572850,,16708144,,complete,,,computer,Desktop or Laptop,Windows 10,Firefox 102.0,3840x2160,3840x1838,,,0,UCL - tarea 1 ,6,Group1,spreadsheet1,spreadsheet1,183,trial,Blank,vybs3x,4,timedOut,,,502.1600000000326,499.9799999999814,502.1600000000326,502.1600000000326,499.9799999999814,502.1600000000326,1,0,0,,Time Limit,screen,0,screen,trial,,,,183,"<span style=""font-family: 'Courier New', Courier, monospace; font-size: 60px; color: black;"">siete</span>",######,######,"<span style=""font-family: 'Courier New', Courier, monospace; font-size: 60px; color: black;"">CINCO</span>",F,different,uppercase,baseline,7,3,CINCO,,,,,
765,1791195628992,05/10/2026 10:20:28,1791195628992,2,05/10/2026 12:20:28,283162,5,task-biuv,,58572850,,16708144,,complete,,,computer,Desktop or Laptop,Windows 10,Firefox 102.0,3840x2160,3840x1838,,,0,UCL - tarea 1 ,6,Group1,spreadsheet1,spreadsheet1,184,trial,Fixation,w99rzd,1,continue,,,499.9800000000978,499.9800000000978,499.9800000000978,499.9800000000978,499.9800000000978,499.9800000000978,1,0,0,,Fixation Timing,Fixation Cross,1,object-125,trial,,,,181,"<span style=""font-family: 'Courier New', Courier, monospace; font-size: 60px; color: black;"">tres</span>",######,######,"<span style=""font-family: 'Courier New', Courier, monospace; font-size: 60px; color: black;"">SEIS</span>",F,different,uppercase,baseline,3,3,SEIS,,,,,
766,1791195629293,05/10/2026 10:20:29,1791195629293,2,05/10/2026 12:20:29,283162,5,task-biuv,,58572850,,16708144,,complete,,,computer,Desktop or Laptop,Windows 10,Firefox 102.0,3840x2160,3840x1838,,,0,UCL - tarea 1 ,6,Group1,spreadsheet1,spreadsheet1,184,trial,Reference,m6fryy,2,timedOut,,,301.19999999995343,299.9799999999814,301.19999999995343,301.19999999995343,299.9799999999814,301.19999999995343,1,0,0,,Time Limit,screen,0,screen,trial,,,,181,"<span style=""font-family: 'Courier New', Courier, monospace; font-size: 60px; color: black;"">tres</span>",######,######,"<span style=""font-family: 'Courier New', Courier, monospace; font-size: 60px; color: black;"">SEIS</span>",F,different,uppercase,baseline,3,3,SEIS,,,,,
767,1791195629941,05/10/2026 10:20:29,1791195629941,2,05/10/2026 12:20:29,283162,5,task-biuv,,58572850,,16708144,,complete,,,computer,Desktop or Laptop,Windows 10,Firefox 102.0,3840x2160,3840x1838,,,0,UCL - tarea 1 ,6,Group1,spreadsheet1,spreadsheet1,184,trial,Target,spx9cn,3,response,F,,649.2199999999721,633.2999999999302,649.2199999999721,649.2199999999721,633.2999999999302,649.2199999999721,1,0,0,,Keyboard Response,Respuesta,3,object-91,trial,,,,181,"<span style=""font-family: 'Courier New', Courier, monospace; font-size: 60px; color: black;"">tres</span>",######,######,"<span style=""font-family: 'Courier New', Courier, monospace; font-size: 60px; color: black;"">SEIS</span>",F,different,uppercase,baseline,3,3,SEIS,,,,,
768,1791195630426,05/10/2026 10:20:30,1791195630426,2,05/10/2026 12:20:30,283162,5,task-biuv,,58572850,,16708144,,complete,,,computer,Desktop or Laptop,Windows 10,Firefox 102.0,3840x2160,3840x1838,,,0,UCL - tarea 1 ,6,Group1,spreadsheet1,spreadsheet1,184,trial,Blank,vybs3x,4,timedOut,,,500.9200000000419,499.9800000000978,500.9200000000419,500.9200000000419,499.9800000000978,500.9200000000419,1,0,0,,Time Limit,screen,0,screen,trial,,,,181,"<span style=""font-family: 'Courier New', Courier, monospace; font-size: 60px; color: black;"">tres</span>",######,######,"<span style=""font-family: 'Courier New', Courier, monospace; font-size: 60px; color: black;"">SEIS</span>",F,different,uppercase,baseline,3,3,SEIS,,,,,
769,1791195630926,05/10/2026 10:20:30,1791195630926,2,05/10/2026 12:20:30,283162,5,task-biuv,,58572850,,16708144,,complete,,,computer,Desktop or Laptop,Windows 10,Firefox 102.0,3840x2160,3840x1838,,,0,UCL - tarea 1 ,6,Group1,spreadsheet1,spreadsheet1,185,trial,Fixation,w99rzd,1,continue,,,499.95999999996275,499.95999999996275,499.95999999996275,499.95999999996275,499.95999999996275,499.95999999996275,1,0,0,,Fixation Timing,Fixation Cross,1,object-125,trial,,,,172,"<span style=""font-family: 'Courier New', Courier, monospace; font-size: 60px; color: black;"">seis</span>",######,######,"<span style=""font-family: 'Courier New', Courier, monospace; font-size: 60px; color: black;"">SEIS</span>",J,same,uppercase,baseline,6,3,SEIS,,,,,
770,1791195631225,05/10/2026 10:20:31,1791195631225,2,05/10/2026 12:20:31,283162,5,task-biuv,,58572850,,16708144,,complete,,,computer,Desktop or Laptop,Windows 10,Firefox 102.0,3840x2160,3840x1838,,,0,UCL - tarea 1 ,6,Group1,spreadsheet1,spreadsheet1,185,trial,Reference,m6fryy,2,timedOut,,,300.9799999999814,299.9799999999814,300.9799999999814,300.9799999999814,299.9799999999814,300.9799999999814,1,0,0,,Time Limit,screen,0,screen,trial,,,,172,"<span style=""font-family: 'Courier New', Courier, monospace; font-size: 60px; color: black;"">seis</span>",######,######,"<span style=""font-family: 'Courier New', Courier, monospace; font-size: 60px; color: black;"">SEIS</span>",J,same,uppercase,baseline,6,3,SEIS,,,,,
771,1791195631823,05/10/2026 10:20:31,1791195631823,2,05/10/2026 12:20:31,283162,5,task-biuv,,58572850,,16708144,,complete,,,computer,Desktop or Laptop,Windows 10,Firefox 102.0,3840x2160,3840x1838,,,0,UCL - tarea 1 ,6,Group1,spreadsheet1,spreadsheet1,185,trial,Target,spx9cn,3,response,J,,598,583.3199999999488,598,598,583.3199999999488,598,1,0,0,,Keyboard Response,Respuesta,3,object-91,trial,,,,172,"<span style=""font-family: 'Courier New', Courier, monospace; font-size: 60px; color: black;"">seis</span>",######,######,"<span style=""font-family: 'Courier New', Courier, monospace; font-size: 60px; color: black;"">SEIS</span>",J,same,uppercase,baseline,6,3,SEIS,,,,,
772,1791195632309,05/10/2026 10:20:32,1791195632309,2,05/10/2026 12:20:32,283162,5,task-biuv,,58572850,,16708144,,complete,,,computer,Desktop or Laptop,Windows 10,Firefox 102.0,3840x2160,3840x1838,,,0,UCL - tarea 1 ,6,Group1,spreadsheet1,spreadsheet1,185,trial,Blank,vybs3x,4,timedOut,,,500.6800000000512,499.96000000007916,500.6800000000512,500.6800000000512,499.96000000007916,500.6800000000512,1,0,0,,Time Limit,screen,0,screen,trial,,,,172,"<span style=""font-family: 'Courier New', Courier, monospace; font-size: 60px; color: black;"">seis</span>",######,######,"<span style=""font-family: 'Courier New', Courier, monospace; font-size: 60px; color: black;"">SEIS</span>",J,same,uppercase,baseline,6,3,SEIS,,,,,
773,1791195632809,05/10/2026 10:20:32,1791195632809,2,05/10/2026 12:20:32,283162,5,task-biuv,,58572850,,16708144,,complete,,,computer,Desktop or Laptop,Windows 10,Firefox 102.0,3840x2160,3840x1838,,,0,UCL - tarea 1 ,6,Group1,spreadsheet1,spreadsheet1,186,trial,Fixation,w99rzd,1,continue,,,499.9799999999814,499.9799999999814,499.9799999999814,499.9799999999814,499.9799999999814,499.9799999999814,1,0,0,,Fixation Timing,Fixation Cross,1,object-125,trial,,,,65,"<span style=""font-family: 'Courier New', Courier, monospace; font-size: 60px; color: black;"">nueve</span>",######,######,"<span style=""font-family: 'Courier New', Courier, monospace; font-size: 60px; color: black;"">CUATRO</span>",F,different,uppercase,baseline,9,3,CUATRO,,,,,
774,1791195633110,05/10/2026 10:20:33,1791195633110,2,05/10/2026 12:20:33,283162,5,task-biuv,,58572850,,16708144,,complete,,,computer,Desktop or Laptop,Windows 10,Firefox 102.0,3840x2160,3840x1838,,,0,UCL - tarea 1 ,6,Group1,spreadsheet1,spreadsheet1,186,trial,Reference,m6fryy,2,timedOut,,,301.7399999999907,299.9799999999814,301.7399999999907,301.7399999999907,299.9799999999814,301.7399999999907,1,0,0,,Time Limit,screen,0,screen,trial,,,,65,"<span style=""font-family: 'Courier New', Courier, monospace; font-size: 60px; color: black;"">nueve</span>",######,######,"<span style=""font-family: 'Courier New', Courier, monospace; font-size: 60px; color: black;"">CUATRO</span>",F,different,uppercase,baseline,9,3,CUATRO,,,,,
775,1791195633702,05/10/2026 10:20:33,1791195633702,2,05/10/2026 12:20:33,283162,5,task-biuv,,58572850,,16708144,,complete,,,computer,Desktop or Laptop,Windows 10,Firefox 102.0,3840x2160,3840x1838,,,0,UCL - tarea 1 ,6,Group1,spreadsheet1,spreadsheet1,186,trial,Target,spx9cn,3,response,F,,593.7600000000093,583.3000000000466,593.7600000000093,593.7600000000093,583.3000000000466,593.7600000000093,1,0,0,,Keyboard Response,Respuesta,3,object-91,trial,,,,65,"<span style=""font-family: 'Courier New', Courier, monospace; font-size: 60px; color: black;"">nueve</span>",######,######,"<span style=""font-family: 'Courier New', Courier, monospace; font-size: 60px; color: black;"">CUATRO</span>",F,different,uppercase,baseline,9,3,CUATRO,,,,,
776,1791195634193,05/10/2026 10:20:34,1791195634193,2,05/10/2026 12:20:34,283162,5,task-biuv,,58572850,,16708144,,complete,,,computer,Desktop or Laptop,Windows 10,Firefox 102.0,3840x2160,3840x1838,,,0,UCL - tarea 1 ,6,Group1,spreadsheet1,spreadsheet1,186,trial,Blank,vybs3x,4,timedOut,,,502.45999999996275,499.9799999999814,502.45999999996275,502.45999999996275,499.9799999999814,502.45999999996275,1,0,0,,Time Limit,screen,0,screen,trial,,,,65,"<span style=""font-family: 'Courier New', Courier, monospace; font-size: 60px; color: black;"">nueve</span>",######,######,"<span style=""font-family: 'Courier New', Courier, monospace; font-size: 60px; color: black;"">CUATRO</span>",F,different,uppercase,baseline,9,3,CUATRO,,,,,
777,1791195634692,05/10/2026 10:20:34,1791195634692,2,05/10/2026 12:20:34,283162,5,task-biuv,,58572850,,16708144,,complete,,,computer,Desktop or Laptop,Windows 10,Firefox 102.0,3840x2160,3840x1838,,,0,UCL - tarea 1 ,6,Group1,spreadsheet1,spreadsheet1,187,trial,Fixation,w99rzd,1,continue,,,499.9799999999814,499.9799999999814,499.9799999999814,499.9799999999814,499.9799999999814,499.9799999999814,1,0,0,,Fixation Timing,Fixation Cross,1,object-125,trial,,,,50,"<span style=""font-family: 'Courier New', Courier, monospace; font-size: 60px; color: black;"">cuatro</span>",######,######,"<span style=""font-family: 'Courier New', Courier, monospace; font-size: 60px; color: black;"">CU4TRO</span>",J,same,leet,congruent_leet,4,3,CU4TRO,,,,,
778,1791195634993,05/10/2026 10:20:34,1791195634993,2,05/10/2026 12:20:34,283162,5,task-biuv,,58572850,,16708144,,complete,,,computer,Desktop or Laptop,Windows 10,Firefox 102.0,3840x2160,3840x1838,,,0,UCL - tarea 1 ,6,Group1,spreadsheet1,spreadsheet1,187,trial,Reference,m6fryy,2,timedOut,,,301.5,299.9799999999814,301.5,301.5,299.9799999999814,301.5,1,0,0,,Time Limit,screen,0,screen,trial,,,,50,"<span style=""font-family: 'Courier New', Courier, monospace; font-size: 60px; color: black;"">cuatro</span>",######,######,"<span style=""font-family: 'Courier New', Courier, monospace; font-size: 60px; color: black;"">CU4TRO</span>",J,same,leet,congruent_leet,4,3,CU4TRO,,,,,
779,1791195635678,05/10/2026 10:20:35,1791195635678,2,05/10/2026 12:20:35,283162,5,task-biuv,,58572850,,16708144,,complete,,,computer,Desktop or Laptop,Windows 10,Firefox 102.0,3840x2160,3840x1838,,,0,UCL - tarea 1 ,6,Group1,spreadsheet1,spreadsheet1,187,trial,Target,spx9cn,3,response,J,,685.5200000000186,683.3000000000466,685.5200000000186,685.5200000000186,683.3000000000466,685.5200000000186,1,0,0,,Keyboard Response,Respuesta,3,object-91,trial,,,,50,"<span style=""font-family: 'Courier New', Courier, monospace; font-size: 60px; color: black;"">cuatro</span>",######,######,"<span style=""font-family: 'Courier New', Courier, monospace; font-size: 60px; color: black;"">CU4TRO</span>",J,same,leet,congruent_leet,4,3,CU4TRO,,,,,
780,1791195636176,05/10/2026 10:20:36,1791195636176,2,05/10/2026 12:20:36,283162,5,task-biuv,,58572850,,16708144,,complete,,,computer,Desktop or Laptop,Windows 10,Firefox 102.0,3840x2160,3840x1838,,,0,UCL - tarea 1 ,6,Group1,spreadsheet1,spreadsheet1,187,trial,Blank,vybs3x,4,timedOut,,,501.21999999997206,499.9799999999814,501.21999999997206,501.21999999997206,499.9799999999814,501.21999999997206,1,0,0,,Time Limit,screen,0,screen,trial,,,,50,"<span style=""font-family: 'Courier New', Courier, monospace; font-size: 60px; color: black;"">cuatro</span>",######,######,"<span style=""font-family: 'Courier New', Courier, monospace; font-size: 60px; color: black;"">CU4TRO</span>",J,same,leet,congruent_leet,4,3,CU4TRO,,,,,
781,1791195636676,05/10/2026 10:20:36,1791195636676,2,05/10/2026 12:20:36,283162,5,task-biuv,,58572850,,16708144,,complete,,,computer,Desktop or Laptop,Windows 10,Firefox 102.0,3840x2160,3840x1838,,,0,UCL - tarea 1 ,6,Group1,spreadsheet1,spreadsheet1,188,trial,Fixation,w99rzd,1,continue,,,499.95999999996275,499.95999999996275,499.95999999996275,499.95999999996275,499.95999999996275,499.95999999996275,1,0,0,,Fixation Timing,Fixation Cross,1,object-125,trial,,,,56,"<span style=""font-family: 'Courier New', Courier, monospace; font-size: 60px; color: black;"">cuatro</span>",######,######,"<span style=""font-family: 'Courier New', Courier, monospace; font-size: 60px; color: black;"">CUATRO</span>",J,same,uppercase,baseline,4,3,CUATRO,,,,,
782,1791195636976,05/10/2026 10:20:36,1791195636976,2,05/10/2026 12:20:36,283162,5,task-biuv,,58572850,,16708144,,complete,,,computer,Desktop or Laptop,Windows 10,Firefox 102.0,3840x2160,3840x1838,,,0,UCL - tarea 1 ,6,Group1,spreadsheet1,spreadsheet1,188,trial,Reference,m6fryy,2,timedOut,,,300.28000000002794,299.9799999999814,300.28000000002794,300.28000000002794,299.9799999999814,300.28000000002794,1,0,0,,Time Limit,screen,0,screen,trial,,,,56,"<span style=""font-family: 'Courier New', Courier, monospace; font-size: 60px; color: black;"">cuatro</span>",######,######,"<span style=""font-family: 'Courier New', Courier, monospace; font-size: 60px; color: black;"">CUATRO</span>",J,same,uppercase,baseline,4,3,CUATRO,,,,,
783,1791195637430,05/10/2026 10:20:37,1791195637430,2,05/10/2026 12:20:37,283162,5,task-biuv,,58572850,,16708144,,complete,,,computer,Desktop or Laptop,Windows 10,Firefox 102.0,3840x2160,3840x1838,,,0,UCL - tarea 1 ,6,Group1,spreadsheet1,spreadsheet1,188,trial,Target,spx9cn,3,response,J,,456.30000000004657,449.9800000000978,456.30000000004657,456.30000000004657,449.9800000000978,456.30000000004657,1,0,0,,Keyboard Response,Respuesta,3,object-91,trial,,,,56,"<span style=""font-family: 'Courier New', Courier, monospace; font-size: 60px; color: black;"">cuatro</span>",######,######,"<span style=""font-family: 'Courier New', Courier, monospace; font-size: 60px; color: black;"">CUATRO</span>",J,same,uppercase,baseline,4,3,CUATRO,,,,,
784,1791195637926,05/10/2026 10:20:37,1791195637926,2,05/10/2026 12:20:37,283162,5,task-biuv,,58572850,,16708144,,complete,,,computer,Desktop or Laptop,Windows 10,Firefox 102.0,3840x2160,3840x1838,,,0,UCL - tarea 1 ,6,Group1,spreadsheet1,spreadsheet1,188,trial,Blank,vybs3x,4,timedOut,,,501.3199999999488,499.9799999999814,501.3199999999488,501.3199999999488,499.9799999999814,501.3199999999488,1,0,0,,Time Limit,screen,0,screen,trial,,,,56,"<span style=""font-family: 'Courier New', Courier, monospace; font-size: 60px; color: black;"">cuatro</span>",######,######,"<span style=""font-family: 'Courier New', Courier, monospace; font-size: 60px; color: black;"">CUATRO</span>",J,same,uppercase,baseline,4,3,CUATRO,,,,,
785,1791195638427,05/10/2026 10:20:38,1791195638427,2,05/10/2026 12:20:38,283162,5,task-biuv,,58572850,,16708144,,complete,,,computer,Desktop or Laptop,Windows 10,Firefox 102.0,3840x2160,3840x1838,,,0,UCL - tarea 1 ,6,Group1,spreadsheet1,spreadsheet1,189,trial,Fixation,w99rzd,1,continue,,,499.9799999999814,499.9799999999814,499.9799999999814,499.9799999999814,499.9799999999814,499.9799999999814,1,0,0,,Fixation Timing,Fixation Cross,1,object-125,trial,,,,61,"<span style=""font-family: 'Courier New', Courier, monospace; font-size: 60px; color: black;"">tres</span>",######,######,"<span style=""font-family: 'Courier New', Courier, monospace; font-size: 60px; color: black;"">SEIS</span>",F,different,uppercase,baseline,3,3,SEIS,,,,,
786,1791195638727,05/10/2026 10:20:38,1791195638727,2,05/10/2026 12:20:38,283162,5,task-biuv,,58572850,,16708144,,complete,,,computer,Desktop or Laptop,Windows 10,Firefox 102.0,3840x2160,3840x1838,,,0,UCL - tarea 1 ,6,Group1,spreadsheet1,spreadsheet1,189,trial,Reference,m6fryy,2,timedOut,,,301.35999999998603,299.9799999999814,301.35999999998603,301.35999999998603,299.9799999999814,301.35999999998603,1,0,0,,Time Limit,screen,0,screen,trial,,,,61,"<span style=""font-family: 'Courier New', Courier, monospace; font-size: 60px; color: black;"">tres</span>",######,######,"<span style=""font-family: 'Courier New', Courier, monospace; font-size: 60px; color: black;"">SEIS</span>",F,different,uppercase,baseline,3,3,SEIS,,,,,
787,1791195639351,05/10/2026 10:20:39,1791195639351,2,05/10/2026 12:20:39,283162,5,task-biuv,,58572850,,16708144,,complete,,,computer,Desktop or Laptop,Windows 10,Firefox 102.0,3840x2160,3840x1838,,,0,UCL - tarea 1 ,6,Group1,spreadsheet1,spreadsheet1,189,trial,Target,spx9cn,3,response,F,,626.3800000000047,616.640000000014,626.3800000000047,626.3800000000047,616.640000000014,626.3800000000047,1,0,0,,Keyboard Response,Respuesta,3,object-91,trial,,,,61,"<span style=""font-family: 'Courier New', Courier, monospace; font-size: 60px; color: black;"">tres</span>",######,######,"<span style=""font-family: 'Courier New', Courier, monospace; font-size: 60px; color: black;"">SEIS</span>",F,different,uppercase,baseline,3,3,SEIS,,,,,
788,1791195639843,05/10/2026 10:20:39,1791195639843,2,05/10/2026 12:20:39,283162,5,task-biuv,,58572850,,16708144,,complete,,,computer,Desktop or Laptop,Windows 10,Firefox 102.0,3840x2160,3840x1838,,,0,UCL - tarea 1 ,6,Group1,spreadsheet1,spreadsheet1,189,trial,Blank,vybs3x,4,timedOut,,,502.7399999999907,499.95999999996275,502.7399999999907,502.7399999999907,499.95999999996275,502.7399999999907,1,0,0,,Time Limit,screen,0,screen,trial,,,,61,"<span style=""font-family: 'Courier New', Courier, monospace; font-size: 60px; color: black;"">tres</span>",######,######,"<span style=""font-family: 'Courier New', Courier, monospace; font-size: 60px; color: black;"">SEIS</span>",F,different,uppercase,baseline,3,3,SEIS,,,,,
789,1791195640344,05/10/2026 10:20:40,1791195640344,2,05/10/2026 12:20:40,283162,5,task-biuv,,58572850,,16708144,,complete,,,computer,Desktop or Laptop,Windows 10,Firefox 102.0,3840x2160,3840x1838,,,0,UCL - tarea 1 ,6,Group1,spreadsheet1,spreadsheet1,190,trial,Fixation,w99rzd,1,continue,,,499.9799999999814,499.9799999999814,499.9799999999814,499.9799999999814,499.9799999999814,499.9799999999814,1,0,0,,Fixation Timing,Fixation Cross,1,object-125,trial,,,,188,"<span style=""font-family: 'Courier New', Courier, monospace; font-size: 60px; color: black;"">cuatro</span>",######,######,"<span style=""font-family: 'Courier New', Courier, monospace; font-size: 60px; color: black;"">NUEVE</span>",F,different,uppercase,baseline,4,3,NUEVE,,,,,
790,1791195640643,05/10/2026 10:20:40,1791195640643,2,05/10/2026 12:20:40,283162,5,task-biuv,,58572850,,16708144,,complete,,,computer,Desktop or Laptop,Windows 10,Firefox 102.0,3840x2160,3840x1838,,,0,UCL - tarea 1 ,6,Group1,spreadsheet1,spreadsheet1,190,trial,Reference,m6fryy,2,timedOut,,,301.80000000004657,299.9800000000978,301.80000000004657,301.80000000004657,299.9800000000978,301.80000000004657,1,0,0,,Time Limit,screen,0,screen,trial,,,,188,"<span style=""font-family: 'Courier New', Courier, monospace; font-size: 60px; color: black;"">cuatro</span>",######,######,"<span style=""font-family: 'Courier New', Courier, monospace; font-size: 60px; color: black;"">NUEVE</span>",F,different,uppercase,baseline,4,3,NUEVE,,,,,
791,1791195641200,05/10/2026 10:20:41,1791195641200,2,05/10/2026 12:20:41,283162,5,task-biuv,,58572850,,16708144,,complete,,,computer,Desktop or Laptop,Windows 10,Firefox 102.0,3840x2160,3840x1838,,,0,UCL - tarea 1 ,6,Group1,spreadsheet1,spreadsheet1,190,trial,Target,spx9cn,3,response,F,,558.8199999999488,549.9799999999814,558.8199999999488,558.8199999999488,549.9799999999814,558.8199999999488,1,0,0,,Keyboard Response,Respuesta,3,object-91,trial,,,,188,"<span style=""font-family: 'Courier New', Courier, monospace; font-size: 60px; color: black;"">cuatro</span>",######,######,"<span style=""font-family: 'Courier New', Courier, monospace; font-size: 60px; color: black;"">NUEVE</span>",F,different,uppercase,baseline,4,3,NUEVE,,,,,
792,1791195641693,05/10/2026 10:20:41,1791195641693,2,05/10/2026 12:20:41,283162,5,task-biuv,,58572850,,16708144,,complete,,,computer,Desktop or Laptop,Windows 10,Firefox 102.0,3840x2160,3840x1838,,,0,UCL - tarea 1 ,6,Group1,spreadsheet1,spreadsheet1,190,trial,Blank,vybs3x,4,timedOut,,,502.8399999999674,499.9799999999814,502.8399999999674,502.8399999999674,499.9799999999814,502.8399999999674,1,0,0,,Time Limit,screen,0,screen,trial,,,,188,"<span style=""font-family: 'Courier New', Courier, monospace; font-size: 60px; color: black;"">cuatro</span>",######,######,"<span style=""font-family: 'Courier New', Courier, monospace; font-size: 60px; color: black;"">NUEVE</span>",F,different,uppercase,baseline,4,3,NUEVE,,,,,
793,1791195642193,05/10/2026 10:20:42,1791195642193,2,05/10/2026 12:20:42,283162,5,task-biuv,,58572850,,16708144,,complete,,,computer,Desktop or Laptop,Windows 10,Firefox 102.0,3840x2160,3840x1838,,,0,UCL - tarea 1 ,6,Group1,spreadsheet1,spreadsheet1,191,trial,Fixation,w99rzd,1,continue,,,499.95999999996275,499.95999999996275,499.95999999996275,499.95999999996275,499.95999999996275,499.95999999996275,1,0,0,,Fixation Timing,Fixation Cross,1,object-125,trial,,,,186,"<span style=""font-family: 'Courier New', Courier, monospace; font-size: 60px; color: black;"">cinco</span>",######,######,"<span style=""font-family: 'Courier New', Courier, monospace; font-size: 60px; color: black;"">SIE7E</span>",F,different,leet,congruent_leet,5,3,SIE7E,,,,,
794,1791195642493,05/10/2026 10:20:42,1791195642493,2,05/10/2026 12:20:42,283162,5,task-biuv,,58572850,,16708144,,complete,,,computer,Desktop or Laptop,Windows 10,Firefox 102.0,3840x2160,3840x1838,,,0,UCL - tarea 1 ,6,Group1,spreadsheet1,spreadsheet1,191,trial,Reference,m6fryy,2,timedOut,,,301.9000000000233,299.9799999999814,301.9000000000233,301.9000000000233,299.9799999999814,301.9000000000233,1,0,0,,Time Limit,screen,0,screen,trial,,,,186,"<span style=""font-family: 'Courier New', Courier, monospace; font-size: 60px; color: black;"">cinco</span>",######,######,"<span style=""font-family: 'Courier New', Courier, monospace; font-size: 60px; color: black;"">SIE7E</span>",F,different,leet,congruent_leet,5,3,SIE7E,,,,,
795,1791195643224,05/10/2026 10:20:43,1791195643224,2,05/10/2026 12:20:43,283162,5,task-biuv,,58572850,,16708144,,complete,,,computer,Desktop or Laptop,Windows 10,Firefox 102.0,3840x2160,3840x1838,,,0,UCL - tarea 1 ,6,Group1,spreadsheet1,spreadsheet1,191,trial,Target,spx9cn,3,response,F,,732.9200000000419,716.640000000014,732.9200000000419,732.9200000000419,716.640000000014,732.9200000000419,1,0,0,,Keyboard Response,Respuesta,3,object-91,trial,,,,186,"<span style=""font-family: 'Courier New', Courier, monospace; font-size: 60px; color: black;"">cinco</span>",######,######,"<span style=""font-family: 'Courier New', Courier, monospace; font-size: 60px; color: black;"">SIE7E</span>",F,different,leet,congruent_leet,5,3,SIE7E,,,,,
796,1791195643709,05/10/2026 10:20:43,1791195643709,2,05/10/2026 12:20:43,283162,5,task-biuv,,58572850,,16708144,,complete,,,computer,Desktop or Laptop,Windows 10,Firefox 102.0,3840x2160,3840x1838,,,0,UCL - tarea 1 ,6,Group1,spreadsheet1,spreadsheet1,191,trial,Blank,vybs3x,4,timedOut,,,501.28000000002794,499.9799999999814,501.28000000002794,501.28000000002794,499.9799999999814,501.28000000002794,1,0,0,,Time Limit,screen,0,screen,trial,,,,186,"<span style=""font-family: 'Courier New', Courier, monospace; font-size: 60px; color: black;"">cinco</span>",######,######,"<span style=""font-family: 'Courier New', Courier, monospace; font-size: 60px; color: black;"">SIE7E</span>",F,different,leet,congruent_leet,5,3,SIE7E,,,,,
797,1791195644209,05/10/2026 10:20:44,1791195644209,2,05/10/2026 12:20:44,283162,5,task-biuv,,58572850,,16708144,,complete,,,computer,Desktop or Laptop,Windows 10,Firefox 102.0,3840x2160,3840x1838,,,0,UCL - tarea 1 ,6,Group1,spreadsheet1,spreadsheet1,192,trial,Fixation,w99rzd,1,continue,,,499.96000000007916,499.96000000007916,499.96000000007916,499.96000000007916,499.96000000007916,499.96000000007916,1,0,0,,Fixation Timing,Fixation Cross,1,object-125,trial,,,,171,"<span style=""font-family: 'Courier New', Courier, monospace; font-size: 60px; color: black;"">siete</span>",######,######,"<span style=""font-family: 'Courier New', Courier, monospace; font-size: 60px; color: black;"">SIE7E</span>",J,same,leet,congruent_leet,7,3,SIE7E,,,,,
798,1791195644510,05/10/2026 10:20:44,1791195644510,2,05/10/2026 12:20:44,283162,5,task-biuv,,58572850,,16708144,,complete,,,computer,Desktop or Laptop,Windows 10,Firefox 102.0,3840x2160,3840x1838,,,0,UCL - tarea 1 ,6,Group1,spreadsheet1,spreadsheet1,192,trial,Reference,m6fryy,2,timedOut,,,302.3399999999674,300,302.3399999999674,302.3399999999674,300,302.3399999999674,1,0,0,,Time Limit,screen,0,screen,trial,,,,171,"<span style=""font-family: 'Courier New', Courier, monospace; font-size: 60px; color: black;"">siete</span>",######,######,"<span style=""font-family: 'Courier New', Courier, monospace; font-size: 60px; color: black;"">SIE7E</span>",J,same,leet,congruent_leet,7,3,SIE7E,,,,,
799,1791195645240,05/10/2026 10:20:45,1791195645240,2,05/10/2026 12:20:45,283162,5,task-biuv,,58572850,,16708144,,complete,,,computer,Desktop or Laptop,Windows 10,Firefox 102.0,3840x2160,3840x1838,,,0,UCL - tarea 1 ,6,Group1,spreadsheet1,spreadsheet1,192,trial,Target,spx9cn,3,response,J,,732.3399999999674,716.6199999999953,732.3399999999674,732.3399999999674,716.6199999999953,732.3399999999674,1,0,0,,Keyboard Response,Respuesta,3,object-91,trial,,,,171,"<span style=""font-family: 'Courier New', Courier, monospace; font-size: 60px; color: black;"">siete</span>",######,######,"<span style=""font-family: 'Courier New', Courier, monospace; font-size: 60px; color: black;"">SIE7E</span>",J,same,leet,congruent_leet,7,3,SIE7E,,,,,
800,1791195645725,05/10/2026 10:20:45,1791195645725,2,05/10/2026 12:20:45,283162,5,task-biuv,,58572850,,16708144,,complete,,,computer,Desktop or Laptop,Windows 10,Firefox 102.0,3840x2160,3840x1838,,,0,UCL - tarea 1 ,6,Group1,spreadsheet1,spreadsheet1,192,trial,Blank,vybs3x,4,timedOut,,,501.71999999997206,499.9799999999814,501.71999999997206,501.71999999997206,499.9799999999814,501.71999999997206,1,0,0,,Time Limit,screen,0,screen,trial,,,,171,"<span style=""font-family: 'Courier New', Courier, monospace; font-size: 60px; color: black;"">siete</span>",######,######,"<span style=""font-family: 'Courier New', Courier, monospace; font-size: 60px; color: black;"">SIE7E</span>",J,same,leet,congruent_leet,7,3,SIE7E,,,,,
801,1791195646226,05/10/2026 10:20:46,1791195646226,2,05/10/2026 12:20:46,283162,5,task-biuv,,58572850,,16708144,,complete,,,computer,Desktop or Laptop,Windows 10,Firefox 102.0,3840x2160,3840x1838,,,0,UCL - tarea 1 ,6,Group1,spreadsheet1,spreadsheet1,193,trial,Fixation,w99rzd,1,continue,,,499.95999999996275,499.95999999996275,499.95999999996275,499.95999999996275,499.95999999996275,499.95999999996275,1,0,0,,Fixation Timing,Fixation Cross,1,object-125,trial,,,,203,"<span style=""font-family: 'Courier New', Courier, monospace; font-size: 60px; color: black;"">nueve</span>",######,######,"<span style=""font-family: 'Courier New', Courier, monospace; font-size: 60px; color: black;"">CU4TRO</span>",F,different,leet,congruent_leet,9,4,CU4TRO,,,,,
802,1791195646526,05/10/2026 10:20:46,1791195646526,2,05/10/2026 12:20:46,283162,5,task-biuv,,58572850,,16708144,,complete,,,computer,Desktop or Laptop,Windows 10,Firefox 102.0,3840x2160,3840x1838,,,0,UCL - tarea 1 ,6,Group1,spreadsheet1,spreadsheet1,193,trial,Reference,m6fryy,2,timedOut,,,301.78000000002794,300,301.78000000002794,301.78000000002794,300,301.78000000002794,1,0,0,,Time Limit,screen,0,screen,trial,,,,203,"<span style=""font-family: 'Courier New', Courier, monospace; font-size: 60px; color: black;"">nueve</span>",######,######,"<span style=""font-family: 'Courier New', Courier, monospace; font-size: 60px; color: black;"">CU4TRO</span>",F,different,leet,congruent_leet,9,4,CU4TRO,,,,,
803,1791195647366,05/10/2026 10:20:47,1791195647366,2,05/10/2026 12:20:47,283162,5,task-biuv,,58572850,,16708144,,complete,,,computer,Desktop or Laptop,Windows 10,Firefox 102.0,3840x2160,3840x1838,,,0,UCL - tarea 1 ,6,Group1,spreadsheet1,spreadsheet1,193,trial,Target,spx9cn,3,response,J,,842.7800000000279,833.2800000000279,842.7800000000279,842.7800000000279,833.2800000000279,842.7800000000279,0,0,0,,Keyboard Response,Respuesta,3,object-91,trial,,,,203,"<span style=""font-family: 'Courier New', Courier, monospace; font-size: 60px; color: black;"">nueve</span>",######,######,"<span style=""font-family: 'Courier New', Courier, monospace; font-size: 60px; color: black;"">CU4TRO</span>",F,different,leet,congruent_leet,9,4,CU4TRO,,,,,
804,1791195647859,05/10/2026 10:20:47,1791195647859,2,05/10/2026 12:20:47,283162,5,task-biuv,,58572850,,16708144,,complete,,,computer,Desktop or Laptop,Windows 10,Firefox 102.0,3840x2160,3840x1838,,,0,UCL - tarea 1 ,6,Group1,spreadsheet1,spreadsheet1,193,trial,Blank,vybs3x,4,timedOut,,,502.5,499.9799999999814,502.5,502.5,499.9799999999814,502.5,1,0,0,,Time Limit,screen,0,screen,trial,,,,203,"<span style=""font-family: 'Courier New', Courier, monospace; font-size: 60px; color: black;"">nueve</span>",######,######,"<span style=""font-family: 'Courier New', Courier, monospace; font-size: 60px; color: black;"">CU4TRO</span>",F,different,leet,congruent_leet,9,4,CU4TRO,,,,,
805,1791195648360,05/10/2026 10:20:48,1791195648360,2,05/10/2026 12:20:48,283162,5,task-biuv,,58572850,,16708144,,complete,,,computer,Desktop or Laptop,Windows 10,Firefox 102.0,3840x2160,3840x1838,,,0,UCL - tarea 1 ,6,Group1,spreadsheet1,spreadsheet1,194,trial,Fixation,w99rzd,1,continue,,,499.9799999999814,499.9799999999814,499.9799999999814,499.9799999999814,499.9799999999814,499.9799999999814,1,0,0,,Fixation Timing,Fixation Cross,1,object-125,trial,,,,76,"<span style=""font-family: 'Courier New', Courier, monospace; font-size: 60px; color: black;"">seis</span>",######,######,"<span style=""font-family: 'Courier New', Courier, monospace; font-size: 60px; color: black;"">SEIS</span>",J,same,uppercase,baseline,6,4,SEIS,,,,,
806,1791195648660,05/10/2026 10:20:48,1791195648660,2,05/10/2026 12:20:48,283162,5,task-biuv,,58572850,,16708144,,complete,,,computer,Desktop or Laptop,Windows 10,Firefox 102.0,3840x2160,3840x1838,,,0,UCL - tarea 1 ,6,Group1,spreadsheet1,spreadsheet1,194,trial,Reference,m6fryy,2,timedOut,,,302.54000000003725,299.9799999999814,302.54000000003725,302.54000000003725,299.9799999999814,302.54000000003725,1,0,0,,Time Limit,screen,0,screen,trial,,,,76,"<span style=""font-family: 'Courier New', Courier, monospace; font-size: 60px; color: black;"">seis</span>",######,######,"<span style=""font-family: 'Courier New', Courier, monospace; font-size: 60px; color: black;"">SEIS</span>",J,same,uppercase,baseline,6,4,SEIS,,,,,
807,1791195650659,05/10/2026 10:20:50,1791195650659,2,05/10/2026 12:20:50,283162,5,task-biuv,,58572850,,16708144,,complete,,,computer,Desktop or Laptop,Windows 10,Firefox 102.0,3840x2160,3840x1838,,,0,UCL - tarea 1 ,6,Group1,spreadsheet1,spreadsheet1,194,trial,Target,spx9cn,3,response,Timeout,,1999.9000000000233,1999.9000000000233,1999.9000000000233,1999.9000000000233,1999.9000000000233,1999.9000000000233,0,0,0,,Time Limit,screen,0,screen,trial,,,,76,"<span style=""font-family: 'Courier New', Courier, monospace; font-size: 60px; color: black;"">seis</span>",######,######,"<span style=""font-family: 'Courier New', Courier, monospace; font-size: 60px; color: black;"">SEIS</span>",J,same,uppercase,baseline,6,4,SEIS,,,,,
808,1791195651159,05/10/2026 10:20:51,1791195651159,2,05/10/2026 12:20:51,283162,5,task-biuv,,58572850,,16708144,,complete,,,computer,Desktop or Laptop,Windows 10,Firefox 102.0,3840x2160,3840x1838,,,0,UCL - tarea 1 ,6,Group1,spreadsheet1,spreadsheet1,194,trial,Blank,vybs3x,4,timedOut,,,502.6600000000326,499.96000000007916,502.6600000000326,502.6600000000326,499.96000000007916,502.6600000000326,1,0,0,,Time Limit,screen,0,screen,trial,,,,76,"<span style=""font-family: 'Courier New', Courier, monospace; font-size: 60px; color: black;"">seis</span>",######,######,"<span style=""font-family: 'Courier New', Courier, monospace; font-size: 60px; color: black;"">SEIS</span>",J,same,uppercase,baseline,6,4,SEIS,,,,,
809,1791195651660,05/10/2026 10:20:51,1791195651660,2,05/10/2026 12:20:51,283162,5,task-biuv,,58572850,,16708144,,complete,,,computer,Desktop or Laptop,Windows 10,Firefox 102.0,3840x2160,3840x1838,,,0,UCL - tarea 1 ,6,Group1,spreadsheet1,spreadsheet1,195,trial,Fixation,w99rzd,1,continue,,,499.9799999999814,499.9799999999814,499.9799999999814,499.9799999999814,499.9799999999814,499.9799999999814,1,0,0,,Fixation Timing,Fixation Cross,1,object-125,trial,,,,84,"<span style=""font-family: 'Courier New', Courier, monospace; font-size: 60px; color: black;"">cinco</span>",######,######,"<span style=""font-family: 'Courier New', Courier, monospace; font-size: 60px; color: black;"">C1NCO</span>",J,same,leet,incongruent_leet,5,4,C1NCO,,,,,
810,1791195651960,05/10/2026 10:20:51,1791195651960,2,05/10/2026 12:20:51,283162,5,task-biuv,,58572850,,16708144,,complete,,,computer,Desktop or Laptop,Windows 10,Firefox 102.0,3840x2160,3840x1838,,,0,UCL - tarea 1 ,6,Group1,spreadsheet1,spreadsheet1,195,trial,Reference,m6fryy,2,timedOut,,,301.71999999997206,299.9799999999814,301.71999999997206,301.71999999997206,299.9799999999814,301.71999999997206,1,0,0,,Time Limit,screen,0,screen,trial,,,,84,"<span style=""font-family: 'Courier New', Courier, monospace; font-size: 60px; color: black;"">cinco</span>",######,######,"<span style=""font-family: 'Courier New', Courier, monospace; font-size: 60px; color: black;"">C1NCO</span>",J,same,leet,incongruent_leet,5,4,C1NCO,,,,,
811,1791195652575,05/10/2026 10:20:52,1791195652575,2,05/10/2026 12:20:52,283162,5,task-biuv,,58572850,,16708144,,complete,,,computer,Desktop or Laptop,Windows 10,Firefox 102.0,3840x2160,3840x1838,,,0,UCL - tarea 1 ,6,Group1,spreadsheet1,spreadsheet1,195,trial,Target,spx9cn,3,response,J,,617.7399999999907,601.1999999999534,617.7399999999907,617.7399999999907,601.1999999999534,617.7399999999907,1,0,0,,Keyboard Response,Respuesta,3,object-91,trial,,,,84,"<span style=""font-family: 'Courier New', Courier, monospace; font-size: 60px; color: black;"">cinco</span>",######,######,"<span style=""font-family: 'Courier New', Courier, monospace; font-size: 60px; color: black;"">C1NCO</span>",J,same,leet,incongruent_leet,5,4,C1NCO,,,,,
812,1791195653059,05/10/2026 10:20:53,1791195653059,2,05/10/2026 12:20:53,283162,5,task-biuv,,58572850,,16708144,,complete,,,computer,Desktop or Laptop,Windows 10,Firefox 102.0,3840x2160,3840x1838,,,0,UCL - tarea 1 ,6,Group1,spreadsheet1,spreadsheet1,195,trial,Blank,vybs3x,4,timedOut,,,500.54000000003725,499.96000000007916,500.54000000003725,500.54000000003725,499.96000000007916,500.54000000003725,1,0,0,,Time Limit,screen,0,screen,trial,,,,84,"<span style=""font-family: 'Courier New', Courier, monospace; font-size: 60px; color: black;"">cinco</span>",######,######,"<span style=""font-family: 'Courier New', Courier, monospace; font-size: 60px; color: black;"">C1NCO</span>",J,same,leet,incongruent_leet,5,4,C1NCO,,,,,
813,1791195653560,05/10/2026 10:20:53,1791195653560,2,05/10/2026 12:20:53,283162,5,task-biuv,,58572850,,16708144,,complete,,,computer,Desktop or Laptop,Windows 10,Firefox 102.0,3840x2160,3840x1838,,,0,UCL - tarea 1 ,6,Group1,spreadsheet1,spreadsheet1,196,trial,Fixation,w99rzd,1,continue,,,499.9799999999814,499.9799999999814,499.9799999999814,499.9799999999814,499.9799999999814,499.9799999999814,1,0,0,,Fixation Timing,Fixation Cross,1,object-125,trial,,,,198,"<span style=""font-family: 'Courier New', Courier, monospace; font-size: 60px; color: black;"">cinco</span>",######,######,"<span style=""font-family: 'Courier New', Courier, monospace; font-size: 60px; color: black;"">SIE7E</span>",F,different,leet,congruent_leet,5,4,SIE7E,,,,,
814,1791195653860,05/10/2026 10:20:53,1791195653860,2,05/10/2026 12:20:53,283162,5,task-biuv,,58572850,,16708144,,complete,,,computer,Desktop or Laptop,Windows 10,Firefox 102.0,3840x2160,3840x1838,,,0,UCL - tarea 1 ,6,Group1,spreadsheet1,spreadsheet1,196,trial,Reference,m6fryy,2,timedOut,,,300.5999999999767,299.9799999999814,300.5999999999767,300.5999999999767,299.9799999999814,300.5999999999767,1,0,0,,Time Limit,screen,0,screen,trial,,,,198,"<span style=""font-family: 'Courier New', Courier, monospace; font-size: 60px; color: black;"">cinco</span>",######,######,"<span style=""font-family: 'Courier New', Courier, monospace; font-size: 60px; color: black;"">SIE7E</span>",F,different,leet,congruent_leet,5,4,SIE7E,,,,,
815,1791195654518,05/10/2026 10:20:54,1791195654518,2,05/10/2026 12:20:54,283162,5,task-biuv,,58572850,,16708144,,complete,,,computer,Desktop or Laptop,Windows 10,Firefox 102.0,3840x2160,3840x1838,,,0,UCL - tarea 1 ,6,Group1,spreadsheet1,spreadsheet1,196,trial,Target,spx9cn,3,response,F,,660.6199999999953,649.9799999999814,660.6199999999953,660.6199999999953,649.9799999999814,660.6199999999953,1,0,0,,Keyboard Response,Respuesta,3,object-91,trial,,,,198,"<span style=""font-family: 'Courier New', Courier, monospace; font-size: 60px; color: black;"">cinco</span>",######,######,"<span style=""font-family: 'Courier New', Courier, monospace; font-size: 60px; color: black;"">SIE7E</span>",F,different,leet,congruent_leet,5,4,SIE7E,,,,,
816,1791195655009,05/10/2026 10:20:55,1791195655009,2,05/10/2026 12:20:55,283162,5,task-biuv,,58572850,,16708144,,complete,,,computer,Desktop or Laptop,Windows 10,Firefox 102.0,3840x2160,3840x1838,,,0,UCL - tarea 1 ,6,Group1,spreadsheet1,spreadsheet1,196,trial,Blank,vybs3x,4,timedOut,,,501.64000000001397,499.95999999996275,501.64000000001397,501.64000000001397,499.95999999996275,501.64000000001397,1,0,0,,Time Limit,screen,0,screen,trial,,,,198,"<span style=""font-family: 'Courier New', Courier, monospace; font-size: 60px; color: black;"">cinco</span>",######,######,"<span style=""font-family: 'Courier New', Courier, monospace; font-size: 60px; color: black;"">SIE7E</span>",F,different,leet,congruent_leet,5,4,SIE7E,,,,,
817,1791195655509,05/10/2026 10:20:55,1791195655509,2,05/10/2026 12:20:55,283162,5,task-biuv,,58572850,,16708144,,complete,,,computer,Desktop or Laptop,Windows 10,Firefox 102.0,3840x2160,3840x1838,,,0,UCL - tarea 1 ,6,Group1,spreadsheet1,spreadsheet1,197,trial,Fixation,w99rzd,1,continue,,,499.9800000000978,499.9800000000978,499.9800000000978,499.9800000000978,499.9800000000978,499.9800000000978,1,0,0,,Fixation Timing,Fixation Cross,1,object-125,trial,,,,193,"<span style=""font-family: 'Courier New', Courier, monospace; font-size: 60px; color: black;"">tres</span>",######,######,"<span style=""font-family: 'Courier New', Courier, monospace; font-size: 60px; color: black;"">SEIS</span>",F,different,uppercase,baseline,3,4,SEIS,,,,,
818,1791195655810,05/10/2026 10:20:55,1791195655810,2,05/10/2026 12:20:55,283162,5,task-biuv,,58572850,,16708144,,complete,,,computer,Desktop or Laptop,Windows 10,Firefox 102.0,3840x2160,3840x1838,,,0,UCL - tarea 1 ,6,Group1,spreadsheet1,spreadsheet1,197,trial,Reference,m6fryy,2,timedOut,,,301.69999999995343,299.9799999999814,301.69999999995343,301.69999999995343,299.9799999999814,301.69999999995343,1,0,0,,Time Limit,screen,0,screen,trial,,,,193,"<span style=""font-family: 'Courier New', Courier, monospace; font-size: 60px; color: black;"">tres</span>",######,######,"<span style=""font-family: 'Courier New', Courier, monospace; font-size: 60px; color: black;"">SEIS</span>",F,different,uppercase,baseline,3,4,SEIS,,,,,
819,1791195656536,05/10/2026 10:20:56,1791195656536,2,05/10/2026 12:20:56,283162,5,task-biuv,,58572850,,16708144,,complete,,,computer,Desktop or Laptop,Windows 10,Firefox 102.0,3840x2160,3840x1838,,,0,UCL - tarea 1 ,6,Group1,spreadsheet1,spreadsheet1,197,trial,Target,spx9cn,3,response,F,,727.7199999999721,716.640000000014,727.7199999999721,727.7199999999721,716.640000000014,727.7199999999721,1,0,0,,Keyboard Response,Respuesta,3,object-91,trial,,,,193,"<span style=""font-family: 'Courier New', Courier, monospace; font-size: 60px; color: black;"">tres</span>",######,######,"<span style=""font-family: 'Courier New', Courier, monospace; font-size: 60px; color: black;"">SEIS</span>",F,different,uppercase,baseline,3,4,SEIS,,,,,
820,1791195657025,05/10/2026 10:20:57,1791195657025,2,05/10/2026 12:20:57,283162,5,task-biuv,,58572850,,16708144,,complete,,,computer,Desktop or Laptop,Windows 10,Firefox 102.0,3840x2160,3840x1838,,,0,UCL - tarea 1 ,6,Group1,spreadsheet1,spreadsheet1,197,trial,Blank,vybs3x,4,timedOut,,,501.0799999999581,499.9799999999814,501.0799999999581,501.0799999999581,499.9799999999814,501.0799999999581,1,0,0,,Time Limit,screen,0,screen,trial,,,,193,"<span style=""font-family: 'Courier New', Courier, monospace; font-size: 60px; color: black;"">tres</span>",######,######,"<span style=""font-family: 'Courier New', Courier, monospace; font-size: 60px; color: black;"">SEIS</span>",F,different,uppercase,baseline,3,4,SEIS,,,,,
821,1791195657526,05/10/2026 10:20:57,1791195657526,2,05/10/2026 12:20:57,283162,5,task-biuv,,58572850,,16708144,,complete,,,computer,Desktop or Laptop,Windows 10,Firefox 102.0,3840x2160,3840x1838,,,0,UCL - tarea 1 ,6,Group1,spreadsheet1,spreadsheet1,198,trial,Fixation,w99rzd,1,continue,,,499.95999999996275,499.95999999996275,499.95999999996275,499.95999999996275,499.95999999996275,499.95999999996275,1,0,0,,Fixation Timing,Fixation Cross,1,object-125,trial,,,,92,"<span style=""font-family: 'Courier New', Courier, monospace; font-size: 60px; color: black;"">cuatro</span>",######,######,"<span style=""font-family: 'Courier New', Courier, monospace; font-size: 60px; color: black;"">NUEVE</span>",F,different,uppercase,baseline,4,4,NUEVE,,,,,
822,1791195657826,05/10/2026 10:20:57,1791195657826,2,05/10/2026 12:20:57,283162,5,task-biuv,,58572850,,16708144,,complete,,,computer,Desktop or Laptop,Windows 10,Firefox 102.0,3840x2160,3840x1838,,,0,UCL - tarea 1 ,6,Group1,spreadsheet1,spreadsheet1,198,trial,Reference,m6fryy,2,timedOut,,,301.14000000001397,299.9799999999814,301.14000000001397,301.14000000001397,299.9799999999814,301.14000000001397,1,0,0,,Time Limit,screen,0,screen,trial,,,,92,"<span style=""font-family: 'Courier New', Courier, monospace; font-size: 60px; color: black;"">cuatro</span>",######,######,"<span style=""font-family: 'Courier New', Courier, monospace; font-size: 60px; color: black;"">NUEVE</span>",F,different,uppercase,baseline,4,4,NUEVE,,,,,
823,1791195658447,05/10/2026 10:20:58,1791195658447,2,05/10/2026 12:20:58,283162,5,task-biuv,,58572850,,16708144,,complete,,,computer,Desktop or Laptop,Windows 10,Firefox 102.0,3840x2160,3840x1838,,,0,UCL - tarea 1 ,6,Group1,spreadsheet1,spreadsheet1,198,trial,Target,spx9cn,3,response,F,,622.1600000000326,616.640000000014,622.1600000000326,622.1600000000326,616.640000000014,622.1600000000326,1,0,0,,Keyboard Response,Respuesta,3,object-91,trial,,,,92,"<span style=""font-family: 'Courier New', Courier, monospace; font-size: 60px; color: black;"">cuatro</span>",######,######,"<span style=""font-family: 'Courier New', Courier, monospace; font-size: 60px; color: black;"">NUEVE</span>",F,different,uppercase,baseline,4,4,NUEVE,,,,,
824,1791195658943,05/10/2026 10:20:58,1791195658943,2,05/10/2026 12:20:58,283162,5,task-biuv,,58572850,,16708144,,complete,,,computer,Desktop or Laptop,Windows 10,Firefox 102.0,3840x2160,3840x1838,,,0,UCL - tarea 1 ,6,Group1,spreadsheet1,spreadsheet1,198,trial,Blank,vybs3x,4,timedOut,,,501.5200000000186,499.9799999999814,501.5200000000186,501.5200000000186,499.9799999999814,501.5200000000186,1,0,0,,Time Limit,screen,0,screen,trial,,,,92,"<span style=""font-family: 'Courier New', Courier, monospace; font-size: 60px; color: black;"">cuatro</span>",######,######,"<span style=""font-family: 'Courier New', Courier, monospace; font-size: 60px; color: black;"">NUEVE</span>",F,different,uppercase,baseline,4,4,NUEVE,,,,,
825,1791195659444,05/10/2026 10:20:59,1791195659444,2,05/10/2026 12:20:59,283162,5,task-biuv,,58572850,,16708144,,complete,,,computer,Desktop or Laptop,Windows 10,Firefox 102.0,3840x2160,3840x1838,,,0,UCL - tarea 1 ,6,Group1,spreadsheet1,spreadsheet1,199,trial,Fixation,w99rzd,1,continue,,,499.9799999999814,499.9799999999814,499.9799999999814,499.9799999999814,499.9799999999814,499.9799999999814,1,0,0,,Fixation Timing,Fixation Cross,1,object-125,trial,,,,89,"<span style=""font-family: 'Courier New', Courier, monospace; font-size: 60px; color: black;"">nueve</span>",######,######,"<span style=""font-family: 'Courier New', Courier, monospace; font-size: 60px; color: black;"">CUATRO</span>",F,different,uppercase,baseline,9,4,CUATRO,,,,,
826,1791195659743,05/10/2026 10:20:59,1791195659743,2,05/10/2026 12:20:59,283162,5,task-biuv,,58572850,,16708144,,complete,,,computer,Desktop or Laptop,Windows 10,Firefox 102.0,3840x2160,3840x1838,,,0,UCL - tarea 1 ,6,Group1,spreadsheet1,spreadsheet1,199,trial,Reference,m6fryy,2,timedOut,,,300.5600000000559,299.9800000000978,300.5600000000559,300.5600000000559,299.9800000000978,300.5600000000559,1,0,0,,Time Limit,screen,0,screen,trial,,,,89,"<span style=""font-family: 'Courier New', Courier, monospace; font-size: 60px; color: black;"">nueve</span>",######,######,"<span style=""font-family: 'Courier New', Courier, monospace; font-size: 60px; color: black;"">CUATRO</span>",F,different,uppercase,baseline,9,4,CUATRO,,,,,
827,1791195660463,05/10/2026 10:21:00,1791195660463,2,05/10/2026 12:21:00,283162,5,task-biuv,,58572850,,16708144,,complete,,,computer,Desktop or Laptop,Windows 10,Firefox 102.0,3840x2160,3840x1838,,,0,UCL - tarea 1 ,6,Group1,spreadsheet1,spreadsheet1,199,trial,Target,spx9cn,3,response,F,,721.5799999999581,716.6199999999953,721.5799999999581,721.5799999999581,716.6199999999953,721.5799999999581,1,0,0,,Keyboard Response,Respuesta,3,object-91,trial,,,,89,"<span style=""font-family: 'Courier New', Courier, monospace; font-size: 60px; color: black;"">nueve</span>",######,######,"<span style=""font-family: 'Courier New', Courier, monospace; font-size: 60px; color: black;"">CUATRO</span>",F,different,uppercase,baseline,9,4,CUATRO,,,,,
828,1791195660959,05/10/2026 10:21:00,1791195660959,2,05/10/2026 12:21:00,283162,5,task-biuv,,58572850,,16708144,,complete,,,computer,Desktop or Laptop,Windows 10,Firefox 102.0,3840x2160,3840x1838,,,0,UCL - tarea 1 ,6,Group1,spreadsheet1,spreadsheet1,199,trial,Blank,vybs3x,4,timedOut,,,500.95999999996275,499.9799999999814,500.95999999996275,500.95999999996275,499.9799999999814,500.95999999996275,1,0,0,,Time Limit,screen,0,screen,trial,,,,89,"<span style=""font-family: 'Courier New', Courier, monospace; font-size: 60px; color: black;"">nueve</span>",######,######,"<span style=""font-family: 'Courier New', Courier, monospace; font-size: 60px; color: black;"">CUATRO</span>",F,different,uppercase,baseline,9,4,CUATRO,,,,,
829,1791195661460,05/10/2026 10:21:01,1791195661460,2,05/10/2026 12:21:01,283162,5,task-biuv,,58572850,,16708144,,complete,,,computer,Desktop or Laptop,Windows 10,Firefox 102.0,3840x2160,3840x1838,,,0,UCL - tarea 1 ,6,Group1,spreadsheet1,spreadsheet1,200,trial,Fixation,w99rzd,1,continue,,,499.9799999999814,499.9799999999814,499.9799999999814,499.9799999999814,499.9799999999814,499.9799999999814,1,0,0,,Fixation Timing,Fixation Cross,1,object-125,trial,,,,79,"<span style=""font-family: 'Courier New', Courier, monospace; font-size: 60px; color: black;"">tres</span>",######,######,"<span style=""font-family: 'Courier New', Courier, monospace; font-size: 60px; color: black;"">TR3S</span>",J,same,leet,congruent_leet,3,4,TR3S,,,,,
830,1791195661759,05/10/2026 10:21:01,1791195661759,2,05/10/2026 12:21:01,283162,5,task-biuv,,58572850,,16708144,,complete,,,computer,Desktop or Laptop,Windows 10,Firefox 102.0,3840x2160,3840x1838,,,0,UCL - tarea 1 ,6,Group1,spreadsheet1,spreadsheet1,200,trial,Reference,m6fryy,2,timedOut,,,301,299.9799999999814,301,301,299.9799999999814,301,1,0,0,,Time Limit,screen,0,screen,trial,,,,79,"<span style=""font-family: 'Courier New', Courier, monospace; font-size: 60px; color: black;"">tres</span>",######,######,"<span style=""font-family: 'Courier New', Courier, monospace; font-size: 60px; color: black;"">TR3S</span>",J,same,leet,congruent_leet,3,4,TR3S,,,,,
831,1791195662383,05/10/2026 10:21:02,1791195662383,2,05/10/2026 12:21:02,283162,5,task-biuv,,58572850,,16708144,,complete,,,computer,Desktop or Laptop,Windows 10,Firefox 102.0,3840x2160,3840x1838,,,0,UCL - tarea 1 ,6,Group1,spreadsheet1,spreadsheet1,200,trial,Target,spx9cn,3,response,J,,625.0200000000186,616.640000000014,625.0200000000186,625.0200000000186,616.640000000014,625.0200000000186,1,0,0,,Keyboard Response,Respuesta,3,object-91,trial,,,,79,"<span style=""font-family: 'Courier New', Courier, monospace; font-size: 60px; color: black;"">tres</span>",######,######,"<span style=""font-family: 'Courier New', Courier, monospace; font-size: 60px; color: black;"">TR3S</span>",J,same,leet,congruent_leet,3,4,TR3S,,,,,
832,1791195662876,05/10/2026 10:21:02,1791195662876,2,05/10/2026 12:21:02,283162,5,task-biuv,,58572850,,16708144,,complete,,,computer,Desktop or Laptop,Windows 10,Firefox 102.0,3840x2160,3840x1838,,,0,UCL - tarea 1 ,6,Group1,spreadsheet1,spreadsheet1,200,trial,Blank,vybs3x,4,timedOut,,,501.38000000000466,499.95999999996275,501.38000000000466,501.38000000000466,499.95999999996275,501.38000000000466,1,0,0,,Time Limit,screen,0,screen,trial,,,,79,"<span style=""font-family: 'Courier New', Courier, monospace; font-size: 60px; color: black;"">tres</span>",######,######,"<span style=""font-family: 'Courier New', Courier, monospace; font-size: 60px; color: black;"">TR3S</span>",J,same,leet,congruent_leet,3,4,TR3S,,,,,
833,1791195663376,05/10/2026 10:21:03,1791195663376,2,05/10/2026 12:21:03,283162,5,task-biuv,,58572850,,16708144,,complete,,,computer,Desktop or Laptop,Windows 10,Firefox 102.0,3840x2160,3840x1838,,,0,UCL - tarea 1 ,6,Group1,spreadsheet1,spreadsheet1,201,trial,Fixation,w99rzd,1,continue,,,499.9800000000978,499.9800000000978,499.9800000000978,499.9800000000978,499.9800000000978,499.9800000000978,1,0,0,,Fixation Timing,Fixation Cross,1,object-125,trial,,,,190,"<span style=""font-family: 'Courier New', Courier, monospace; font-size: 60px; color: black;"">seis</span>",######,######,"<span style=""font-family: 'Courier New', Courier, monospace; font-size: 60px; color: black;"">SE1S</span>",J,same,leet,incongruent_leet,6,4,SE1S,,,,,
834,1791195663676,05/10/2026 10:21:03,1791195663676,2,05/10/2026 12:21:03,283162,5,task-biuv,,58572850,,16708144,,complete,,,computer,Desktop or Laptop,Windows 10,Firefox 102.0,3840x2160,3840x1838,,,0,UCL - tarea 1 ,6,Group1,spreadsheet1,spreadsheet1,201,trial,Reference,m6fryy,2,timedOut,,,300.4399999999441,299.9799999999814,300.4399999999441,300.4399999999441,299.9799999999814,300.4399999999441,1,0,0,,Time Limit,screen,0,screen,trial,,,,190,"<span style=""font-family: 'Courier New', Courier, monospace; font-size: 60px; color: black;"">seis</span>",######,######,"<span style=""font-family: 'Courier New', Courier, monospace; font-size: 60px; color: black;"">SE1S</span>",J,same,leet,incongruent_leet,6,4,SE1S,,,,,
835,1791195664287,05/10/2026 10:21:04,1791195664287,2,05/10/2026 12:21:04,283162,5,task-biuv,,58572850,,16708144,,complete,,,computer,Desktop or Laptop,Windows 10,Firefox 102.0,3840x2160,3840x1838,,,0,UCL - tarea 1 ,6,Group1,spreadsheet1,spreadsheet1,201,trial,Target,spx9cn,3,response,J,,612.4599999999627,599.9799999999814,612.4599999999627,612.4599999999627,599.9799999999814,612.4599999999627,1,0,0,,Keyboard Response,Respuesta,3,object-91,trial,,,,190,"<span style=""font-family: 'Courier New', Courier, monospace; font-size: 60px; color: black;"">seis</span>",######,######,"<span style=""font-family: 'Courier New', Courier, monospace; font-size: 60px; color: black;"">SE1S</span>",J,same,leet,incongruent_leet,6,4,SE1S,,,,,
836,1791195664775,05/10/2026 10:21:04,1791195664775,2,05/10/2026 12:21:04,283162,5,task-biuv,,58572850,,16708144,,complete,,,computer,Desktop or Laptop,Windows 10,Firefox 102.0,3840x2160,3840x1838,,,0,UCL - tarea 1 ,6,Group1,spreadsheet1,spreadsheet1,201,trial,Blank,vybs3x,4,timedOut,,,500.4799999999814,499.95999999996275,500.4799999999814,500.4799999999814,499.95999999996275,500.4799999999814,1,0,0,,Time Limit,screen,0,screen,trial,,,,190,"<span style=""font-family: 'Courier New', Courier, monospace; font-size: 60px; color: black;"">seis</span>",######,######,"<span style=""font-family: 'Courier New', Courier, monospace; font-size: 60px; color: black;"">SE1S</span>",J,same,leet,incongruent_leet,6,4,SE1S,,,,,
837,1791195665276,05/10/2026 10:21:05,1791195665276,2,05/10/2026 12:21:05,283162,5,task-biuv,,58572850,,16708144,,complete,,,computer,Desktop or Laptop,Windows 10,Firefox 102.0,3840x2160,3840x1838,,,0,UCL - tarea 1 ,6,Group1,spreadsheet1,spreadsheet1,202,trial,Fixation,w99rzd,1,continue,,,499.9799999999814,499.9799999999814,499.9799999999814,499.9799999999814,499.9799999999814,499.9799999999814,1,0,0,,Fixation Timing,Fixation Cross,1,object-125,trial,,,,195,"<span style=""font-family: 'Courier New', Courier, monospace; font-size: 60px; color: black;"">siete</span>",######,######,"<span style=""font-family: 'Courier New', Courier, monospace; font-size: 60px; color: black;"">CINCO</span>",F,different,uppercase,baseline,7,4,CINCO,,,,,
838,1791195665577,05/10/2026 10:21:05,1791195665577,2,05/10/2026 12:21:05,283162,5,task-biuv,,58572850,,16708144,,complete,,,computer,Desktop or Laptop,Windows 10,Firefox 102.0,3840x2160,3840x1838,,,0,UCL - tarea 1 ,6,Group1,spreadsheet1,spreadsheet1,202,trial,Reference,m6fryy,2,timedOut,,,301.54000000003725,299.9799999999814,301.54000000003725,301.54000000003725,299.9799999999814,301.54000000003725,1,0,0,,Time Limit,screen,0,screen,trial,,,,195,"<span style=""font-family: 'Courier New', Courier, monospace; font-size: 60px; color: black;"">siete</span>",######,######,"<span style=""font-family: 'Courier New', Courier, monospace; font-size: 60px; color: black;"">CINCO</span>",F,different,uppercase,baseline,7,4,CINCO,,,,,
839,1791195666464,05/10/2026 10:21:06,1791195666464,2,05/10/2026 12:21:06,283162,5,task-biuv,,58572850,,16708144,,complete,,,computer,Desktop or Laptop,Windows 10,Firefox 102.0,3840x2160,3840x1838,,,0,UCL - tarea 1 ,6,Group1,spreadsheet1,spreadsheet1,202,trial,Target,spx9cn,3,response,F,,889.5600000000559,883.3000000000466,889.5600000000559,889.5600000000559,883.3000000000466,889.5600000000559,1,0,0,,Keyboard Response,Respuesta,3,object-91,trial,,,,195,"<span style=""font-family: 'Courier New', Courier, monospace; font-size: 60px; color: black;"">siete</span>",######,######,"<span style=""font-family: 'Courier New', Courier, monospace; font-size: 60px; color: black;"">CINCO</span>",F,different,uppercase,baseline,7,4,CINCO,,,,,
840,1791195666960,05/10/2026 10:21:06,1791195666960,2,05/10/2026 12:21:06,283162,5,task-biuv,,58572850,,16708144,,complete,,,computer,Desktop or Laptop,Windows 10,Firefox 102.0,3840x2160,3840x1838,,,0,UCL - tarea 1 ,6,Group1,spreadsheet1,spreadsheet1,202,trial,Blank,vybs3x,4,timedOut,,,501.2600000000093,499.95999999996275,501.2600000000093,501.2600000000093,499.95999999996275,501.2600000000093,1,0,0,,Time Limit,screen,0,screen,trial,,,,195,"<span style=""font-family: 'Courier New', Courier, monospace; font-size: 60px; color: black;"">siete</span>",######,######,"<span style=""font-family: 'Courier New', Courier, monospace; font-size: 60px; color: black;"">CINCO</span>",F,different,uppercase,baseline,7,4,CINCO,,,,,
841,1791195667459,05/10/2026 10:21:07,1791195667459,2,05/10/2026 12:21:07,283162,5,task-biuv,,58572850,,16708144,,complete,,,computer,Desktop or Laptop,Windows 10,Firefox 102.0,3840x2160,3840x1838,,,0,UCL - tarea 1 ,6,Group1,spreadsheet1,spreadsheet1,203,trial,Fixation,w99rzd,1,continue,,,499.9800000000978,499.9800000000978,499.9800000000978,499.9800000000978,499.9800000000978,499.9800000000978,1,0,0,,Fixation Timing,Fixation Cross,1,object-125,trial,,,,96,"<span style=""font-family: 'Courier New', Courier, monospace; font-size: 60px; color: black;"">cinco</span>",######,######,"<span style=""font-family: 'Courier New', Courier, monospace; font-size: 60px; color: black;"">SIETE</span>",F,different,uppercase,baseline,5,4,SIETE,,,,,
842,1791195667759,05/10/2026 10:21:07,1791195667759,2,05/10/2026 12:21:07,283162,5,task-biuv,,58572850,,16708144,,complete,,,computer,Desktop or Laptop,Windows 10,Firefox 102.0,3840x2160,3840x1838,,,0,UCL - tarea 1 ,6,Group1,spreadsheet1,spreadsheet1,203,trial,Reference,m6fryy,2,timedOut,,,302.3199999999488,299.9799999999814,302.3199999999488,302.3199999999488,299.9799999999814,302.3199999999488,1,0,0,,Time Limit,screen,0,screen,trial,,,,96,"<span style=""font-family: 'Courier New', Courier, monospace; font-size: 60px; color: black;"">cinco</span>",######,######,"<span style=""font-family: 'Courier New', Courier, monospace; font-size: 60px; color: black;"">SIETE</span>",F,different,uppercase,baseline,5,4,SIETE,,,,,
843,1791195668424,05/10/2026 10:21:08,1791195668424,2,05/10/2026 12:21:08,283162,5,task-biuv,,58572850,,16708144,,complete,,,computer,Desktop or Laptop,Windows 10,Firefox 102.0,3840x2160,3840x1838,,,0,UCL - tarea 1 ,6,Group1,spreadsheet1,spreadsheet1,203,trial,Target,spx9cn,3,response,F,,666.6600000000326,649.9799999999814,666.6600000000326,666.6600000000326,649.9799999999814,666.6600000000326,1,0,0,,Keyboard Response,Respuesta,3,object-91,trial,,,,96,"<span style=""font-family: 'Courier New', Courier, monospace; font-size: 60px; color: black;"">cinco</span>",######,######,"<span style=""font-family: 'Courier New', Courier, monospace; font-size: 60px; color: black;"">SIETE</span>",F,different,uppercase,baseline,5,4,SIETE,,,,,
844,1791195668908,05/10/2026 10:21:08,1791195668908,2,05/10/2026 12:21:08,283162,5,task-biuv,,58572850,,16708144,,complete,,,computer,Desktop or Laptop,Windows 10,Firefox 102.0,3840x2160,3840x1838,,,0,UCL - tarea 1 ,6,Group1,spreadsheet1,spreadsheet1,203,trial,Blank,vybs3x,4,timedOut,,,501.35999999998603,499.95999999996275,501.35999999998603,501.35999999998603,499.95999999996275,501.35999999998603,1,0,0,,Time Limit,screen,0,screen,trial,,,,96,"<span style=""font-family: 'Courier New', Courier, monospace; font-size: 60px; color: black;"">cinco</span>",######,######,"<span style=""font-family: 'Courier New', Courier, monospace; font-size: 60px; color: black;"">SIETE</span>",F,different,uppercase,baseline,5,4,SIETE,,,,,
845,1791195669410,05/10/2026 10:21:09,1791195669410,2,05/10/2026 12:21:09,283162,5,task-biuv,,58572850,,16708144,,complete,,,computer,Desktop or Laptop,Windows 10,Firefox 102.0,3840x2160,3840x1838,,,0,UCL - tarea 1 ,6,Group1,spreadsheet1,spreadsheet1,204,trial,Fixation,w99rzd,1,continue,,,499.9799999999814,499.9799999999814,499.9799999999814,499.9799999999814,499.9799999999814,499.9799999999814,1,0,0,,Fixation Timing,Fixation Cross,1,object-125,trial,,,,185,"<span style=""font-family: 'Courier New', Courier, monospace; font-size: 60px; color: black;"">nueve</span>",######,######,"<span style=""font-family: 'Courier New', Courier, monospace; font-size: 60px; color: black;"">NU3VE</span>",J,same,leet,incongruent_leet,9,4,NU3VE,,,,,
846,1791195669710,05/10/2026 10:21:09,1791195669710,2,05/10/2026 12:21:09,283162,5,task-biuv,,58572850,,16708144,,complete,,,computer,Desktop or Laptop,Windows 10,Firefox 102.0,3840x2160,3840x1838,,,0,UCL - tarea 1 ,6,Group1,spreadsheet1,spreadsheet1,204,trial,Reference,m6fryy,2,timedOut,,,302.4200000000419,299.9800000000978,302.4200000000419,302.4200000000419,299.9800000000978,302.4200000000419,1,0,0,,Time Limit,screen,0,screen,trial,,,,185,"<span style=""font-family: 'Courier New', Courier, monospace; font-size: 60px; color: black;"">nueve</span>",######,######,"<span style=""font-family: 'Courier New', Courier, monospace; font-size: 60px; color: black;"">NU3VE</span>",J,same,leet,incongruent_leet,9,4,NU3VE,,,,,
847,1791195670288,05/10/2026 10:21:10,1791195670288,2,05/10/2026 12:21:10,283162,5,task-biuv,,58572850,,16708144,,complete,,,computer,Desktop or Laptop,Windows 10,Firefox 102.0,3840x2160,3840x1838,,,0,UCL - tarea 1 ,6,Group1,spreadsheet1,spreadsheet1,204,trial,Target,spx9cn,3,response,J,,580.4399999999441,566.6399999998976,580.4399999999441,580.4399999999441,566.6399999998976,580.4399999999441,1,0,0,,Keyboard Response,Respuesta,3,object-91,trial,,,,185,"<span style=""font-family: 'Courier New', Courier, monospace; font-size: 60px; color: black;"">nueve</span>",######,######,"<span style=""font-family: 'Courier New', Courier, monospace; font-size: 60px; color: black;"">NU3VE</span>",J,same,leet,incongruent_leet,9,4,NU3VE,,,,,
848,1791195670775,05/10/2026 10:21:10,1791195670775,2,05/10/2026 12:21:10,283162,5,task-biuv,,58572850,,16708144,,complete,,,computer,Desktop or Laptop,Windows 10,Firefox 102.0,3840x2160,3840x1838,,,0,UCL - tarea 1 ,6,Group1,spreadsheet1,spreadsheet1,204,trial,Blank,vybs3x,4,timedOut,,,500.80000000004657,499.9800000000978,500.80000000004657,500.80000000004657,499.9800000000978,500.80000000004657,1,0,0,,Time Limit,screen,0,screen,trial,,,,185,"<span style=""font-family: 'Courier New', Courier, monospace; font-size: 60px; color: black;"">nueve</span>",######,######,"<span style=""font-family: 'Courier New', Courier, monospace; font-size: 60px; color: black;"">NU3VE</span>",J,same,leet,incongruent_leet,9,4,NU3VE,,,,,
849,1791195671276,05/10/2026 10:21:11,1791195671276,2,05/10/2026 12:21:11,283162,5,task-biuv,,58572850,,16708144,,complete,,,computer,Desktop or Laptop,Windows 10,Firefox 102.0,3840x2160,3840x1838,,,0,UCL - tarea 1 ,6,Group1,spreadsheet1,spreadsheet1,205,trial,Fixation,w99rzd,1,continue,,,499.95999999996275,499.95999999996275,499.95999999996275,499.95999999996275,499.95999999996275,499.95999999996275,1,0,0,,Fixation Timing,Fixation Cross,1,object-125,trial,,,,188,"<span style=""font-family: 'Courier New', Courier, monospace; font-size: 60px; color: black;"">cuatro</span>",######,######,"<span style=""font-family: 'Courier New', Courier, monospace; font-size: 60px; color: black;"">CUATRO</span>",J,same,uppercase,baseline,4,4,CUATRO,,,,,
850,1791195671578,05/10/2026 10:21:11,1791195671578,2,05/10/2026 12:21:11,283162,5,task-biuv,,58572850,,16708144,,complete,,,computer,Desktop or Laptop,Windows 10,Firefox 102.0,3840x2160,3840x1838,,,0,UCL - tarea 1 ,6,Group1,spreadsheet1,spreadsheet1,205,trial,Reference,m6fryy,2,timedOut,,,302.85999999998603,300,302.85999999998603,302.85999999998603,300,302.85999999998603,1,0,0,,Time Limit,screen,0,screen,trial,,,,188,"<span style=""font-family: 'Courier New', Courier, monospace; font-size: 60px; color: black;"">cuatro</span>",######,######,"<span style=""font-family: 'Courier New', Courier, monospace; font-size: 60px; color: black;"">CUATRO</span>",J,same,uppercase,baseline,4,4,CUATRO,,,,,
851,1791195672088,05/10/2026 10:21:12,1791195672088,2,05/10/2026 12:21:12,283162,5,task-biuv,,58572850,,16708144,,complete,,,computer,Desktop or Laptop,Windows 10,Firefox 102.0,3840x2160,3840x1838,,,0,UCL - tarea 1 ,6,Group1,spreadsheet1,spreadsheet1,205,trial,Target,spx9cn,3,response,J,,514.859999999986,499.95999999996275,514.859999999986,514.859999999986,499.95999999996275,514.859999999986,1,0,0,,Keyboard Response,Respuesta,3,object-91,trial,,,,188,"<span style=""font-family: 'Courier New', Courier, monospace; font-size: 60px; color: black;"">cuatro</span>",######,######,"<span style=""font-family: 'Courier New', Courier, monospace; font-size: 60px; color: black;"">CUATRO</span>",J,same,uppercase,baseline,4,4,CUATRO,,,,,
852,1791195672576,05/10/2026 10:21:12,1791195672576,2,05/10/2026 12:21:12,283162,5,task-biuv,,58572850,,16708144,,complete,,,computer,Desktop or Laptop,Windows 10,Firefox 102.0,3840x2160,3840x1838,,,0,UCL - tarea 1 ,6,Group1,spreadsheet1,spreadsheet1,205,trial,Blank,vybs3x,4,timedOut,,,502.9000000000233,499.9799999999814,502.9000000000233,502.9000000000233,499.9799999999814,502.9000000000233,1,0,0,,Time Limit,screen,0,screen,trial,,,,188,"<span style=""font-family: 'Courier New', Courier, monospace; font-size: 60px; color: black;"">cuatro</span>",######,######,"<span style=""font-family: 'Courier New', Courier, monospace; font-size: 60px; color: black;"">CUATRO</span>",J,same,uppercase,baseline,4,4,CUATRO,,,,,
853,1791195673077,05/10/2026 10:21:13,1791195673077,2,05/10/2026 12:21:13,283162,5,task-biuv,,58572850,,16708144,,complete,,,computer,Desktop or Laptop,Windows 10,Firefox 102.0,3840x2160,3840x1838,,,0,UCL - tarea 1 ,6,Group1,spreadsheet1,spreadsheet1,206,trial,Fixation,w99rzd,1,continue,,,499.9800000000978,499.9800000000978,499.9800000000978,499.9800000000978,499.9800000000978,499.9800000000978,1,0,0,,Fixation Timing,Fixation Cross,1,object-125,trial,,,,75,"<span style=""font-family: 'Courier New', Courier, monospace; font-size: 60px; color: black;"">siete</span>",######,######,"<span style=""font-family: 'Courier New', Courier, monospace; font-size: 60px; color: black;"">SIE7E</span>",J,same,leet,congruent_leet,7,4,SIE7E,,,,,
854,1791195673377,05/10/2026 10:21:13,1791195673377,2,05/10/2026 12:21:13,283162,5,task-biuv,,58572850,,16708144,,complete,,,computer,Desktop or Laptop,Windows 10,Firefox 102.0,3840x2160,3840x1838,,,0,UCL - tarea 1 ,6,Group1,spreadsheet1,spreadsheet1,206,trial,Reference,m6fryy,2,timedOut,,,302.9399999999441,299.9799999999814,302.9399999999441,302.9399999999441,299.9799999999814,302.9399999999441,1,0,0,,Time Limit,screen,0,screen,trial,,,,75,"<span style=""font-family: 'Courier New', Courier, monospace; font-size: 60px; color: black;"">siete</span>",######,######,"<span style=""font-family: 'Courier New', Courier, monospace; font-size: 60px; color: black;"">SIE7E</span>",J,same,leet,congruent_leet,7,4,SIE7E,,,,,
855,1791195673936,05/10/2026 10:21:13,1791195673936,2,05/10/2026 12:21:13,283162,5,task-biuv,,58572850,,16708144,,complete,,,computer,Desktop or Laptop,Windows 10,Firefox 102.0,3840x2160,3840x1838,,,0,UCL - tarea 1 ,6,Group1,spreadsheet1,spreadsheet1,206,trial,Target,spx9cn,3,response,J,,561.9599999999627,549.9799999999814,561.9599999999627,561.9599999999627,549.9799999999814,561.9599999999627,1,0,0,,Keyboard Response,Respuesta,3,object-91,trial,,,,75,"<span style=""font-family: 'Courier New', Courier, monospace; font-size: 60px; color: black;"">siete</span>",######,######,"<span style=""font-family: 'Courier New', Courier, monospace; font-size: 60px; color: black;"">SIE7E</span>",J,same,leet,congruent_leet,7,4,SIE7E,,,,,
856,1791195674426,05/10/2026 10:21:14,1791195674426,2,05/10/2026 12:21:14,283162,5,task-biuv,,58572850,,16708144,,complete,,,computer,Desktop or Laptop,Windows 10,Firefox 102.0,3840x2160,3840x1838,,,0,UCL - tarea 1 ,6,Group1,spreadsheet1,spreadsheet1,206,trial,Blank,vybs3x,4,timedOut,,,500.9799999999814,499.95999999996275,500.9799999999814,500.9799999999814,499.95999999996275,500.9799999999814,1,0,0,,Time Limit,screen,0,screen,trial,,,,75,"<span style=""font-family: 'Courier New', Courier, monospace; font-size: 60px; color: black;"">siete</span>",######,######,"<span style=""font-family: 'Courier New', Courier, monospace; font-size: 60px; color: black;"">SIE7E</span>",J,same,leet,congruent_leet,7,4,SIE7E,,,,,
857,1791195674927,05/10/2026 10:21:14,1791195674927,2,05/10/2026 12:21:14,283162,5,task-biuv,,58572850,,16708144,,complete,,,computer,Desktop or Laptop,Windows 10,Firefox 102.0,3840x2160,3840x1838,,,0,UCL - tarea 1 ,6,Group1,spreadsheet1,spreadsheet1,207,trial,Fixation,w99rzd,1,continue,,,499.9799999999814,499.9799999999814,499.9799999999814,499.9799999999814,499.9799999999814,499.9799999999814,1,0,0,,Fixation Timing,Fixation Cross,1,object-125,trial,,,,91,"<span style=""font-family: 'Courier New', Courier, monospace; font-size: 60px; color: black;"">tres</span>",######,######,"<span style=""font-family: 'Courier New', Courier, monospace; font-size: 60px; color: black;"">SEIS</span>",F,different,leet,incongruent_leet,3,4,SE1S,,,,,
858,1791195675227,05/10/2026 10:21:15,1791195675227,2,05/10/2026 12:21:15,283162,5,task-biuv,,58572850,,16708144,,complete,,,computer,Desktop or Laptop,Windows 10,Firefox 102.0,3840x2160,3840x1838,,,0,UCL - tarea 1 ,6,Group1,spreadsheet1,spreadsheet1,207,trial,Reference,m6fryy,2,timedOut,,,303.04000000003725,299.9799999999814,303.04000000003725,303.04000000003725,299.9799999999814,303.04000000003725,1,0,0,,Time Limit,screen,0,screen,trial,,,,91,"<span style=""font-family: 'Courier New', Courier, monospace; font-size: 60px; color: black;"">tres</span>",######,######,"<span style=""font-family: 'Courier New', Courier, monospace; font-size: 60px; color: black;"">SEIS</span>",F,different,leet,incongruent_leet,3,4,SE1S,,,,,
859,1791195676032,05/10/2026 10:21:16,1791195676032,2,05/10/2026 12:21:16,283162,5,task-biuv,,58572850,,16708144,,complete,,,computer,Desktop or Laptop,Windows 10,Firefox 102.0,3840x2160,3840x1838,,,0,UCL - tarea 1 ,6,Group1,spreadsheet1,spreadsheet1,207,trial,Target,spx9cn,3,response,F,,808.0600000000559,799.9600000000792,808.0600000000559,808.0600000000559,799.9600000000792,808.0600000000559,1,0,0,,Keyboard Response,Respuesta,3,object-91,trial,,,,91,"<span style=""font-family: 'Courier New', Courier, monospace; font-size: 60px; color: black;"">tres</span>",######,######,"<span style=""font-family: 'Courier New', Courier, monospace; font-size: 60px; color: black;"">SEIS</span>",F,different,leet,incongruent_leet,3,4,SE1S,,,,,
860,1791195676526,05/10/2026 10:21:16,1791195676526,2,05/10/2026 12:21:16,283162,5,task-biuv,,58572850,,16708144,,complete,,,computer,Desktop or Laptop,Windows 10,Firefox 102.0,3840x2160,3840x1838,,,0,UCL - tarea 1 ,6,Group1,spreadsheet1,spreadsheet1,207,trial,Blank,vybs3x,4,timedOut,,,502.0999999999767,499.9799999999814,502.0999999999767,502.0999999999767,499.9799999999814,502.0999999999767,1,0,0,,Time Limit,screen,0,screen,trial,,,,91,"<span style=""font-family: 'Courier New', Courier, monospace; font-size: 60px; color: black;"">tres</span>",######,######,"<span style=""font-family: 'Courier New', Courier, monospace; font-size: 60px; color: black;"">SEIS</span>",F,different,leet,incongruent_leet,3,4,SE1S,,,,,
861,1791195677026,05/10/2026 10:21:17,1791195677026,2,05/10/2026 12:21:17,283162,5,task-biuv,,58572850,,16708144,,complete,,,computer,Desktop or Laptop,Windows 10,Firefox 102.0,3840x2160,3840x1838,,,0,UCL - tarea 1 ,6,Group1,spreadsheet1,spreadsheet1,208,trial,Fixation,w99rzd,1,continue,,,499.9799999999814,499.9799999999814,499.9799999999814,499.9799999999814,499.9799999999814,499.9799999999814,1,0,0,,Fixation Timing,Fixation Cross,1,object-125,trial,,,,77,"<span style=""font-family: 'Courier New', Courier, monospace; font-size: 60px; color: black;"">nueve</span>",######,######,"<span style=""font-family: 'Courier New', Courier, monospace; font-size: 60px; color: black;"">NU3VE</span>",J,same,leet,incongruent_leet,9,4,NU3VE,,,,,
862,1791195677327,05/10/2026 10:21:17,1791195677327,2,05/10/2026 12:21:17,283162,5,task-biuv,,58572850,,16708144,,complete,,,computer,Desktop or Laptop,Windows 10,Firefox 102.0,3840x2160,3840x1838,,,0,UCL - tarea 1 ,6,Group1,spreadsheet1,spreadsheet1,208,trial,Reference,m6fryy,2,timedOut,,,302.14000000001397,299.9799999999814,302.14000000001397,302.14000000001397,299.9799999999814,302.14000000001397,1,0,0,,Time Limit,screen,0,screen,trial,,,,77,"<span style=""font-family: 'Courier New', Courier, monospace; font-size: 60px; color: black;"">nueve</span>",######,######,"<span style=""font-family: 'Courier New', Courier, monospace; font-size: 60px; color: black;"">NU3VE</span>",J,same,leet,incongruent_leet,9,4,NU3VE,,,,,
863,1791195677888,05/10/2026 10:21:17,1791195677888,2,05/10/2026 12:21:17,283162,5,task-biuv,,58572850,,16708144,,complete,,,computer,Desktop or Laptop,Windows 10,Firefox 102.0,3840x2160,3840x1838,,,0,UCL - tarea 1 ,6,Group1,spreadsheet1,spreadsheet1,208,trial,Target,spx9cn,3,response,J,,564.1600000000326,549.9600000000792,564.1600000000326,564.1600000000326,549.9600000000792,564.1600000000326,1,0,0,,Keyboard Response,Respuesta,3,object-91,trial,,,,77,"<span style=""font-family: 'Courier New', Courier, monospace; font-size: 60px; color: black;"">nueve</span>",######,######,"<span style=""font-family: 'Courier New', Courier, monospace; font-size: 60px; color: black;"">NU3VE</span>",J,same,leet,incongruent_leet,9,4,NU3VE,,,,,
864,1791195678377,05/10/2026 10:21:18,1791195678377,2,05/10/2026 12:21:18,283162,5,task-biuv,,58572850,,16708144,,complete,,,computer,Desktop or Laptop,Windows 10,Firefox 102.0,3840x2160,3840x1838,,,0,UCL - tarea 1 ,6,Group1,spreadsheet1,spreadsheet1,208,trial,Blank,vybs3x,4,timedOut,,,503.19999999995343,499.9799999999814,503.19999999995343,503.19999999995343,499.9799999999814,503.19999999995343,1,0,0,,Time Limit,screen,0,screen,trial,,,,77,"<span style=""font-family: 'Courier New', Courier, monospace; font-size: 60px; color: black;"">nueve</span>",######,######,"<span style=""font-family: 'Courier New', Courier, monospace; font-size: 60px; color: black;"">NU3VE</span>",J,same,leet,incongruent_leet,9,4,NU3VE,,,,,
865,1791195678877,05/10/2026 10:21:18,1791195678877,2,05/10/2026 12:21:18,283162,5,task-biuv,,58572850,,16708144,,complete,,,computer,Desktop or Laptop,Windows 10,Firefox 102.0,3840x2160,3840x1838,,,0,UCL - tarea 1 ,6,Group1,spreadsheet1,spreadsheet1,209,trial,Fixation,w99rzd,1,continue,,,499.9799999999814,499.9799999999814,499.9799999999814,499.9799999999814,499.9799999999814,499.9799999999814,1,0,0,,Fixation Timing,Fixation Cross,1,object-125,trial,,,,94,"<span style=""font-family: 'Courier New', Courier, monospace; font-size: 60px; color: black;"">seis</span>",######,######,"<span style=""font-family: 'Courier New', Courier, monospace; font-size: 60px; color: black;"">TRES</span>",F,different,uppercase,baseline,6,4,TRES,,,,,
866,1791195679177,05/10/2026 10:21:19,1791195679177,2,05/10/2026 12:21:19,283162,5,task-biuv,,58572850,,16708144,,complete,,,computer,Desktop or Laptop,Windows 10,Firefox 102.0,3840x2160,3840x1838,,,0,UCL - tarea 1 ,6,Group1,spreadsheet1,spreadsheet1,209,trial,Reference,m6fryy,2,timedOut,,,302.2399999999907,299.9799999999814,302.2399999999907,302.2399999999907,299.9799999999814,302.2399999999907,1,0,0,,Time Limit,screen,0,screen,trial,,,,94,"<span style=""font-family: 'Courier New', Courier, monospace; font-size: 60px; color: black;"">seis</span>",######,######,"<span style=""font-family: 'Courier New', Courier, monospace; font-size: 60px; color: black;"">TRES</span>",F,different,uppercase,baseline,6,4,TRES,,,,,
867,1791195679897,05/10/2026 10:21:19,1791195679897,2,05/10/2026 12:21:19,283162,5,task-biuv,,58572850,,16708144,,complete,,,computer,Desktop or Laptop,Windows 10,Firefox 102.0,3840x2160,3840x1838,,,0,UCL - tarea 1 ,6,Group1,spreadsheet1,spreadsheet1,209,trial,Target,spx9cn,3,response,F,,722.2600000000093,718.0600000000559,722.2600000000093,722.2600000000093,718.0600000000559,722.2600000000093,1,0,0,,Keyboard Response,Respuesta,3,object-91,trial,,,,94,"<span style=""font-family: 'Courier New', Courier, monospace; font-size: 60px; color: black;"">seis</span>",######,######,"<span style=""font-family: 'Courier New', Courier, monospace; font-size: 60px; color: black;"">TRES</span>",F,different,uppercase,baseline,6,4,TRES,,,,,
868,1791195680393,05/10/2026 10:21:20,1791195680393,2,05/10/2026 12:21:20,283162,5,task-biuv,,58572850,,16708144,,complete,,,computer,Desktop or Laptop,Windows 10,Firefox 102.0,3840x2160,3840x1838,,,0,UCL - tarea 1 ,6,Group1,spreadsheet1,spreadsheet1,209,trial,Blank,vybs3x,4,timedOut,,,501.19999999995343,499.88000000000466,501.19999999995343,501.19999999995343,499.88000000000466,501.19999999995343,1,0,0,,Time Limit,screen,0,screen,trial,,,,94,"<span style=""font-family: 'Courier New', Courier, monospace; font-size: 60px; color: black;"">seis</span>",######,######,"<span style=""font-family: 'Courier New', Courier, monospace; font-size: 60px; color: black;"">TRES</span>",F,different,uppercase,baseline,6,4,TRES,,,,,
869,1791195680893,05/10/2026 10:21:20,1791195680893,2,05/10/2026 12:21:20,283162,5,task-biuv,,58572850,,16708144,,complete,,,computer,Desktop or Laptop,Windows 10,Firefox 102.0,3840x2160,3840x1838,,,0,UCL - tarea 1 ,6,Group1,spreadsheet1,spreadsheet1,210,trial,Fixation,w99rzd,1,continue,,,499.95999999996275,499.95999999996275,499.95999999996275,499.95999999996275,499.95999999996275,499.95999999996275,1,0,0,,Fixation Timing,Fixation Cross,1,object-125,trial,,,,202,"<span style=""font-family: 'Courier New', Courier, monospace; font-size: 60px; color: black;"">seis</span>",######,######,"<span style=""font-family: 'Courier New', Courier, monospace; font-size: 60px; color: black;"">TRES</span>",F,different,uppercase,baseline,6,4,TRES,,,,,
870,1791195681194,05/10/2026 10:21:21,1791195681194,2,05/10/2026 12:21:21,283162,5,task-biuv,,58572850,,16708144,,complete,,,computer,Desktop or Laptop,Windows 10,Firefox 102.0,3840x2160,3840x1838,,,0,UCL - tarea 1 ,6,Group1,spreadsheet1,spreadsheet1,210,trial,Reference,m6fryy,2,timedOut,,,301.35999999998603,299.9799999999814,301.35999999998603,301.35999999998603,299.9799999999814,301.35999999998603,1,0,0,,Time Limit,screen,0,screen,trial,,,,202,"<span style=""font-family: 'Courier New', Courier, monospace; font-size: 60px; color: black;"">seis</span>",######,######,"<span style=""font-family: 'Courier New', Courier, monospace; font-size: 60px; color: black;"">TRES</span>",F,different,uppercase,baseline,6,4,TRES,,,,,
871,1791195681935,05/10/2026 10:21:21,1791195681935,2,05/10/2026 12:21:21,283162,5,task-biuv,,58572850,,16708144,,complete,,,computer,Desktop or Laptop,Windows 10,Firefox 102.0,3840x2160,3840x1838,,,0,UCL - tarea 1 ,6,Group1,spreadsheet1,spreadsheet1,210,trial,Target,spx9cn,3,response,F,,743.3800000000047,733.3000000000466,743.3800000000047,743.3800000000047,733.3000000000466,743.3800000000047,1,0,0,,Keyboard Response,Respuesta,3,object-91,trial,,,,202,"<span style=""font-family: 'Courier New', Courier, monospace; font-size: 60px; color: black;"">seis</span>",######,######,"<span style=""font-family: 'Courier New', Courier, monospace; font-size: 60px; color: black;"">TRES</span>",F,different,uppercase,baseline,6,4,TRES,,,,,
872,1791195682426,05/10/2026 10:21:22,1791195682426,2,05/10/2026 12:21:22,283162,5,task-biuv,,58572850,,16708144,,complete,,,computer,Desktop or Laptop,Windows 10,Firefox 102.0,3840x2160,3840x1838,,,0,UCL - tarea 1 ,6,Group1,spreadsheet1,spreadsheet1,210,trial,Blank,vybs3x,4,timedOut,,,501.0799999999581,499.9799999999814,501.0799999999581,501.0799999999581,499.9799999999814,501.0799999999581,1,0,0,,Time Limit,screen,0,screen,trial,,,,202,"<span style=""font-family: 'Courier New', Courier, monospace; font-size: 60px; color: black;"">seis</span>",######,######,"<span style=""font-family: 'Courier New', Courier, monospace; font-size: 60px; color: black;"">TRES</span>",F,different,uppercase,baseline,6,4,TRES,,,,,
873,1791195682926,05/10/2026 10:21:22,1791195682926,2,05/10/2026 12:21:22,283162,5,task-biuv,,58572850,,16708144,,complete,,,computer,Desktop or Laptop,Windows 10,Firefox 102.0,3840x2160,3840x1838,,,0,UCL - tarea 1 ,6,Group1,spreadsheet1,spreadsheet1,211,trial,Fixation,w99rzd,1,continue,,,499.9799999999814,499.9799999999814,499.9799999999814,499.9799999999814,499.9799999999814,499.9799999999814,1,0,0,,Fixation Timing,Fixation Cross,1,object-125,trial,,,,181,"<span style=""font-family: 'Courier New', Courier, monospace; font-size: 60px; color: black;"">tres</span>",######,######,"<span style=""font-family: 'Courier New', Courier, monospace; font-size: 60px; color: black;"">TRES</span>",J,same,uppercase,baseline,3,4,TRES,,,,,
874,1791195683226,05/10/2026 10:21:23,1791195683226,2,05/10/2026 12:21:23,283162,5,task-biuv,,58572850,,16708144,,complete,,,computer,Desktop or Laptop,Windows 10,Firefox 102.0,3840x2160,3840x1838,,,0,UCL - tarea 1 ,6,Group1,spreadsheet1,spreadsheet1,211,trial,Reference,m6fryy,2,timedOut,,,300.11999999999534,299.9799999999814,300.11999999999534,300.11999999999534,299.9799999999814,300.11999999999534,1,0,0,,Time Limit,screen,0,screen,trial,,,,181,"<span style=""font-family: 'Courier New', Courier, monospace; font-size: 60px; color: black;"">tres</span>",######,######,"<span style=""font-family: 'Courier New', Courier, monospace; font-size: 60px; color: black;"">TRES</span>",J,same,uppercase,baseline,3,4,TRES,,,,,
875,1791195683887,05/10/2026 10:21:23,1791195683887,2,05/10/2026 12:21:23,283162,5,task-biuv,,58572850,,16708144,,complete,,,computer,Desktop or Laptop,Windows 10,Firefox 102.0,3840x2160,3840x1838,,,0,UCL - tarea 1 ,6,Group1,spreadsheet1,spreadsheet1,211,trial,Target,spx9cn,3,response,J,,662.140000000014,649.9599999999627,662.140000000014,662.140000000014,649.9599999999627,662.140000000014,1,0,0,,Keyboard Response,Respuesta,3,object-91,trial,,,,181,"<span style=""font-family: 'Courier New', Courier, monospace; font-size: 60px; color: black;"">tres</span>",######,######,"<span style=""font-family: 'Courier New', Courier, monospace; font-size: 60px; color: black;"">TRES</span>",J,same,uppercase,baseline,3,4,TRES,,,,,
876,1791195684376,05/10/2026 10:21:24,1791195684376,2,05/10/2026 12:21:24,283162,5,task-biuv,,58572850,,16708144,,complete,,,computer,Desktop or Laptop,Windows 10,Firefox 102.0,3840x2160,3840x1838,,,0,UCL - tarea 1 ,6,Group1,spreadsheet1,spreadsheet1,211,trial,Blank,vybs3x,4,timedOut,,,501.1800000000512,499.9800000000978,501.1800000000512,501.1800000000512,499.9800000000978,501.1800000000512,1,0,0,,Time Limit,screen,0,screen,trial,,,,181,"<span style=""font-family: 'Courier New', Courier, monospace; font-size: 60px; color: black;"">tres</span>",######,######,"<span style=""font-family: 'Courier New', Courier, monospace; font-size: 60px; color: black;"">TRES</span>",J,same,uppercase,baseline,3,4,TRES,,,,,
877,1791195684877,05/10/2026 10:21:24,1791195684877,2,05/10/2026 12:21:24,283162,5,task-biuv,,58572850,,16708144,,complete,,,computer,Desktop or Laptop,Windows 10,Firefox 102.0,3840x2160,3840x1838,,,0,UCL - tarea 1 ,6,Group1,spreadsheet1,spreadsheet1,212,trial,Fixation,w99rzd,1,continue,,,499.9799999999814,499.9799999999814,499.9799999999814,499.9799999999814,499.9799999999814,499.9799999999814,1,0,0,,Fixation Timing,Fixation Cross,1,object-125,trial,,,,191,"<span style=""font-family: 'Courier New', Courier, monospace; font-size: 60px; color: black;"">nueve</span>",######,######,"<span style=""font-family: 'Courier New', Courier, monospace; font-size: 60px; color: black;"">NUEVE</span>",J,same,uppercase,baseline,9,4,NUEVE,,,,,
878,1791195685176,05/10/2026 10:21:25,1791195685176,2,05/10/2026 12:21:25,283162,5,task-biuv,,58572850,,16708144,,complete,,,computer,Desktop or Laptop,Windows 10,Firefox 102.0,3840x2160,3840x1838,,,0,UCL - tarea 1 ,6,Group1,spreadsheet1,spreadsheet1,212,trial,Reference,m6fryy,2,timedOut,,,301.21999999997206,299.9799999999814,301.21999999997206,301.21999999997206,299.9799999999814,301.21999999997206,1,0,0,,Time Limit,screen,0,screen,trial,,,,191,"<span style=""font-family: 'Courier New', Courier, monospace; font-size: 60px; color: black;"">nueve</span>",######,######,"<span style=""font-family: 'Courier New', Courier, monospace; font-size: 60px; color: black;"">NUEVE</span>",J,same,uppercase,baseline,9,4,NUEVE,,,,,
879,1791195685801,05/10/2026 10:21:25,1791195685801,2,05/10/2026 12:21:25,283162,5,task-biuv,,58572850,,16708144,,complete,,,computer,Desktop or Laptop,Windows 10,Firefox 102.0,3840x2160,3840x1838,,,0,UCL - tarea 1 ,6,Group1,spreadsheet1,spreadsheet1,212,trial,Target,spx9cn,3,response,J,,625.2399999999907,616.6199999999953,625.2399999999907,625.2399999999907,616.6199999999953,625.2399999999907,1,0,0,,Keyboard Response,Respuesta,3,object-91,trial,,,,191,"<span style=""font-family: 'Courier New', Courier, monospace; font-size: 60px; color: black;"">nueve</span>",######,######,"<span style=""font-family: 'Courier New', Courier, monospace; font-size: 60px; color: black;"">NUEVE</span>",J,same,uppercase,baseline,9,4,NUEVE,,,,,
880,1791195686292,05/10/2026 10:21:26,1791195686292,2,05/10/2026 12:21:26,283162,5,task-biuv,,58572850,,16708144,,complete,,,computer,Desktop or Laptop,Windows 10,Firefox 102.0,3840x2160,3840x1838,,,0,UCL - tarea 1 ,6,Group1,spreadsheet1,spreadsheet1,212,trial,Blank,vybs3x,4,timedOut,,,500.61999999999534,499.9799999999814,500.61999999999534,500.61999999999534,499.9799999999814,500.61999999999534,1,0,0,,Time Limit,screen,0,screen,trial,,,,191,"<span style=""font-family: 'Courier New', Courier, monospace; font-size: 60px; color: black;"">nueve</span>",######,######,"<span style=""font-family: 'Courier New', Courier, monospace; font-size: 60px; color: black;"">NUEVE</span>",J,same,uppercase,baseline,9,4,NUEVE,,,,,
881,1791195686794,05/10/2026 10:21:26,1791195686794,2,05/10/2026 12:21:26,283162,5,task-biuv,,58572850,,16708144,,complete,,,computer,Desktop or Laptop,Windows 10,Firefox 102.0,3840x2160,3840x1838,,,0,UCL - tarea 1 ,6,Group1,spreadsheet1,spreadsheet1,213,trial,Fixation,w99rzd,1,continue,,,499.9799999999814,499.9799999999814,499.9799999999814,499.9799999999814,499.9799999999814,499.9799999999814,1,0,0,,Fixation Timing,Fixation Cross,1,object-125,trial,,,,93,"<span style=""font-family: 'Courier New', Courier, monospace; font-size: 60px; color: black;"">siete</span>",######,######,"<span style=""font-family: 'Courier New', Courier, monospace; font-size: 60px; color: black;"">C1NCO</span>",F,different,leet,incongruent_leet,7,4,C1NCO,,,,,
882,1791195687093,05/10/2026 10:21:27,1791195687093,2,05/10/2026 12:21:27,283162,5,task-biuv,,58572850,,16708144,,complete,,,computer,Desktop or Laptop,Windows 10,Firefox 102.0,3840x2160,3840x1838,,,0,UCL - tarea 1 ,6,Group1,spreadsheet1,spreadsheet1,213,trial,Reference,m6fryy,2,timedOut,,,301.6600000000326,299.9799999999814,301.6600000000326,301.6600000000326,299.9799999999814,301.6600000000326,1,0,0,,Time Limit,screen,0,screen,trial,,,,93,"<span style=""font-family: 'Courier New', Courier, monospace; font-size: 60px; color: black;"">siete</span>",######,######,"<span style=""font-family: 'Courier New', Courier, monospace; font-size: 60px; color: black;"">C1NCO</span>",F,different,leet,incongruent_leet,7,4,C1NCO,,,,,
883,1791195687680,05/10/2026 10:21:27,1791195687680,2,05/10/2026 12:21:27,283162,5,task-biuv,,58572850,,16708144,,complete,,,computer,Desktop or Laptop,Windows 10,Firefox 102.0,3840x2160,3840x1838,,,0,UCL - tarea 1 ,6,Group1,spreadsheet1,spreadsheet1,213,trial,Target,spx9cn,3,response,F,,587.6800000000512,583.3000000000466,587.6800000000512,587.6800000000512,583.3000000000466,587.6800000000512,1,0,0,,Keyboard Response,Respuesta,3,object-91,trial,,,,93,"<span style=""font-family: 'Courier New', Courier, monospace; font-size: 60px; color: black;"">siete</span>",######,######,"<span style=""font-family: 'Courier New', Courier, monospace; font-size: 60px; color: black;"">C1NCO</span>",F,different,leet,incongruent_leet,7,4,C1NCO,,,,,
884,1791195688176,05/10/2026 10:21:28,1791195688176,2,05/10/2026 12:21:28,283162,5,task-biuv,,58572850,,16708144,,complete,,,computer,Desktop or Laptop,Windows 10,Firefox 102.0,3840x2160,3840x1838,,,0,UCL - tarea 1 ,6,Group1,spreadsheet1,spreadsheet1,213,trial,Blank,vybs3x,4,timedOut,,,501.38000000000466,499.9799999999814,501.38000000000466,501.38000000000466,499.9799999999814,501.38000000000466,1,0,0,,Time Limit,screen,0,screen,trial,,,,93,"<span style=""font-family: 'Courier New', Courier, monospace; font-size: 60px; color: black;"">siete</span>",######,######,"<span style=""font-family: 'Courier New', Courier, monospace; font-size: 60px; color: black;"">C1NCO</span>",F,different,leet,incongruent_leet,7,4,C1NCO,,,,,
885,1791195688677,05/10/2026 10:21:28,1791195688677,2,05/10/2026 12:21:28,283162,5,task-biuv,,58572850,,16708144,,complete,,,computer,Desktop or Laptop,Windows 10,Firefox 102.0,3840x2160,3840x1838,,,0,UCL - tarea 1 ,6,Group1,spreadsheet1,spreadsheet1,214,trial,Fixation,w99rzd,1,continue,,,499.9799999999814,499.9799999999814,499.9799999999814,499.9799999999814,499.9799999999814,499.9799999999814,1,0,0,,Fixation Timing,Fixation Cross,1,object-125,trial,,,,200,"<span style=""font-family: 'Courier New', Courier, monospace; font-size: 60px; color: black;"">cuatro</span>",######,######,"<span style=""font-family: 'Courier New', Courier, monospace; font-size: 60px; color: black;"">NUEVE</span>",F,different,uppercase,baseline,4,4,NUEVE,,,,,
886,1791195688977,05/10/2026 10:21:28,1791195688977,2,05/10/2026 12:21:28,283162,5,task-biuv,,58572850,,16708144,,complete,,,computer,Desktop or Laptop,Windows 10,Firefox 102.0,3840x2160,3840x1838,,,0,UCL - tarea 1 ,6,Group1,spreadsheet1,spreadsheet1,214,trial,Reference,m6fryy,2,timedOut,,,301.4200000000419,299.9800000000978,301.4200000000419,301.4200000000419,299.9800000000978,301.4200000000419,1,0,0,,Time Limit,screen,0,screen,trial,,,,200,"<span style=""font-family: 'Courier New', Courier, monospace; font-size: 60px; color: black;"">cuatro</span>",######,######,"<span style=""font-family: 'Courier New', Courier, monospace; font-size: 60px; color: black;"">NUEVE</span>",F,different,uppercase,baseline,4,4,NUEVE,,,,,
887,1791195689695,05/10/2026 10:21:29,1791195689695,2,05/10/2026 12:21:29,283162,5,task-biuv,,58572850,,16708144,,complete,,,computer,Desktop or Laptop,Windows 10,Firefox 102.0,3840x2160,3840x1838,,,0,UCL - tarea 1 ,6,Group1,spreadsheet1,spreadsheet1,214,trial,Target,spx9cn,3,response,F,,720.4399999999441,716.6199999999953,720.4399999999441,720.4399999999441,716.6199999999953,720.4399999999441,1,0,0,,Keyboard Response,Respuesta,3,object-91,trial,,,,200,"<span style=""font-family: 'Courier New', Courier, monospace; font-size: 60px; color: black;"">cuatro</span>",######,######,"<span style=""font-family: 'Courier New', Courier, monospace; font-size: 60px; color: black;"">NUEVE</span>",F,different,uppercase,baseline,4,4,NUEVE,,,,,
888,1791195690192,05/10/2026 10:21:30,1791195690192,2,05/10/2026 12:21:30,283162,5,task-biuv,,58572850,,16708144,,complete,,,computer,Desktop or Laptop,Windows 10,Firefox 102.0,3840x2160,3840x1838,,,0,UCL - tarea 1 ,6,Group1,spreadsheet1,spreadsheet1,214,trial,Blank,vybs3x,4,timedOut,,,501.8199999999488,499.9799999999814,501.8199999999488,501.8199999999488,499.9799999999814,501.8199999999488,1,0,0,,Time Limit,screen,0,screen,trial,,,,200,"<span style=""font-family: 'Courier New', Courier, monospace; font-size: 60px; color: black;"">cuatro</span>",######,######,"<span style=""font-family: 'Courier New', Courier, monospace; font-size: 60px; color: black;"">NUEVE</span>",F,different,uppercase,baseline,4,4,NUEVE,,,,,
889,1791195690693,05/10/2026 10:21:30,1791195690693,2,05/10/2026 12:21:30,283162,5,task-biuv,,58572850,,16708144,,complete,,,computer,Desktop or Laptop,Windows 10,Firefox 102.0,3840x2160,3840x1838,,,0,UCL - tarea 1 ,6,Group1,spreadsheet1,spreadsheet1,215,trial,Fixation,w99rzd,1,continue,,,499.9799999999814,499.9799999999814,499.9799999999814,499.9799999999814,499.9799999999814,499.9799999999814,1,0,0,,Fixation Timing,Fixation Cross,1,object-125,trial,,,,81,"<span style=""font-family: 'Courier New', Courier, monospace; font-size: 60px; color: black;"">siete</span>",######,######,"<span style=""font-family: 'Courier New', Courier, monospace; font-size: 60px; color: black;"">SIETE</span>",J,same,uppercase,baseline,7,4,SIETE,,,,,
890,1791195690993,05/10/2026 10:21:30,1791195690993,2,05/10/2026 12:21:30,283162,5,task-biuv,,58572850,,16708144,,complete,,,computer,Desktop or Laptop,Windows 10,Firefox 102.0,3840x2160,3840x1838,,,0,UCL - tarea 1 ,6,Group1,spreadsheet1,spreadsheet1,215,trial,Reference,m6fryy,2,timedOut,,,301.85999999998603,299.9799999999814,301.85999999998603,301.85999999998603,299.9799999999814,301.85999999998603,1,0,0,,Time Limit,screen,0,screen,trial,,,,81,"<span style=""font-family: 'Courier New', Courier, monospace; font-size: 60px; color: black;"">siete</span>",######,######,"<span style=""font-family: 'Courier New', Courier, monospace; font-size: 60px; color: black;"">SIETE</span>",J,same,uppercase,baseline,7,4,SIETE,,,,,
891,1791195691600,05/10/2026 10:21:31,1791195691600,2,05/10/2026 12:21:31,283162,5,task-biuv,,58572850,,16708144,,complete,,,computer,Desktop or Laptop,Windows 10,Firefox 102.0,3840x2160,3840x1838,,,0,UCL - tarea 1 ,6,Group1,spreadsheet1,spreadsheet1,215,trial,Target,spx9cn,3,response,J,,608.8800000000047,599.9599999999627,608.8800000000047,608.8800000000047,599.9599999999627,608.8800000000047,1,0,0,,Keyboard Response,Respuesta,3,object-91,trial,,,,81,"<span style=""font-family: 'Courier New', Courier, monospace; font-size: 60px; color: black;"">siete</span>",######,######,"<span style=""font-family: 'Courier New', Courier, monospace; font-size: 60px; color: black;"">SIETE</span>",J,same,uppercase,baseline,7,4,SIETE,,,,,
892,1791195692093,05/10/2026 10:21:32,1791195692093,2,05/10/2026 12:21:32,283162,5,task-biuv,,58572850,,16708144,,complete,,,computer,Desktop or Laptop,Windows 10,Firefox 102.0,3840x2160,3840x1838,,,0,UCL - tarea 1 ,6,Group1,spreadsheet1,spreadsheet1,215,trial,Blank,vybs3x,4,timedOut,,,500.9200000000419,499.9800000000978,500.9200000000419,500.9200000000419,499.9800000000978,500.9200000000419,1,0,0,,Time Limit,screen,0,screen,trial,,,,81,"<span style=""font-family: 'Courier New', Courier, monospace; font-size: 60px; color: black;"">siete</span>",######,######,"<span style=""font-family: 'Courier New', Courier, monospace; font-size: 60px; color: black;"">SIETE</span>",J,same,uppercase,baseline,7,4,SIETE,,,,,
893,1791195692594,05/10/2026 10:21:32,1791195692594,2,05/10/2026 12:21:32,283162,5,task-biuv,,58572850,,16708144,,complete,,,computer,Desktop or Laptop,Windows 10,Firefox 102.0,3840x2160,3840x1838,,,0,UCL - tarea 1 ,6,Group1,spreadsheet1,spreadsheet1,216,trial,Fixation,w99rzd,1,continue,,,499.9799999999814,499.9799999999814,499.9799999999814,499.9799999999814,499.9799999999814,499.9799999999814,1,0,0,,Fixation Timing,Fixation Cross,1,object-125,trial,,,,189,"<span style=""font-family: 'Courier New', Courier, monospace; font-size: 60px; color: black;"">siete</span>",######,######,"<span style=""font-family: 'Courier New', Courier, monospace; font-size: 60px; color: black;"">SIETE</span>",J,same,uppercase,baseline,7,4,SIETE,,,,,
894,1791195692893,05/10/2026 10:21:32,1791195692893,2,05/10/2026 12:21:32,283162,5,task-biuv,,58572850,,16708144,,complete,,,computer,Desktop or Laptop,Windows 10,Firefox 102.0,3840x2160,3840x1838,,,0,UCL - tarea 1 ,6,Group1,spreadsheet1,spreadsheet1,216,trial,Reference,m6fryy,2,timedOut,,,300.95999999996275,299.9799999999814,300.95999999996275,300.95999999996275,299.9799999999814,300.95999999996275,1,0,0,,Time Limit,screen,0,screen,trial,,,,189,"<span style=""font-family: 'Courier New', Courier, monospace; font-size: 60px; color: black;"">siete</span>",######,######,"<span style=""font-family: 'Courier New', Courier, monospace; font-size: 60px; color: black;"">SIETE</span>",J,same,uppercase,baseline,7,4,SIETE,,,,,
895,1791195693440,05/10/2026 10:21:33,1791195693440,2,05/10/2026 12:21:33,283162,5,task-biuv,,58572850,,16708144,,complete,,,computer,Desktop or Laptop,Windows 10,Firefox 102.0,3840x2160,3840x1838,,,0,UCL - tarea 1 ,6,Group1,spreadsheet1,spreadsheet1,216,trial,Target,spx9cn,3,response,J,,548.9799999999814,533.2999999999302,548.9799999999814,548.9799999999814,533.2999999999302,548.9799999999814,1,0,0,,Keyboard Response,Respuesta,3,object-91,trial,,,,189,"<span style=""font-family: 'Courier New', Courier, monospace; font-size: 60px; color: black;"">siete</span>",######,######,"<span style=""font-family: 'Courier New', Courier, monospace; font-size: 60px; color: black;"">SIETE</span>",J,same,uppercase,baseline,7,4,SIETE,,,,,
896,1791195693926,05/10/2026 10:21:33,1791195693926,2,05/10/2026 12:21:33,283162,5,task-biuv,,58572850,,16708144,,complete,,,computer,Desktop or Laptop,Windows 10,Firefox 102.0,3840x2160,3840x1838,,,0,UCL - tarea 1 ,6,Group1,spreadsheet1,spreadsheet1,216,trial,Blank,vybs3x,4,timedOut,,,501.6800000000512,499.9800000000978,501.6800000000512,501.6800000000512,499.9800000000978,501.6800000000512,1,0,0,,Time Limit,screen,0,screen,trial,,,,189,"<span style=""font-family: 'Courier New', Courier, monospace; font-size: 60px; color: black;"">siete</span>",######,######,"<span style=""font-family: 'Courier New', Courier, monospace; font-size: 60px; color: black;"">SIETE</span>",J,same,uppercase,baseline,7,4,SIETE,,,,,
897,1791195694427,05/10/2026 10:21:34,1791195694427,2,05/10/2026 12:21:34,283162,5,task-biuv,,58572850,,16708144,,complete,,,computer,Desktop or Laptop,Windows 10,Firefox 102.0,3840x2160,3840x1838,,,0,UCL - tarea 1 ,6,Group1,spreadsheet1,spreadsheet1,217,trial,Fixation,w99rzd,1,continue,,,499.9799999999814,499.9799999999814,499.9799999999814,499.9799999999814,499.9799999999814,499.9799999999814,1,0,0,,Fixation Timing,Fixation Cross,1,object-125,trial,,,,215,"<span style=""font-family: 'Courier New', Courier, monospace; font-size: 60px; color: black;"">nueve</span>",######,######,"<span style=""font-family: 'Courier New', Courier, monospace; font-size: 60px; color: black;"">NUEVE</span>",J,same,uppercase,baseline,9,5,NUEVE,,,,,
898,1791195694726,05/10/2026 10:21:34,1791195694726,2,05/10/2026 12:21:34,283162,5,task-biuv,,58572850,,16708144,,complete,,,computer,Desktop or Laptop,Windows 10,Firefox 102.0,3840x2160,3840x1838,,,0,UCL - tarea 1 ,6,Group1,spreadsheet1,spreadsheet1,217,trial,Reference,m6fryy,2,timedOut,,,301.71999999997206,299.9799999999814,301.71999999997206,301.71999999997206,299.9799999999814,301.71999999997206,1,0,0,,Time Limit,screen,0,screen,trial,,,,215,"<span style=""font-family: 'Courier New', Courier, monospace; font-size: 60px; color: black;"">nueve</span>",######,######,"<span style=""font-family: 'Courier New', Courier, monospace; font-size: 60px; color: black;"">NUEVE</span>",J,same,uppercase,baseline,9,5,NUEVE,,,,,
899,1791195695304,05/10/2026 10:21:35,1791195695304,2,05/10/2026 12:21:35,283162,5,task-biuv,,58572850,,16708144,,complete,,,computer,Desktop or Laptop,Windows 10,Firefox 102.0,3840x2160,3840x1838,,,0,UCL - tarea 1 ,6,Group1,spreadsheet1,spreadsheet1,217,trial,Target,spx9cn,3,response,J,,578.7399999999907,566.640000000014,578.7399999999907,578.7399999999907,566.640000000014,578.7399999999907,1,0,0,,Keyboard Response,Respuesta,3,object-91,trial,,,,215,"<span style=""font-family: 'Courier New', Courier, monospace; font-size: 60px; color: black;"">nueve</span>",######,######,"<span style=""font-family: 'Courier New', Courier, monospace; font-size: 60px; color: black;"">NUEVE</span>",J,same,uppercase,baseline,9,5,NUEVE,,,,,
900,1791195695793,05/10/2026 10:21:35,1791195695793,2,05/10/2026 12:21:35,283162,5,task-biuv,,58572850,,16708144,,complete,,,computer,Desktop or Laptop,Windows 10,Firefox 102.0,3840x2160,3840x1838,,,0,UCL - tarea 1 ,6,Group1,spreadsheet1,spreadsheet1,217,trial,Blank,vybs3x,4,timedOut,,,502.0999999999767,499.95999999996275,502.0999999999767,502.0999999999767,499.95999999996275,502.0999999999767,1,0,0,,Time Limit,screen,0,screen,trial,,,,215,"<span style=""font-family: 'Courier New', Courier, monospace; font-size: 60px; color: black;"">nueve</span>",######,######,"<span style=""font-family: 'Courier New', Courier, monospace; font-size: 60px; color: black;"">NUEVE</span>",J,same,uppercase,baseline,9,5,NUEVE,,,,,
901,1791195696292,05/10/2026 10:21:36,1791195696292,2,05/10/2026 12:21:36,283162,5,task-biuv,,58572850,,16708144,,complete,,,computer,Desktop or Laptop,Windows 10,Firefox 102.0,3840x2160,3840x1838,,,0,UCL - tarea 1 ,6,Group1,spreadsheet1,spreadsheet1,218,trial,Fixation,w99rzd,1,continue,,,499.9799999999814,499.9799999999814,499.9799999999814,499.9799999999814,499.9799999999814,499.9799999999814,1,0,0,,Fixation Timing,Fixation Cross,1,object-125,trial,,,,113,"<span style=""font-family: 'Courier New', Courier, monospace; font-size: 60px; color: black;"">nueve</span>",######,######,"<span style=""font-family: 'Courier New', Courier, monospace; font-size: 60px; color: black;"">CUATRO</span>",F,different,uppercase,baseline,9,5,CUATRO,,,,,
902,1791195696592,05/10/2026 10:21:36,1791195696592,2,05/10/2026 12:21:36,283162,5,task-biuv,,58572850,,16708144,,complete,,,computer,Desktop or Laptop,Windows 10,Firefox 102.0,3840x2160,3840x1838,,,0,UCL - tarea 1 ,6,Group1,spreadsheet1,spreadsheet1,218,trial,Reference,m6fryy,2,timedOut,,,302.1600000000326,299.9799999999814,302.1600000000326,302.1600000000326,299.9799999999814,302.1600000000326,1,0,0,,Time Limit,screen,0,screen,trial,,,,113,"<span style=""font-family: 'Courier New', Courier, monospace; font-size: 60px; color: black;"">nueve</span>",######,######,"<span style=""font-family: 'Courier New', Courier, monospace; font-size: 60px; color: black;"">CUATRO</span>",F,different,uppercase,baseline,9,5,CUATRO,,,,,
903,1791195697271,05/10/2026 10:21:37,1791195697271,2,05/10/2026 12:21:37,283162,5,task-biuv,,58572850,,16708144,,complete,,,computer,Desktop or Laptop,Windows 10,Firefox 102.0,3840x2160,3840x1838,,,0,UCL - tarea 1 ,6,Group1,spreadsheet1,spreadsheet1,218,trial,Target,spx9cn,3,response,F,,680.1800000000512,666.640000000014,680.1800000000512,680.1800000000512,666.640000000014,680.1800000000512,1,0,0,,Keyboard Response,Respuesta,3,object-91,trial,,,,113,"<span style=""font-family: 'Courier New', Courier, monospace; font-size: 60px; color: black;"">nueve</span>",######,######,"<span style=""font-family: 'Courier New', Courier, monospace; font-size: 60px; color: black;"">CUATRO</span>",F,different,uppercase,baseline,9,5,CUATRO,,,,,
904,1791195697760,05/10/2026 10:21:37,1791195697760,2,05/10/2026 12:21:37,283162,5,task-biuv,,58572850,,16708144,,complete,,,computer,Desktop or Laptop,Windows 10,Firefox 102.0,3840x2160,3840x1838,,,0,UCL - tarea 1 ,6,Group1,spreadsheet1,spreadsheet1,218,trial,Blank,vybs3x,4,timedOut,,,501.54000000003725,499.9799999999814,501.54000000003725,501.54000000003725,499.9799999999814,501.54000000003725,1,0,0,,Time Limit,screen,0,screen,trial,,,,113,"<span style=""font-family: 'Courier New', Courier, monospace; font-size: 60px; color: black;"">nueve</span>",######,######,"<span style=""font-family: 'Courier New', Courier, monospace; font-size: 60px; color: black;"">CUATRO</span>",F,different,uppercase,baseline,9,5,CUATRO,,,,,
905,1791195698260,05/10/2026 10:21:38,1791195698260,2,05/10/2026 12:21:38,283162,5,task-biuv,,58572850,,16708144,,complete,,,computer,Desktop or Laptop,Windows 10,Firefox 102.0,3840x2160,3840x1838,,,0,UCL - tarea 1 ,6,Group1,spreadsheet1,spreadsheet1,219,trial,Fixation,w99rzd,1,continue,,,499.96000000007916,499.96000000007916,499.96000000007916,499.96000000007916,499.96000000007916,499.96000000007916,1,0,0,,Fixation Timing,Fixation Cross,1,object-125,trial,,,,219,"<span style=""font-family: 'Courier New', Courier, monospace; font-size: 60px; color: black;"">siete</span>",######,######,"<span style=""font-family: 'Courier New', Courier, monospace; font-size: 60px; color: black;"">CINCO</span>",F,different,uppercase,baseline,7,5,CINCO,,,,,
906,1791195698558,05/10/2026 10:21:38,1791195698558,2,05/10/2026 12:21:38,283162,5,task-biuv,,58572850,,16708144,,complete,,,computer,Desktop or Laptop,Windows 10,Firefox 102.0,3840x2160,3840x1838,,,0,UCL - tarea 1 ,6,Group1,spreadsheet1,spreadsheet1,219,trial,Reference,m6fryy,2,timedOut,,,301.5999999999767,300,301.5999999999767,301.5999999999767,300,301.5999999999767,1,0,0,,Time Limit,screen,0,screen,trial,,,,219,"<span style=""font-family: 'Courier New', Courier, monospace; font-size: 60px; color: black;"">siete</span>",######,######,"<span style=""font-family: 'Courier New', Courier, monospace; font-size: 60px; color: black;"">CINCO</span>",F,different,uppercase,baseline,7,5,CINCO,,,,,
907,1791195699295,05/10/2026 10:21:39,1791195699295,2,05/10/2026 12:21:39,283162,5,task-biuv,,58572850,,16708144,,complete,,,computer,Desktop or Laptop,Windows 10,Firefox 102.0,3840x2160,3840x1838,,,0,UCL - tarea 1 ,6,Group1,spreadsheet1,spreadsheet1,219,trial,Target,spx9cn,3,response,F,,737.5999999999767,733.2800000000279,737.5999999999767,737.5999999999767,733.2800000000279,737.5999999999767,1,0,0,,Keyboard Response,Respuesta,3,object-91,trial,,,,219,"<span style=""font-family: 'Courier New', Courier, monospace; font-size: 60px; color: black;"">siete</span>",######,######,"<span style=""font-family: 'Courier New', Courier, monospace; font-size: 60px; color: black;"">CINCO</span>",F,different,uppercase,baseline,7,5,CINCO,,,,,
908,1791195699792,05/10/2026 10:21:39,1791195699792,2,05/10/2026 12:21:39,283162,5,task-biuv,,58572850,,16708144,,complete,,,computer,Desktop or Laptop,Windows 10,Firefox 102.0,3840x2160,3840x1838,,,0,UCL - tarea 1 ,6,Group1,spreadsheet1,spreadsheet1,219,trial,Blank,vybs3x,4,timedOut,,,502.3199999999488,499.9799999999814,502.3199999999488,502.3199999999488,499.9799999999814,502.3199999999488,1,0,0,,Time Limit,screen,0,screen,trial,,,,219,"<span style=""font-family: 'Courier New', Courier, monospace; font-size: 60px; color: black;"">siete</span>",######,######,"<span style=""font-family: 'Courier New', Courier, monospace; font-size: 60px; color: black;"">CINCO</span>",F,different,uppercase,baseline,7,5,CINCO,,,,,
909,1791195700293,05/10/2026 10:21:40,1791195700293,2,05/10/2026 12:21:40,283162,5,task-biuv,,58572850,,16708144,,complete,,,computer,Desktop or Laptop,Windows 10,Firefox 102.0,3840x2160,3840x1838,,,0,UCL - tarea 1 ,6,Group1,spreadsheet1,spreadsheet1,220,trial,Fixation,w99rzd,1,continue,,,499.9799999999814,499.9799999999814,499.9799999999814,499.9799999999814,499.9799999999814,499.9799999999814,1,0,0,,Fixation Timing,Fixation Cross,1,object-125,trial,,,,99,"<span style=""font-family: 'Courier New', Courier, monospace; font-size: 60px; color: black;"">siete</span>",######,######,"<span style=""font-family: 'Courier New', Courier, monospace; font-size: 60px; color: black;"">SIE7E</span>",J,same,leet,congruent_leet,7,5,SIE7E,,,,,
910,1791195700593,05/10/2026 10:21:40,1791195700593,2,05/10/2026 12:21:40,283162,5,task-biuv,,58572850,,16708144,,complete,,,computer,Desktop or Laptop,Windows 10,Firefox 102.0,3840x2160,3840x1838,,,0,UCL - tarea 1 ,6,Group1,spreadsheet1,spreadsheet1,220,trial,Reference,m6fryy,2,timedOut,,,302.35999999998603,299.9799999999814,302.35999999998603,302.35999999998603,299.9799999999814,302.35999999998603,1,0,0,,Time Limit,screen,0,screen,trial,,,,99,"<span style=""font-family: 'Courier New', Courier, monospace; font-size: 60px; color: black;"">siete</span>",######,######,"<span style=""font-family: 'Courier New', Courier, monospace; font-size: 60px; color: black;"">SIE7E</span>",J,same,leet,congruent_leet,7,5,SIE7E,,,,,
911,1791195701473,05/10/2026 10:21:41,1791195701473,2,05/10/2026 12:21:41,283162,5,task-biuv,,58572850,,16708144,,complete,,,computer,Desktop or Laptop,Windows 10,Firefox 102.0,3840x2160,3840x1838,,,0,UCL - tarea 1 ,6,Group1,spreadsheet1,spreadsheet1,220,trial,Target,spx9cn,3,response,J,,882.3800000000047,866.6199999999953,882.3800000000047,882.3800000000047,866.6199999999953,882.3800000000047,1,0,0,,Keyboard Response,Respuesta,3,object-91,trial,,,,99,"<span style=""font-family: 'Courier New', Courier, monospace; font-size: 60px; color: black;"">siete</span>",######,######,"<span style=""font-family: 'Courier New', Courier, monospace; font-size: 60px; color: black;"">SIE7E</span>",J,same,leet,congruent_leet,7,5,SIE7E,,,,,
912,1791195701960,05/10/2026 10:21:41,1791195701960,2,05/10/2026 12:21:41,283162,5,task-biuv,,58572850,,16708144,,complete,,,computer,Desktop or Laptop,Windows 10,Firefox 102.0,3840x2160,3840x1838,,,0,UCL - tarea 1 ,6,Group1,spreadsheet1,spreadsheet1,220,trial,Blank,vybs3x,4,timedOut,,,501.7600000000093,499.9799999999814,501.7600000000093,501.7600000000093,499.9799999999814,501.7600000000093,1,0,0,,Time Limit,screen,0,screen,trial,,,,99,"<span style=""font-family: 'Courier New', Courier, monospace; font-size: 60px; color: black;"">siete</span>",######,######,"<span style=""font-family: 'Courier New', Courier, monospace; font-size: 60px; color: black;"">SIE7E</span>",J,same,leet,congruent_leet,7,5,SIE7E,,,,,
913,1791195702460,05/10/2026 10:21:42,1791195702460,2,05/10/2026 12:21:42,283162,5,task-biuv,,58572850,,16708144,,complete,,,computer,Desktop or Laptop,Windows 10,Firefox 102.0,3840x2160,3840x1838,,,0,UCL - tarea 1 ,6,Group1,spreadsheet1,spreadsheet1,221,trial,Fixation,w99rzd,1,continue,,,499.96000000007916,499.96000000007916,499.96000000007916,499.96000000007916,499.96000000007916,499.96000000007916,1,0,0,,Fixation Timing,Fixation Cross,1,object-125,trial,,,,212,"<span style=""font-family: 'Courier New', Courier, monospace; font-size: 60px; color: black;"">cuatro</span>",######,######,"<span style=""font-family: 'Courier New', Courier, monospace; font-size: 60px; color: black;"">CUATRO</span>",J,same,uppercase,baseline,4,5,CUATRO,,,,,
914,1791195702760,05/10/2026 10:21:42,1791195702760,2,05/10/2026 12:21:42,283162,5,task-biuv,,58572850,,16708144,,complete,,,computer,Desktop or Laptop,Windows 10,Firefox 102.0,3840x2160,3840x1838,,,0,UCL - tarea 1 ,6,Group1,spreadsheet1,spreadsheet1,221,trial,Reference,m6fryy,2,timedOut,,,301.8199999999488,300,301.8199999999488,301.8199999999488,300,301.8199999999488,1,0,0,,Time Limit,screen,0,screen,trial,,,,212,"<span style=""font-family: 'Courier New', Courier, monospace; font-size: 60px; color: black;"">cuatro</span>",######,######,"<span style=""font-family: 'Courier New', Courier, monospace; font-size: 60px; color: black;"">CUATRO</span>",J,same,uppercase,baseline,4,5,CUATRO,,,,,
915,1791195703416,05/10/2026 10:21:43,1791195703416,2,05/10/2026 12:21:43,283162,5,task-biuv,,58572850,,16708144,,complete,,,computer,Desktop or Laptop,Windows 10,Firefox 102.0,3840x2160,3840x1838,,,0,UCL - tarea 1 ,6,Group1,spreadsheet1,spreadsheet1,221,trial,Target,spx9cn,3,response,J,,658.8199999999488,649.9599999999627,658.8199999999488,658.8199999999488,649.9599999999627,658.8199999999488,1,0,0,,Keyboard Response,Respuesta,3,object-91,trial,,,,212,"<span style=""font-family: 'Courier New', Courier, monospace; font-size: 60px; color: black;"">cuatro</span>",######,######,"<span style=""font-family: 'Courier New', Courier, monospace; font-size: 60px; color: black;"">CUATRO</span>",J,same,uppercase,baseline,4,5,CUATRO,,,,,
916,1791195703910,05/10/2026 10:21:43,1791195703910,2,05/10/2026 12:21:43,283162,5,task-biuv,,58572850,,16708144,,complete,,,computer,Desktop or Laptop,Windows 10,Firefox 102.0,3840x2160,3840x1838,,,0,UCL - tarea 1 ,6,Group1,spreadsheet1,spreadsheet1,221,trial,Blank,vybs3x,4,timedOut,,,501.85999999998603,499.9799999999814,501.85999999998603,501.85999999998603,499.9799999999814,501.85999999998603,1,0,0,,Time Limit,screen,0,screen,trial,,,,212,"<span style=""font-family: 'Courier New', Courier, monospace; font-size: 60px; color: black;"">cuatro</span>",######,######,"<span style=""font-family: 'Courier New', Courier, monospace; font-size: 60px; color: black;"">CUATRO</span>",J,same,uppercase,baseline,4,5,CUATRO,,,,,
917,1791195704409,05/10/2026 10:21:44,1791195704409,2,05/10/2026 12:21:44,283162,5,task-biuv,,58572850,,16708144,,complete,,,computer,Desktop or Laptop,Windows 10,Firefox 102.0,3840x2160,3840x1838,,,0,UCL - tarea 1 ,6,Group1,spreadsheet1,spreadsheet1,222,trial,Fixation,w99rzd,1,continue,,,499.95999999996275,499.95999999996275,499.95999999996275,499.95999999996275,499.95999999996275,499.95999999996275,1,0,0,,Fixation Timing,Fixation Cross,1,object-125,trial,,,,207,"<span style=""font-family: 'Courier New', Courier, monospace; font-size: 60px; color: black;"">siete</span>",######,######,"<span style=""font-family: 'Courier New', Courier, monospace; font-size: 60px; color: black;"">SIE7E</span>",J,same,leet,congruent_leet,7,5,SIE7E,,,,,
918,1791195704710,05/10/2026 10:21:44,1791195704710,2,05/10/2026 12:21:44,283162,5,task-biuv,,58572850,,16708144,,complete,,,computer,Desktop or Laptop,Windows 10,Firefox 102.0,3840x2160,3840x1838,,,0,UCL - tarea 1 ,6,Group1,spreadsheet1,spreadsheet1,222,trial,Reference,m6fryy,2,timedOut,,,302.9200000000419,300,302.9200000000419,302.9200000000419,300,302.9200000000419,1,0,0,,Time Limit,screen,0,screen,trial,,,,207,"<span style=""font-family: 'Courier New', Courier, monospace; font-size: 60px; color: black;"">siete</span>",######,######,"<span style=""font-family: 'Courier New', Courier, monospace; font-size: 60px; color: black;"">SIE7E</span>",J,same,leet,congruent_leet,7,5,SIE7E,,,,,
919,1791195705344,05/10/2026 10:21:45,1791195705344,2,05/10/2026 12:21:45,283162,5,task-biuv,,58572850,,16708144,,complete,,,computer,Desktop or Laptop,Windows 10,Firefox 102.0,3840x2160,3840x1838,,,0,UCL - tarea 1 ,6,Group1,spreadsheet1,spreadsheet1,222,trial,Target,spx9cn,3,response,J,,635.9200000000419,633.3000000000466,635.9200000000419,635.9200000000419,633.3000000000466,635.9200000000419,1,0,0,,Keyboard Response,Respuesta,3,object-91,trial,,,,207,"<span style=""font-family: 'Courier New', Courier, monospace; font-size: 60px; color: black;"">siete</span>",######,######,"<span style=""font-family: 'Courier New', Courier, monospace; font-size: 60px; color: black;"">SIE7E</span>",J,same,leet,congruent_leet,7,5,SIE7E,,,,,
920,1791195705842,05/10/2026 10:21:45,1791195705842,2,05/10/2026 12:21:45,283162,5,task-biuv,,58572850,,16708144,,complete,,,computer,Desktop or Laptop,Windows 10,Firefox 102.0,3840x2160,3840x1838,,,0,UCL - tarea 1 ,6,Group1,spreadsheet1,spreadsheet1,222,trial,Blank,vybs3x,4,timedOut,,,501.61999999999534,499.95999999996275,501.61999999999534,501.61999999999534,499.95999999996275,501.61999999999534,1,0,0,,Time Limit,screen,0,screen,trial,,,,207,"<span style=""font-family: 'Courier New', Courier, monospace; font-size: 60px; color: black;"">siete</span>",######,######,"<span style=""font-family: 'Courier New', Courier, monospace; font-size: 60px; color: black;"">SIE7E</span>",J,same,leet,congruent_leet,7,5,SIE7E,,,,,
921,1791195706343,05/10/2026 10:21:46,1791195706343,2,05/10/2026 12:21:46,283162,5,task-biuv,,58572850,,16708144,,complete,,,computer,Desktop or Laptop,Windows 10,Firefox 102.0,3840x2160,3840x1838,,,0,UCL - tarea 1 ,6,Group1,spreadsheet1,spreadsheet1,223,trial,Fixation,w99rzd,1,continue,,,499.9799999999814,499.9799999999814,499.9799999999814,499.9799999999814,499.9799999999814,499.9799999999814,1,0,0,,Fixation Timing,Fixation Cross,1,object-125,trial,,,,217,"<span style=""font-family: 'Courier New', Courier, monospace; font-size: 60px; color: black;"">tres</span>",######,######,"<span style=""font-family: 'Courier New', Courier, monospace; font-size: 60px; color: black;"">SEIS</span>",F,different,uppercase,baseline,3,5,SEIS,,,,,
922,1791195706643,05/10/2026 10:21:46,1791195706643,2,05/10/2026 12:21:46,283162,5,task-biuv,,58572850,,16708144,,complete,,,computer,Desktop or Laptop,Windows 10,Firefox 102.0,3840x2160,3840x1838,,,0,UCL - tarea 1 ,6,Group1,spreadsheet1,spreadsheet1,223,trial,Reference,m6fryy,2,timedOut,,,302.6800000000512,299.9800000000978,302.6800000000512,302.6800000000512,299.9800000000978,302.6800000000512,1,0,0,,Time Limit,screen,0,screen,trial,,,,217,"<span style=""font-family: 'Courier New', Courier, monospace; font-size: 60px; color: black;"">tres</span>",######,######,"<span style=""font-family: 'Courier New', Courier, monospace; font-size: 60px; color: black;"">SEIS</span>",F,different,uppercase,baseline,3,5,SEIS,,,,,
923,1791195707296,05/10/2026 10:21:47,1791195707296,2,05/10/2026 12:21:47,283162,5,task-biuv,,58572850,,16708144,,complete,,,computer,Desktop or Laptop,Windows 10,Firefox 102.0,3840x2160,3840x1838,,,0,UCL - tarea 1 ,6,Group1,spreadsheet1,spreadsheet1,223,trial,Target,spx9cn,3,response,F,,655.6999999999534,649.9799999999814,655.6999999999534,655.6999999999534,649.9799999999814,655.6999999999534,1,0,0,,Keyboard Response,Respuesta,3,object-91,trial,,,,217,"<span style=""font-family: 'Courier New', Courier, monospace; font-size: 60px; color: black;"">tres</span>",######,######,"<span style=""font-family: 'Courier New', Courier, monospace; font-size: 60px; color: black;"">SEIS</span>",F,different,uppercase,baseline,3,5,SEIS,,,,,
924,1791195707792,05/10/2026 10:21:47,1791195707792,2,05/10/2026 12:21:47,283162,5,task-biuv,,58572850,,16708144,,complete,,,computer,Desktop or Laptop,Windows 10,Firefox 102.0,3840x2160,3840x1838,,,0,UCL - tarea 1 ,6,Group1,spreadsheet1,spreadsheet1,223,trial,Blank,vybs3x,4,timedOut,,,501.71999999997206,499.95999999996275,501.71999999997206,501.71999999997206,499.95999999996275,501.71999999997206,1,0,0,,Time Limit,screen,0,screen,trial,,,,217,"<span style=""font-family: 'Courier New', Courier, monospace; font-size: 60px; color: black;"">tres</span>",######,######,"<span style=""font-family: 'Courier New', Courier, monospace; font-size: 60px; color: black;"">SEIS</span>",F,different,uppercase,baseline,3,5,SEIS,,,,,
925,1791195708294,05/10/2026 10:21:48,1791195708294,2,05/10/2026 12:21:48,283162,5,task-biuv,,58572850,,16708144,,complete,,,computer,Desktop or Laptop,Windows 10,Firefox 102.0,3840x2160,3840x1838,,,0,UCL - tarea 1 ,6,Group1,spreadsheet1,spreadsheet1,224,trial,Fixation,w99rzd,1,continue,,,499.9799999999814,499.9799999999814,499.9799999999814,499.9799999999814,499.9799999999814,499.9799999999814,1,0,0,,Fixation Timing,Fixation Cross,1,object-125,trial,,,,109,"<span style=""font-family: 'Courier New', Courier, monospace; font-size: 60px; color: black;"">tres</span>",######,######,"<span style=""font-family: 'Courier New', Courier, monospace; font-size: 60px; color: black;"">SEIS</span>",F,different,uppercase,baseline,3,5,SEIS,,,,,
926,1791195708594,05/10/2026 10:21:48,1791195708594,2,05/10/2026 12:21:48,283162,5,task-biuv,,58572850,,16708144,,complete,,,computer,Desktop or Laptop,Windows 10,Firefox 102.0,3840x2160,3840x1838,,,0,UCL - tarea 1 ,6,Group1,spreadsheet1,spreadsheet1,224,trial,Reference,m6fryy,2,timedOut,,,302.78000000002794,299.9799999999814,302.78000000002794,302.78000000002794,299.9799999999814,302.78000000002794,1,0,0,,Time Limit,screen,0,screen,trial,,,,109,"<span style=""font-family: 'Courier New', Courier, monospace; font-size: 60px; color: black;"">tres</span>",######,######,"<span style=""font-family: 'Courier New', Courier, monospace; font-size: 60px; color: black;"">SEIS</span>",F,different,uppercase,baseline,3,5,SEIS,,,,,
927,1791195709145,05/10/2026 10:21:49,1791195709145,2,05/10/2026 12:21:49,283162,5,task-biuv,,58572850,,16708144,,complete,,,computer,Desktop or Laptop,Windows 10,Firefox 102.0,3840x2160,3840x1838,,,0,UCL - tarea 1 ,6,Group1,spreadsheet1,spreadsheet1,224,trial,Target,spx9cn,3,response,F,,553.8000000000466,551.4800000000978,553.8000000000466,553.8000000000466,551.4800000000978,553.8000000000466,1,0,0,,Keyboard Response,Respuesta,3,object-91,trial,,,,109,"<span style=""font-family: 'Courier New', Courier, monospace; font-size: 60px; color: black;"">tres</span>",######,######,"<span style=""font-family: 'Courier New', Courier, monospace; font-size: 60px; color: black;"">SEIS</span>",F,different,uppercase,baseline,3,5,SEIS,,,,,
928,1791195709643,05/10/2026 10:21:49,1791195709643,2,05/10/2026 12:21:49,283162,5,task-biuv,,58572850,,16708144,,complete,,,computer,Desktop or Laptop,Windows 10,Firefox 102.0,3840x2160,3840x1838,,,0,UCL - tarea 1 ,6,Group1,spreadsheet1,spreadsheet1,224,trial,Blank,vybs3x,4,timedOut,,,500.3199999999488,499.95999999996275,500.3199999999488,500.3199999999488,499.95999999996275,500.3199999999488,1,0,0,,Time Limit,screen,0,screen,trial,,,,109,"<span style=""font-family: 'Courier New', Courier, monospace; font-size: 60px; color: black;"">tres</span>",######,######,"<span style=""font-family: 'Courier New', Courier, monospace; font-size: 60px; color: black;"">SEIS</span>",F,different,uppercase,baseline,3,5,SEIS,,,,,
929,1791195710143,05/10/2026 10:21:50,1791195710143,2,05/10/2026 12:21:50,283162,5,task-biuv,,58572850,,16708144,,complete,,,computer,Desktop or Laptop,Windows 10,Firefox 102.0,3840x2160,3840x1838,,,0,UCL - tarea 1 ,6,Group1,spreadsheet1,spreadsheet1,225,trial,Fixation,w99rzd,1,continue,,,499.9799999999814,499.9799999999814,499.9799999999814,499.9799999999814,499.9799999999814,499.9799999999814,1,0,0,,Fixation Timing,Fixation Cross,1,object-125,trial,,,,222,"<span style=""font-family: 'Courier New', Courier, monospace; font-size: 60px; color: black;"">cinco</span>",######,######,"<span style=""font-family: 'Courier New', Courier, monospace; font-size: 60px; color: black;"">SIE7E</span>",F,different,leet,congruent_leet,5,5,SIE7E,,,,,
930,1791195710443,05/10/2026 10:21:50,1791195710443,2,05/10/2026 12:21:50,283162,5,task-biuv,,58572850,,16708144,,complete,,,computer,Desktop or Laptop,Windows 10,Firefox 102.0,3840x2160,3840x1838,,,0,UCL - tarea 1 ,6,Group1,spreadsheet1,spreadsheet1,225,trial,Reference,m6fryy,2,timedOut,,,300.38000000000466,299.9799999999814,300.38000000000466,300.38000000000466,299.9799999999814,300.38000000000466,1,0,0,,Time Limit,screen,0,screen,trial,,,,222,"<span style=""font-family: 'Courier New', Courier, monospace; font-size: 60px; color: black;"">cinco</span>",######,######,"<span style=""font-family: 'Courier New', Courier, monospace; font-size: 60px; color: black;"">SIE7E</span>",F,different,leet,congruent_leet,5,5,SIE7E,,,,,
931,1791195711695,05/10/2026 10:21:51,1791195711695,2,05/10/2026 12:21:51,283162,5,task-biuv,,58572850,,16708144,,complete,,,computer,Desktop or Laptop,Windows 10,Firefox 102.0,3840x2160,3840x1838,,,0,UCL - tarea 1 ,6,Group1,spreadsheet1,spreadsheet1,225,trial,Target,spx9cn,3,response,F,,1252.4000000000233,1249.9600000000792,1252.4000000000233,1252.4000000000233,1249.9600000000792,1252.4000000000233,1,0,0,,Keyboard Response,Respuesta,3,object-91,trial,,,,222,"<span style=""font-family: 'Courier New', Courier, monospace; font-size: 60px; color: black;"">cinco</span>",######,######,"<span style=""font-family: 'Courier New', Courier, monospace; font-size: 60px; color: black;"">SIE7E</span>",F,different,leet,congruent_leet,5,5,SIE7E,,,,,
932,1791195712193,05/10/2026 10:21:52,1791195712193,2,05/10/2026 12:21:52,283162,5,task-biuv,,58572850,,16708144,,complete,,,computer,Desktop or Laptop,Windows 10,Firefox 102.0,3840x2160,3840x1838,,,0,UCL - tarea 1 ,6,Group1,spreadsheet1,spreadsheet1,225,trial,Blank,vybs3x,4,timedOut,,,501.4399999999441,499.9799999999814,501.4399999999441,501.4399999999441,499.9799999999814,501.4399999999441,1,0,0,,Time Limit,screen,0,screen,trial,,,,222,"<span style=""font-family: 'Courier New', Courier, monospace; font-size: 60px; color: black;"">cinco</span>",######,######,"<span style=""font-family: 'Courier New', Courier, monospace; font-size: 60px; color: black;"">SIE7E</span>",F,different,leet,congruent_leet,5,5,SIE7E,,,,,
933,1791195712693,05/10/2026 10:21:52,1791195712693,2,05/10/2026 12:21:52,283162,5,task-biuv,,58572850,,16708144,,complete,,,computer,Desktop or Laptop,Windows 10,Firefox 102.0,3840x2160,3840x1838,,,0,UCL - tarea 1 ,6,Group1,spreadsheet1,spreadsheet1,226,trial,Fixation,w99rzd,1,continue,,,499.9799999999814,499.9799999999814,499.9799999999814,499.9799999999814,499.9799999999814,499.9799999999814,1,0,0,,Fixation Timing,Fixation Cross,1,object-125,trial,,,,104,"<span style=""font-family: 'Courier New', Courier, monospace; font-size: 60px; color: black;"">cuatro</span>",######,######,"<span style=""font-family: 'Courier New', Courier, monospace; font-size: 60px; color: black;"">CUATRO</span>",J,same,uppercase,baseline,4,5,CUATRO,,,,,
934,1791195712994,05/10/2026 10:21:52,1791195712994,2,05/10/2026 12:21:52,283162,5,task-biuv,,58572850,,16708144,,complete,,,computer,Desktop or Laptop,Windows 10,Firefox 102.0,3840x2160,3840x1838,,,0,UCL - tarea 1 ,6,Group1,spreadsheet1,spreadsheet1,226,trial,Reference,m6fryy,2,timedOut,,,302.4799999999814,299.9799999999814,302.4799999999814,302.4799999999814,299.9799999999814,302.4799999999814,1,0,0,,Time Limit,screen,0,screen,trial,,,,104,"<span style=""font-family: 'Courier New', Courier, monospace; font-size: 60px; color: black;"">cuatro</span>",######,######,"<span style=""font-family: 'Courier New', Courier, monospace; font-size: 60px; color: black;"">CUATRO</span>",J,same,uppercase,baseline,4,5,CUATRO,,,,,
935,1791195714498,05/10/2026 10:21:54,1791195714498,2,05/10/2026 12:21:54,283162,5,task-biuv,,58572850,,16708144,,complete,,,computer,Desktop or Laptop,Windows 10,Firefox 102.0,3840x2160,3840x1838,,,0,UCL - tarea 1 ,6,Group1,spreadsheet1,spreadsheet1,226,trial,Target,spx9cn,3,response,J,,1506.5,1499.920000000042,1506.5,1506.5,1499.920000000042,1506.5,1,0,0,,Keyboard Response,Respuesta,3,object-91,trial,,,,104,"<span style=""font-family: 'Courier New', Courier, monospace; font-size: 60px; color: black;"">cuatro</span>",######,######,"<span style=""font-family: 'Courier New', Courier, monospace; font-size: 60px; color: black;"">CUATRO</span>",J,same,uppercase,baseline,4,5,CUATRO,,,,,
936,1791195714993,05/10/2026 10:21:54,1791195714993,2,05/10/2026 12:21:54,283162,5,task-biuv,,58572850,,16708144,,complete,,,computer,Desktop or Laptop,Windows 10,Firefox 102.0,3840x2160,3840x1838,,,0,UCL - tarea 1 ,6,Group1,spreadsheet1,spreadsheet1,226,trial,Blank,vybs3x,4,timedOut,,,501.5799999999581,499.9799999999814,501.5799999999581,501.5799999999581,499.9799999999814,501.5799999999581,1,0,0,,Time Limit,screen,0,screen,trial,,,,104,"<span style=""font-family: 'Courier New', Courier, monospace; font-size: 60px; color: black;"">cuatro</span>",######,######,"<span style=""font-family: 'Courier New', Courier, monospace; font-size: 60px; color: black;"">CUATRO</span>",J,same,uppercase,baseline,4,5,CUATRO,,,,,
937,1791195715494,05/10/2026 10:21:55,1791195715494,2,05/10/2026 12:21:55,283162,5,task-biuv,,58572850,,16708144,,complete,,,computer,Desktop or Laptop,Windows 10,Firefox 102.0,3840x2160,3840x1838,,,0,UCL - tarea 1 ,6,Group1,spreadsheet1,spreadsheet1,227,trial,Fixation,w99rzd,1,continue,,,499.95999999996275,499.95999999996275,499.95999999996275,499.95999999996275,499.95999999996275,499.95999999996275,1,0,0,,Fixation Timing,Fixation Cross,1,object-125,trial,,,,210,"<span style=""font-family: 'Courier New', Courier, monospace; font-size: 60px; color: black;"">cinco</span>",######,######,"<span style=""font-family: 'Courier New', Courier, monospace; font-size: 60px; color: black;"">CINCO</span>",J,same,uppercase,baseline,5,5,CINCO,,,,,
938,1791195715793,05/10/2026 10:21:55,1791195715793,2,05/10/2026 12:21:55,283162,5,task-biuv,,58572850,,16708144,,complete,,,computer,Desktop or Laptop,Windows 10,Firefox 102.0,3840x2160,3840x1838,,,0,UCL - tarea 1 ,6,Group1,spreadsheet1,spreadsheet1,227,trial,Reference,m6fryy,2,timedOut,,,300.64000000001397,300,300.64000000001397,300.64000000001397,300,300.64000000001397,1,0,0,,Time Limit,screen,0,screen,trial,,,,210,"<span style=""font-family: 'Courier New', Courier, monospace; font-size: 60px; color: black;"">cinco</span>",######,######,"<span style=""font-family: 'Courier New', Courier, monospace; font-size: 60px; color: black;"">CINCO</span>",J,same,uppercase,baseline,5,5,CINCO,,,,,
939,1791195716431,05/10/2026 10:21:56,1791195716431,2,05/10/2026 12:21:56,283162,5,task-biuv,,58572850,,16708144,,complete,,,computer,Desktop or Laptop,Windows 10,Firefox 102.0,3840x2160,3840x1838,,,0,UCL - tarea 1 ,6,Group1,spreadsheet1,spreadsheet1,227,trial,Target,spx9cn,3,response,J,,639.640000000014,633.3000000000466,639.640000000014,639.640000000014,633.3000000000466,639.640000000014,1,0,0,,Keyboard Response,Respuesta,3,object-91,trial,,,,210,"<span style=""font-family: 'Courier New', Courier, monospace; font-size: 60px; color: black;"">cinco</span>",######,######,"<span style=""font-family: 'Courier New', Courier, monospace; font-size: 60px; color: black;"">CINCO</span>",J,same,uppercase,baseline,5,5,CINCO,,,,,
940,1791195716926,05/10/2026 10:21:56,1791195716926,2,05/10/2026 12:21:56,283162,5,task-biuv,,58572850,,16708144,,complete,,,computer,Desktop or Laptop,Windows 10,Firefox 102.0,3840x2160,3840x1838,,,0,UCL - tarea 1 ,6,Group1,spreadsheet1,spreadsheet1,227,trial,Blank,vybs3x,4,timedOut,,,502.3399999999674,499.95999999996275,502.3399999999674,502.3399999999674,499.95999999996275,502.3399999999674,1,0,0,,Time Limit,screen,0,screen,trial,,,,210,"<span style=""font-family: 'Courier New', Courier, monospace; font-size: 60px; color: black;"">cinco</span>",######,######,"<span style=""font-family: 'Courier New', Courier, monospace; font-size: 60px; color: black;"">CINCO</span>",J,same,uppercase,baseline,5,5,CINCO,,,,,
941,1791195717427,05/10/2026 10:21:57,1791195717427,2,05/10/2026 12:21:57,283162,5,task-biuv,,58572850,,16708144,,complete,,,computer,Desktop or Laptop,Windows 10,Firefox 102.0,3840x2160,3840x1838,,,0,UCL - tarea 1 ,6,Group1,spreadsheet1,spreadsheet1,228,trial,Fixation,w99rzd,1,continue,,,499.9799999999814,499.9799999999814,499.9799999999814,499.9799999999814,499.9799999999814,499.9799999999814,1,0,0,,Fixation Timing,Fixation Cross,1,object-125,trial,,,,226,"<span style=""font-family: 'Courier New', Courier, monospace; font-size: 60px; color: black;"">seis</span>",######,######,"<span style=""font-family: 'Courier New', Courier, monospace; font-size: 60px; color: black;"">TRES</span>",F,different,uppercase,baseline,6,5,TRES,,,,,
942,1791195717726,05/10/2026 10:21:57,1791195717726,2,05/10/2026 12:21:57,283162,5,task-biuv,,58572850,,16708144,,complete,,,computer,Desktop or Laptop,Windows 10,Firefox 102.0,3840x2160,3840x1838,,,0,UCL - tarea 1 ,6,Group1,spreadsheet1,spreadsheet1,228,trial,Reference,m6fryy,2,timedOut,,,301.4000000000233,299.9799999999814,301.4000000000233,301.4000000000233,299.9799999999814,301.4000000000233,1,0,0,,Time Limit,screen,0,screen,trial,,,,226,"<span style=""font-family: 'Courier New', Courier, monospace; font-size: 60px; color: black;"">seis</span>",######,######,"<span style=""font-family: 'Courier New', Courier, monospace; font-size: 60px; color: black;"">TRES</span>",F,different,uppercase,baseline,6,5,TRES,,,,,
943,1791195718425,05/10/2026 10:21:58,1791195718425,2,05/10/2026 12:21:58,283162,5,task-biuv,,58572850,,16708144,,complete,,,computer,Desktop or Laptop,Windows 10,Firefox 102.0,3840x2160,3840x1838,,,0,UCL - tarea 1 ,6,Group1,spreadsheet1,spreadsheet1,228,trial,Target,spx9cn,3,response,F,,699.9600000000792,683.3000000000466,699.9600000000792,699.9600000000792,683.3000000000466,699.9600000000792,1,0,0,,Keyboard Response,Respuesta,3,object-91,trial,,,,226,"<span style=""font-family: 'Courier New', Courier, monospace; font-size: 60px; color: black;"">seis</span>",######,######,"<span style=""font-family: 'Courier New', Courier, monospace; font-size: 60px; color: black;"">TRES</span>",F,different,uppercase,baseline,6,5,TRES,,,,,
944,1791195718909,05/10/2026 10:21:58,1791195718909,2,05/10/2026 12:21:58,283162,5,task-biuv,,58572850,,16708144,,complete,,,computer,Desktop or Laptop,Windows 10,Firefox 102.0,3840x2160,3840x1838,,,0,UCL - tarea 1 ,6,Group1,spreadsheet1,spreadsheet1,228,trial,Blank,vybs3x,4,timedOut,,,502.11999999999534,499.9799999999814,502.11999999999534,502.11999999999534,499.9799999999814,502.11999999999534,1,0,0,,Time Limit,screen,0,screen,trial,,,,226,"<span style=""font-family: 'Courier New', Courier, monospace; font-size: 60px; color: black;"">seis</span>",######,######,"<span style=""font-family: 'Courier New', Courier, monospace; font-size: 60px; color: black;"">TRES</span>",F,different,uppercase,baseline,6,5,TRES,,,,,
945,1791195719410,05/10/2026 10:21:59,1791195719410,2,05/10/2026 12:21:59,283162,5,task-biuv,,58572850,,16708144,,complete,,,computer,Desktop or Laptop,Windows 10,Firefox 102.0,3840x2160,3840x1838,,,0,UCL - tarea 1 ,6,Group1,spreadsheet1,spreadsheet1,229,trial,Fixation,w99rzd,1,continue,,,499.95999999996275,499.95999999996275,499.95999999996275,499.95999999996275,499.95999999996275,499.95999999996275,1,0,0,,Fixation Timing,Fixation Cross,1,object-125,trial,,,,119,"<span style=""font-family: 'Courier New', Courier, monospace; font-size: 60px; color: black;"">nueve</span>",######,######,"<span style=""font-family: 'Courier New', Courier, monospace; font-size: 60px; color: black;"">CU4TRO</span>",F,different,leet,congruent_leet,9,5,CU4TRO,,,,,
946,1791195719710,05/10/2026 10:21:59,1791195719710,2,05/10/2026 12:21:59,283162,5,task-biuv,,58572850,,16708144,,complete,,,computer,Desktop or Laptop,Windows 10,Firefox 102.0,3840x2160,3840x1838,,,0,UCL - tarea 1 ,6,Group1,spreadsheet1,spreadsheet1,229,trial,Reference,m6fryy,2,timedOut,,,301.1800000000512,300,301.1800000000512,301.1800000000512,300,301.1800000000512,1,0,0,,Time Limit,screen,0,screen,trial,,,,119,"<span style=""font-family: 'Courier New', Courier, monospace; font-size: 60px; color: black;"">nueve</span>",######,######,"<span style=""font-family: 'Courier New', Courier, monospace; font-size: 60px; color: black;"">CU4TRO</span>",F,different,leet,congruent_leet,9,5,CU4TRO,,,,,
947,1791195720480,05/10/2026 10:22:00,1791195720480,2,05/10/2026 12:22:00,283162,5,task-biuv,,58572850,,16708144,,complete,,,computer,Desktop or Laptop,Windows 10,Firefox 102.0,3840x2160,3840x1838,,,0,UCL - tarea 1 ,6,Group1,spreadsheet1,spreadsheet1,229,trial,Target,spx9cn,3,response,J,,772.1800000000512,766.6199999999953,772.1800000000512,772.1800000000512,766.6199999999953,772.1800000000512,0,0,0,,Keyboard Response,Respuesta,3,object-91,trial,,,,119,"<span style=""font-family: 'Courier New', Courier, monospace; font-size: 60px; color: black;"">nueve</span>",######,######,"<span style=""font-family: 'Courier New', Courier, monospace; font-size: 60px; color: black;"">CU4TRO</span>",F,different,leet,congruent_leet,9,5,CU4TRO,,,,,
948,1791195720975,05/10/2026 10:22:00,1791195720975,2,05/10/2026 12:22:00,283162,5,task-biuv,,58572850,,16708144,,complete,,,computer,Desktop or Laptop,Windows 10,Firefox 102.0,3840x2160,3840x1838,,,0,UCL - tarea 1 ,6,Group1,spreadsheet1,spreadsheet1,229,trial,Blank,vybs3x,4,timedOut,,,500.5600000000559,499.9800000000978,500.5600000000559,500.5600000000559,499.9800000000978,500.5600000000559,1,0,0,,Time Limit,screen,0,screen,trial,,,,119,"<span style=""font-family: 'Courier New', Courier, monospace; font-size: 60px; color: black;"">nueve</span>",######,######,"<span style=""font-family: 'Courier New', Courier, monospace; font-size: 60px; color: black;"">CU4TRO</span>",F,different,leet,congruent_leet,9,5,CU4TRO,,,,,
949,1791195721476,05/10/2026 10:22:01,1791195721476,2,05/10/2026 12:22:01,283162,5,task-biuv,,58572850,,16708144,,complete,,,computer,Desktop or Laptop,Windows 10,Firefox 102.0,3840x2160,3840x1838,,,0,UCL - tarea 1 ,6,Group1,spreadsheet1,spreadsheet1,230,trial,Fixation,w99rzd,1,continue,,,499.95999999996275,499.95999999996275,499.95999999996275,499.95999999996275,499.95999999996275,499.95999999996275,1,0,0,,Fixation Timing,Fixation Cross,1,object-125,trial,,,,218,"<span style=""font-family: 'Courier New', Courier, monospace; font-size: 60px; color: black;"">cuatro</span>",######,######,"<span style=""font-family: 'Courier New', Courier, monospace; font-size: 60px; color: black;"">NU3VE</span>",F,different,leet,incongruent_leet,4,5,NU3VE,,,,,
950,1791195721776,05/10/2026 10:22:01,1791195721776,2,05/10/2026 12:22:01,283162,5,task-biuv,,58572850,,16708144,,complete,,,computer,Desktop or Laptop,Windows 10,Firefox 102.0,3840x2160,3840x1838,,,0,UCL - tarea 1 ,6,Group1,spreadsheet1,spreadsheet1,230,trial,Reference,m6fryy,2,timedOut,,,301.61999999999534,300,301.61999999999534,301.61999999999534,300,301.61999999999534,1,0,0,,Time Limit,screen,0,screen,trial,,,,218,"<span style=""font-family: 'Courier New', Courier, monospace; font-size: 60px; color: black;"">cuatro</span>",######,######,"<span style=""font-family: 'Courier New', Courier, monospace; font-size: 60px; color: black;"">NU3VE</span>",F,different,leet,incongruent_leet,4,5,NU3VE,,,,,
951,1791195722382,05/10/2026 10:22:02,1791195722382,2,05/10/2026 12:22:02,283162,5,task-biuv,,58572850,,16708144,,complete,,,computer,Desktop or Laptop,Windows 10,Firefox 102.0,3840x2160,3840x1838,,,0,UCL - tarea 1 ,6,Group1,spreadsheet1,spreadsheet1,230,trial,Target,spx9cn,3,response,F,,607.6199999999953,599.9599999999627,607.6199999999953,607.6199999999953,599.9599999999627,607.6199999999953,1,0,0,,Keyboard Response,Respuesta,3,object-91,trial,,,,218,"<span style=""font-family: 'Courier New', Courier, monospace; font-size: 60px; color: black;"">cuatro</span>",######,######,"<span style=""font-family: 'Courier New', Courier, monospace; font-size: 60px; color: black;"">NU3VE</span>",F,different,leet,incongruent_leet,4,5,NU3VE,,,,,
952,1791195722876,05/10/2026 10:22:02,1791195722876,2,05/10/2026 12:22:02,283162,5,task-biuv,,58572850,,16708144,,complete,,,computer,Desktop or Laptop,Windows 10,Firefox 102.0,3840x2160,3840x1838,,,0,UCL - tarea 1 ,6,Group1,spreadsheet1,spreadsheet1,230,trial,Blank,vybs3x,4,timedOut,,,501.6600000000326,499.9799999999814,501.6600000000326,501.6600000000326,499.9799999999814,501.6600000000326,1,0,0,,Time Limit,screen,0,screen,trial,,,,218,"<span style=""font-family: 'Courier New', Courier, monospace; font-size: 60px; color: black;"">cuatro</span>",######,######,"<span style=""font-family: 'Courier New', Courier, monospace; font-size: 60px; color: black;"">NU3VE</span>",F,different,leet,incongruent_leet,4,5,NU3VE,,,,,
953,1791195723376,05/10/2026 10:22:03,1791195723376,2,05/10/2026 12:22:03,283162,5,task-biuv,,58572850,,16708144,,complete,,,computer,Desktop or Laptop,Windows 10,Firefox 102.0,3840x2160,3840x1838,,,0,UCL - tarea 1 ,6,Group1,spreadsheet1,spreadsheet1,231,trial,Fixation,w99rzd,1,continue,,,499.9800000000978,499.9800000000978,499.9800000000978,499.9800000000978,499.9800000000978,499.9800000000978,1,0,0,,Fixation Timing,Fixation Cross,1,object-125,trial,,,,102,"<span style=""font-family: 'Courier New', Courier, monospace; font-size: 60px; color: black;"">cinco</span>",######,######,"<span style=""font-family: 'Courier New', Courier, monospace; font-size: 60px; color: black;"">CINCO</span>",J,same,uppercase,baseline,5,5,CINCO,,,,,
954,1791195723676,05/10/2026 10:22:03,1791195723676,2,05/10/2026 12:22:03,283162,5,task-biuv,,58572850,,16708144,,complete,,,computer,Desktop or Laptop,Windows 10,Firefox 102.0,3840x2160,3840x1838,,,0,UCL - tarea 1 ,6,Group1,spreadsheet1,spreadsheet1,231,trial,Reference,m6fryy,2,timedOut,,,301.69999999995343,299.9799999999814,301.69999999995343,301.69999999995343,299.9799999999814,301.69999999995343,1,0,0,,Time Limit,screen,0,screen,trial,,,,102,"<span style=""font-family: 'Courier New', Courier, monospace; font-size: 60px; color: black;"">cinco</span>",######,######,"<span style=""font-family: 'Courier New', Courier, monospace; font-size: 60px; color: black;"">CINCO</span>",J,same,uppercase,baseline,5,5,CINCO,,,,,
955,1791195724231,05/10/2026 10:22:04,1791195724231,2,05/10/2026 12:22:04,283162,5,task-biuv,,58572850,,16708144,,complete,,,computer,Desktop or Laptop,Windows 10,Firefox 102.0,3840x2160,3840x1838,,,0,UCL - tarea 1 ,6,Group1,spreadsheet1,spreadsheet1,231,trial,Target,spx9cn,3,response,J,,557.7199999999721,549.9599999999627,557.7199999999721,557.7199999999721,549.9599999999627,557.7199999999721,1,0,0,,Keyboard Response,Respuesta,3,object-91,trial,,,,102,"<span style=""font-family: 'Courier New', Courier, monospace; font-size: 60px; color: black;"">cinco</span>",######,######,"<span style=""font-family: 'Courier New', Courier, monospace; font-size: 60px; color: black;"">CINCO</span>",J,same,uppercase,baseline,5,5,CINCO,,,,,
956,1791195724727,05/10/2026 10:22:04,1791195724727,2,05/10/2026 12:22:04,283162,5,task-biuv,,58572850,,16708144,,complete,,,computer,Desktop or Laptop,Windows 10,Firefox 102.0,3840x2160,3840x1838,,,0,UCL - tarea 1 ,6,Group1,spreadsheet1,spreadsheet1,231,trial,Blank,vybs3x,4,timedOut,,,501.7600000000093,499.9799999999814,501.7600000000093,501.7600000000093,499.9799999999814,501.7600000000093,1,0,0,,Time Limit,screen,0,screen,trial,,,,102,"<span style=""font-family: 'Courier New', Courier, monospace; font-size: 60px; color: black;"">cinco</span>",######,######,"<span style=""font-family: 'Courier New', Courier, monospace; font-size: 60px; color: black;"">CINCO</span>",J,same,uppercase,baseline,5,5,CINCO,,,,,
957,1791195725226,05/10/2026 10:22:05,1791195725226,2,05/10/2026 12:22:05,283162,5,task-biuv,,58572850,,16708144,,complete,,,computer,Desktop or Laptop,Windows 10,Firefox 102.0,3840x2160,3840x1838,,,0,UCL - tarea 1 ,6,Group1,spreadsheet1,spreadsheet1,232,trial,Fixation,w99rzd,1,continue,,,499.9799999999814,499.9799999999814,499.9799999999814,499.9799999999814,499.9799999999814,499.9799999999814,1,0,0,,Fixation Timing,Fixation Cross,1,object-125,trial,,,,114,"<span style=""font-family: 'Courier New', Courier, monospace; font-size: 60px; color: black;"">cinco</span>",######,######,"<span style=""font-family: 'Courier New', Courier, monospace; font-size: 60px; color: black;"">SIE7E</span>",F,different,leet,congruent_leet,5,5,SIE7E,,,,,
958,1791195725526,05/10/2026 10:22:05,1791195725526,2,05/10/2026 12:22:05,283162,5,task-biuv,,58572850,,16708144,,complete,,,computer,Desktop or Laptop,Windows 10,Firefox 102.0,3840x2160,3840x1838,,,0,UCL - tarea 1 ,6,Group1,spreadsheet1,spreadsheet1,232,trial,Reference,m6fryy,2,timedOut,,,302.80000000004657,299.9800000000978,302.80000000004657,302.80000000004657,299.9800000000978,302.80000000004657,1,0,0,,Time Limit,screen,0,screen,trial,,,,114,"<span style=""font-family: 'Courier New', Courier, monospace; font-size: 60px; color: black;"">cinco</span>",######,######,"<span style=""font-family: 'Courier New', Courier, monospace; font-size: 60px; color: black;"">SIE7E</span>",F,different,leet,congruent_leet,5,5,SIE7E,,,,,
959,1791195726167,05/10/2026 10:22:06,1791195726167,2,05/10/2026 12:22:06,283162,5,task-biuv,,58572850,,16708144,,complete,,,computer,Desktop or Laptop,Windows 10,Firefox 102.0,3840x2160,3840x1838,,,0,UCL - tarea 1 ,6,Group1,spreadsheet1,spreadsheet1,232,trial,Target,spx9cn,3,response,F,,643.8199999999488,633.2999999999302,643.8199999999488,643.8199999999488,633.2999999999302,643.8199999999488,1,0,0,,Keyboard Response,Respuesta,3,object-91,trial,,,,114,"<span style=""font-family: 'Courier New', Courier, monospace; font-size: 60px; color: black;"">cinco</span>",######,######,"<span style=""font-family: 'Courier New', Courier, monospace; font-size: 60px; color: black;"">SIE7E</span>",F,different,leet,congruent_leet,5,5,SIE7E,,,,,
960,1791195726659,05/10/2026 10:22:06,1791195726659,2,05/10/2026 12:22:06,283162,5,task-biuv,,58572850,,16708144,,complete,,,computer,Desktop or Laptop,Windows 10,Firefox 102.0,3840x2160,3840x1838,,,0,UCL - tarea 1 ,6,Group1,spreadsheet1,spreadsheet1,232,trial,Blank,vybs3x,4,timedOut,,,502.5200000000186,499.9799999999814,502.5200000000186,502.5200000000186,499.9799999999814,502.5200000000186,1,0,0,,Time Limit,screen,0,screen,trial,,,,114,"<span style=""font-family: 'Courier New', Courier, monospace; font-size: 60px; color: black;"">cinco</span>",######,######,"<span style=""font-family: 'Courier New', Courier, monospace; font-size: 60px; color: black;"">SIE7E</span>",F,different,leet,congruent_leet,5,5,SIE7E,,,,,
961,1791195727158,05/10/2026 10:22:07,1791195727158,2,05/10/2026 12:22:07,283162,5,task-biuv,,58572850,,16708144,,complete,,,computer,Desktop or Laptop,Windows 10,Firefox 102.0,3840x2160,3840x1838,,,0,UCL - tarea 1 ,6,Group1,spreadsheet1,spreadsheet1,233,trial,Fixation,w99rzd,1,continue,,,499.96000000007916,499.96000000007916,499.96000000007916,499.96000000007916,499.96000000007916,499.96000000007916,1,0,0,,Fixation Timing,Fixation Cross,1,object-125,trial,,,,214,"<span style=""font-family: 'Courier New', Courier, monospace; font-size: 60px; color: black;"">seis</span>",######,######,"<span style=""font-family: 'Courier New', Courier, monospace; font-size: 60px; color: black;"">SE1S</span>",J,same,leet,incongruent_leet,6,5,SE1S,,,,,
962,1791195727459,05/10/2026 10:22:07,1791195727459,2,05/10/2026 12:22:07,283162,5,task-biuv,,58572850,,16708144,,complete,,,computer,Desktop or Laptop,Windows 10,Firefox 102.0,3840x2160,3840x1838,,,0,UCL - tarea 1 ,6,Group1,spreadsheet1,spreadsheet1,233,trial,Reference,m6fryy,2,timedOut,,,301.5799999999581,300,301.5799999999581,301.5799999999581,300,301.5799999999581,1,0,0,,Time Limit,screen,0,screen,trial,,,,214,"<span style=""font-family: 'Courier New', Courier, monospace; font-size: 60px; color: black;"">seis</span>",######,######,"<span style=""font-family: 'Courier New', Courier, monospace; font-size: 60px; color: black;"">SE1S</span>",J,same,leet,incongruent_leet,6,5,SE1S,,,,,
963,1791195728008,05/10/2026 10:22:08,1791195728008,2,05/10/2026 12:22:08,283162,5,task-biuv,,58572850,,16708144,,complete,,,computer,Desktop or Laptop,Windows 10,Firefox 102.0,3840x2160,3840x1838,,,0,UCL - tarea 1 ,6,Group1,spreadsheet1,spreadsheet1,233,trial,Target,spx9cn,3,response,J,,549.9599999998463,533.2999999999302,549.9599999998463,549.9599999998463,533.2999999999302,549.9599999998463,1,0,0,,Keyboard Response,Respuesta,3,object-91,trial,,,,214,"<span style=""font-family: 'Courier New', Courier, monospace; font-size: 60px; color: black;"">seis</span>",######,######,"<span style=""font-family: 'Courier New', Courier, monospace; font-size: 60px; color: black;"">SE1S</span>",J,same,leet,incongruent_leet,6,5,SE1S,,,,,
964,1791195728492,05/10/2026 10:22:08,1791195728492,2,05/10/2026 12:22:08,283162,5,task-biuv,,58572850,,16708144,,complete,,,computer,Desktop or Laptop,Windows 10,Firefox 102.0,3840x2160,3840x1838,,,0,UCL - tarea 1 ,6,Group1,spreadsheet1,spreadsheet1,233,trial,Blank,vybs3x,4,timedOut,,,501.28000000002794,499.9799999999814,501.28000000002794,501.28000000002794,499.9799999999814,501.28000000002794,1,0,0,,Time Limit,screen,0,screen,trial,,,,214,"<span style=""font-family: 'Courier New', Courier, monospace; font-size: 60px; color: black;"">seis</span>",######,######,"<span style=""font-family: 'Courier New', Courier, monospace; font-size: 60px; color: black;"">SE1S</span>",J,same,leet,incongruent_leet,6,5,SE1S,,,,,
965,1791195728992,05/10/2026 10:22:08,1791195728992,2,05/10/2026 12:22:08,283162,5,task-biuv,,58572850,,16708144,,complete,,,computer,Desktop or Laptop,Windows 10,Firefox 102.0,3840x2160,3840x1838,,,0,UCL - tarea 1 ,6,Group1,spreadsheet1,spreadsheet1,234,trial,Fixation,w99rzd,1,continue,,,499.96000000007916,499.96000000007916,499.96000000007916,499.96000000007916,499.96000000007916,499.96000000007916,1,0,0,,Fixation Timing,Fixation Cross,1,object-125,trial,,,,108,"<span style=""font-family: 'Courier New', Courier, monospace; font-size: 60px; color: black;"">cinco</span>",######,######,"<span style=""font-family: 'Courier New', Courier, monospace; font-size: 60px; color: black;"">C1NCO</span>",J,same,leet,incongruent_leet,5,5,C1NCO,,,,,
966,1791195729293,05/10/2026 10:22:09,1791195729293,2,05/10/2026 12:22:09,283162,5,task-biuv,,58572850,,16708144,,complete,,,computer,Desktop or Laptop,Windows 10,Firefox 102.0,3840x2160,3840x1838,,,0,UCL - tarea 1 ,6,Group1,spreadsheet1,spreadsheet1,234,trial,Reference,m6fryy,2,timedOut,,,302.3399999999674,299.9799999999814,302.3399999999674,302.3399999999674,299.9799999999814,302.3399999999674,1,0,0,,Time Limit,screen,0,screen,trial,,,,108,"<span style=""font-family: 'Courier New', Courier, monospace; font-size: 60px; color: black;"">cinco</span>",######,######,"<span style=""font-family: 'Courier New', Courier, monospace; font-size: 60px; color: black;"">C1NCO</span>",J,same,leet,incongruent_leet,5,5,C1NCO,,,,,
967,1791195729879,05/10/2026 10:22:09,1791195729879,2,05/10/2026 12:22:09,283162,5,task-biuv,,58572850,,16708144,,complete,,,computer,Desktop or Laptop,Windows 10,Firefox 102.0,3840x2160,3840x1838,,,0,UCL - tarea 1 ,6,Group1,spreadsheet1,spreadsheet1,234,trial,Target,spx9cn,3,response,J,,589.359999999986,583.3199999999488,589.359999999986,589.359999999986,583.3199999999488,589.359999999986,1,0,0,,Keyboard Response,Respuesta,3,object-91,trial,,,,108,"<span style=""font-family: 'Courier New', Courier, monospace; font-size: 60px; color: black;"">cinco</span>",######,######,"<span style=""font-family: 'Courier New', Courier, monospace; font-size: 60px; color: black;"">C1NCO</span>",J,same,leet,incongruent_leet,5,5,C1NCO,,,,,
968,1791195730377,05/10/2026 10:22:10,1791195730377,2,05/10/2026 12:22:10,283162,5,task-biuv,,58572850,,16708144,,complete,,,computer,Desktop or Laptop,Windows 10,Firefox 102.0,3840x2160,3840x1838,,,0,UCL - tarea 1 ,6,Group1,spreadsheet1,spreadsheet1,234,trial,Blank,vybs3x,4,timedOut,,,502.04000000003725,499.96000000007916,502.04000000003725,502.04000000003725,499.96000000007916,502.04000000003725,1,0,0,,Time Limit,screen,0,screen,trial,,,,108,"<span style=""font-family: 'Courier New', Courier, monospace; font-size: 60px; color: black;"">cinco</span>",######,######,"<span style=""font-family: 'Courier New', Courier, monospace; font-size: 60px; color: black;"">C1NCO</span>",J,same,leet,incongruent_leet,5,5,C1NCO,,,,,
969,1791195730876,05/10/2026 10:22:10,1791195730876,2,05/10/2026 12:22:10,283162,5,task-biuv,,58572850,,16708144,,complete,,,computer,Desktop or Laptop,Windows 10,Firefox 102.0,3840x2160,3840x1838,,,0,UCL - tarea 1 ,6,Group1,spreadsheet1,spreadsheet1,235,trial,Fixation,w99rzd,1,continue,,,499.9799999999814,499.9799999999814,499.9799999999814,499.9799999999814,499.9799999999814,499.9799999999814,1,0,0,,Fixation Timing,Fixation Cross,1,object-125,trial,,,,103,"<span style=""font-family: 'Courier New', Courier, monospace; font-size: 60px; color: black;"">tres</span>",######,######,"<span style=""font-family: 'Courier New', Courier, monospace; font-size: 60px; color: black;"">TR3S</span>",J,same,leet,congruent_leet,3,5,TR3S,,,,,
970,1791195731177,05/10/2026 10:22:11,1791195731177,2,05/10/2026 12:22:11,283162,5,task-biuv,,58572850,,16708144,,complete,,,computer,Desktop or Laptop,Windows 10,Firefox 102.0,3840x2160,3840x1838,,,0,UCL - tarea 1 ,6,Group1,spreadsheet1,spreadsheet1,235,trial,Reference,m6fryy,2,timedOut,,,302.0999999999767,299.9799999999814,302.0999999999767,302.0999999999767,299.9799999999814,302.0999999999767,1,0,0,,Time Limit,screen,0,screen,trial,,,,103,"<span style=""font-family: 'Courier New', Courier, monospace; font-size: 60px; color: black;"">tres</span>",######,######,"<span style=""font-family: 'Courier New', Courier, monospace; font-size: 60px; color: black;"">TR3S</span>",J,same,leet,congruent_leet,3,5,TR3S,,,,,
971,1791195731704,05/10/2026 10:22:11,1791195731704,2,05/10/2026 12:22:11,283162,5,task-biuv,,58572850,,16708144,,complete,,,computer,Desktop or Laptop,Windows 10,Firefox 102.0,3840x2160,3840x1838,,,0,UCL - tarea 1 ,6,Group1,spreadsheet1,spreadsheet1,235,trial,Target,spx9cn,3,response,J,,529.1199999999953,516.640000000014,529.1199999999953,529.1199999999953,516.640000000014,529.1199999999953,1,0,0,,Keyboard Response,Respuesta,3,object-91,trial,,,,103,"<span style=""font-family: 'Courier New', Courier, monospace; font-size: 60px; color: black;"">tres</span>",######,######,"<span style=""font-family: 'Courier New', Courier, monospace; font-size: 60px; color: black;"">TR3S</span>",J,same,leet,congruent_leet,3,5,TR3S,,,,,
972,1791195732193,05/10/2026 10:22:12,1791195732193,2,05/10/2026 12:22:12,283162,5,task-biuv,,58572850,,16708144,,complete,,,computer,Desktop or Laptop,Windows 10,Firefox 102.0,3840x2160,3840x1838,,,0,UCL - tarea 1 ,6,Group1,spreadsheet1,spreadsheet1,235,trial,Blank,vybs3x,4,timedOut,,,501.4799999999814,499.9799999999814,501.4799999999814,501.4799999999814,499.9799999999814,501.4799999999814,1,0,0,,Time Limit,screen,0,screen,trial,,,,103,"<span style=""font-family: 'Courier New', Courier, monospace; font-size: 60px; color: black;"">tres</span>",######,######,"<span style=""font-family: 'Courier New', Courier, monospace; font-size: 60px; color: black;"">TR3S</span>",J,same,leet,congruent_leet,3,5,TR3S,,,,,
973,1791195732693,05/10/2026 10:22:12,1791195732693,2,05/10/2026 12:22:12,283162,5,task-biuv,,58572850,,16708144,,complete,,,computer,Desktop or Laptop,Windows 10,Firefox 102.0,3840x2160,3840x1838,,,0,UCL - tarea 1 ,6,Group1,spreadsheet1,spreadsheet1,236,trial,Fixation,w99rzd,1,continue,,,499.9799999999814,499.9799999999814,499.9799999999814,499.9799999999814,499.9799999999814,499.9799999999814,1,0,0,,Fixation Timing,Fixation Cross,1,object-125,trial,,,,228,"<span style=""font-family: 'Courier New', Courier, monospace; font-size: 60px; color: black;"">cinco</span>",######,######,"<span style=""font-family: 'Courier New', Courier, monospace; font-size: 60px; color: black;"">SIETE</span>",F,different,uppercase,baseline,5,5,SIETE,,,,,
974,1791195732993,05/10/2026 10:22:12,1791195732993,2,05/10/2026 12:22:12,283162,5,task-biuv,,58572850,,16708144,,complete,,,computer,Desktop or Laptop,Windows 10,Firefox 102.0,3840x2160,3840x1838,,,0,UCL - tarea 1 ,6,Group1,spreadsheet1,spreadsheet1,236,trial,Reference,m6fryy,2,timedOut,,,302.5200000000186,299.9799999999814,302.5200000000186,302.5200000000186,299.9799999999814,302.5200000000186,1,0,0,,Time Limit,screen,0,screen,trial,,,,228,"<span style=""font-family: 'Courier New', Courier, monospace; font-size: 60px; color: black;"">cinco</span>",######,######,"<span style=""font-family: 'Courier New', Courier, monospace; font-size: 60px; color: black;"">SIETE</span>",F,different,uppercase,baseline,5,5,SIETE,,,,,
975,1791195733607,05/10/2026 10:22:13,1791195733607,2,05/10/2026 12:22:13,283162,5,task-biuv,,58572850,,16708144,,complete,,,computer,Desktop or Laptop,Windows 10,Firefox 102.0,3840x2160,3840x1838,,,0,UCL - tarea 1 ,6,Group1,spreadsheet1,spreadsheet1,236,trial,Target,spx9cn,3,response,F,,616.5400000000373,599.9600000000792,616.5400000000373,616.5400000000373,599.9600000000792,616.5400000000373,1,0,0,,Keyboard Response,Respuesta,3,object-91,trial,,,,228,"<span style=""font-family: 'Courier New', Courier, monospace; font-size: 60px; color: black;"">cinco</span>",######,######,"<span style=""font-family: 'Courier New', Courier, monospace; font-size: 60px; color: black;"">SIETE</span>",F,different,uppercase,baseline,5,5,SIETE,,,,,
976,1791195734093,05/10/2026 10:22:14,1791195734093,2,05/10/2026 12:22:14,283162,5,task-biuv,,58572850,,16708144,,complete,,,computer,Desktop or Laptop,Windows 10,Firefox 102.0,3840x2160,3840x1838,,,0,UCL - tarea 1 ,6,Group1,spreadsheet1,spreadsheet1,236,trial,Blank,vybs3x,4,timedOut,,,502.5799999999581,499.9799999999814,502.5799999999581,502.5799999999581,499.9799999999814,502.5799999999581,1,0,0,,Time Limit,screen,0,screen,trial,,,,228,"<span style=""font-family: 'Courier New', Courier, monospace; font-size: 60px; color: black;"">cinco</span>",######,######,"<span style=""font-family: 'Courier New', Courier, monospace; font-size: 60px; color: black;"">SIETE</span>",F,different,uppercase,baseline,5,5,SIETE,,,,,
977,1791195734593,05/10/2026 10:22:14,1791195734593,2,05/10/2026 12:22:14,283162,5,task-biuv,,58572850,,16708144,,complete,,,computer,Desktop or Laptop,Windows 10,Firefox 102.0,3840x2160,3840x1838,,,0,UCL - tarea 1 ,6,Group1,spreadsheet1,spreadsheet1,237,trial,Fixation,w99rzd,1,continue,,,499.9799999999814,499.9799999999814,499.9799999999814,499.9799999999814,499.9799999999814,499.9799999999814,1,0,0,,Fixation Timing,Fixation Cross,1,object-125,trial,,,,225,"<span style=""font-family: 'Courier New', Courier, monospace; font-size: 60px; color: black;"">siete</span>",######,######,"<span style=""font-family: 'Courier New', Courier, monospace; font-size: 60px; color: black;"">C1NCO</span>",F,different,leet,incongruent_leet,7,5,C1NCO,,,,,
978,1791195734893,05/10/2026 10:22:14,1791195734893,2,05/10/2026 12:22:14,283162,5,task-biuv,,58572850,,16708144,,complete,,,computer,Desktop or Laptop,Windows 10,Firefox 102.0,3840x2160,3840x1838,,,0,UCL - tarea 1 ,6,Group1,spreadsheet1,spreadsheet1,237,trial,Reference,m6fryy,2,timedOut,,,303.61999999999534,299.9799999999814,303.61999999999534,303.61999999999534,299.9799999999814,303.61999999999534,1,0,0,,Time Limit,screen,0,screen,trial,,,,225,"<span style=""font-family: 'Courier New', Courier, monospace; font-size: 60px; color: black;"">siete</span>",######,######,"<span style=""font-family: 'Courier New', Courier, monospace; font-size: 60px; color: black;"">C1NCO</span>",F,different,leet,incongruent_leet,7,5,C1NCO,,,,,
979,1791195735536,05/10/2026 10:22:15,1791195735536,2,05/10/2026 12:22:15,283162,5,task-biuv,,58572850,,16708144,,complete,,,computer,Desktop or Laptop,Windows 10,Firefox 102.0,3840x2160,3840x1838,,,0,UCL - tarea 1 ,6,Group1,spreadsheet1,spreadsheet1,237,trial,Target,spx9cn,3,response,F,,645.640000000014,633.3000000000466,645.640000000014,645.640000000014,633.3000000000466,645.640000000014,1,0,0,,Keyboard Response,Respuesta,3,object-91,trial,,,,225,"<span style=""font-family: 'Courier New', Courier, monospace; font-size: 60px; color: black;"">siete</span>",######,######,"<span style=""font-family: 'Courier New', Courier, monospace; font-size: 60px; color: black;"">C1NCO</span>",F,different,leet,incongruent_leet,7,5,C1NCO,,,,,
980,1791195736025,05/10/2026 10:22:16,1791195736025,2,05/10/2026 12:22:16,283162,5,task-biuv,,58572850,,16708144,,complete,,,computer,Desktop or Laptop,Windows 10,Firefox 102.0,3840x2160,3840x1838,,,0,UCL - tarea 1 ,6,Group1,spreadsheet1,spreadsheet1,237,trial,Blank,vybs3x,4,timedOut,,,502.3399999999674,499.9799999999814,502.3399999999674,502.3399999999674,499.9799999999814,502.3399999999674,1,0,0,,Time Limit,screen,0,screen,trial,,,,225,"<span style=""font-family: 'Courier New', Courier, monospace; font-size: 60px; color: black;"">siete</span>",######,######,"<span style=""font-family: 'Courier New', Courier, monospace; font-size: 60px; color: black;"">C1NCO</span>",F,different,leet,incongruent_leet,7,5,C1NCO,,,,,
981,1791195736526,05/10/2026 10:22:16,1791195736526,2,05/10/2026 12:22:16,283162,5,task-biuv,,58572850,,16708144,,complete,,,computer,Desktop or Laptop,Windows 10,Firefox 102.0,3840x2160,3840x1838,,,0,UCL - tarea 1 ,6,Group1,spreadsheet1,spreadsheet1,238,trial,Fixation,w99rzd,1,continue,,,499.95999999996275,499.95999999996275,499.95999999996275,499.95999999996275,499.95999999996275,499.95999999996275,1,0,0,,Fixation Timing,Fixation Cross,1,object-125,trial,,,,206,"<span style=""font-family: 'Courier New', Courier, monospace; font-size: 60px; color: black;"">cuatro</span>",######,######,"<span style=""font-family: 'Courier New', Courier, monospace; font-size: 60px; color: black;"">CU4TRO</span>",J,same,leet,congruent_leet,4,5,CU4TRO,,,,,
982,1791195736826,05/10/2026 10:22:16,1791195736826,2,05/10/2026 12:22:16,283162,5,task-biuv,,58572850,,16708144,,complete,,,computer,Desktop or Laptop,Windows 10,Firefox 102.0,3840x2160,3840x1838,,,0,UCL - tarea 1 ,6,Group1,spreadsheet1,spreadsheet1,238,trial,Reference,m6fryy,2,timedOut,,,302.4000000000233,300,302.4000000000233,302.4000000000233,300,302.4000000000233,1,0,0,,Time Limit,screen,0,screen,trial,,,,206,"<span style=""font-family: 'Courier New', Courier, monospace; font-size: 60px; color: black;"">cuatro</span>",######,######,"<span style=""font-family: 'Courier New', Courier, monospace; font-size: 60px; color: black;"">CU4TRO</span>",J,same,leet,congruent_leet,4,5,CU4TRO,,,,,
983,1791195737422,05/10/2026 10:22:17,1791195737422,2,05/10/2026 12:22:17,283162,5,task-biuv,,58572850,,16708144,,complete,,,computer,Desktop or Laptop,Windows 10,Firefox 102.0,3840x2160,3840x1838,,,0,UCL - tarea 1 ,6,Group1,spreadsheet1,spreadsheet1,238,trial,Target,spx9cn,3,response,J,,599.4000000000233,583.3000000000466,599.4000000000233,599.4000000000233,583.3000000000466,599.4000000000233,1,0,0,,Keyboard Response,Respuesta,3,object-91,trial,,,,206,"<span style=""font-family: 'Courier New', Courier, monospace; font-size: 60px; color: black;"">cuatro</span>",######,######,"<span style=""font-family: 'Courier New', Courier, monospace; font-size: 60px; color: black;"">CU4TRO</span>",J,same,leet,congruent_leet,4,5,CU4TRO,,,,,
984,1791195737909,05/10/2026 10:22:17,1791195737909,2,05/10/2026 12:22:17,283162,5,task-biuv,,58572850,,16708144,,complete,,,computer,Desktop or Laptop,Windows 10,Firefox 102.0,3840x2160,3840x1838,,,0,UCL - tarea 1 ,6,Group1,spreadsheet1,spreadsheet1,238,trial,Blank,vybs3x,4,timedOut,,,502.0999999999767,499.95999999996275,502.0999999999767,502.0999999999767,499.95999999996275,502.0999999999767,1,0,0,,Time Limit,screen,0,screen,trial,,,,206,"<span style=""font-family: 'Courier New', Courier, monospace; font-size: 60px; color: black;"">cuatro</span>",######,######,"<span style=""font-family: 'Courier New', Courier, monospace; font-size: 60px; color: black;"">CU4TRO</span>",J,same,leet,congruent_leet,4,5,CU4TRO,,,,,
985,1791195738409,05/10/2026 10:22:18,1791195738409,2,05/10/2026 12:22:18,283162,5,task-biuv,,58572850,,16708144,,complete,,,computer,Desktop or Laptop,Windows 10,Firefox 102.0,3840x2160,3840x1838,,,0,UCL - tarea 1 ,6,Group1,spreadsheet1,spreadsheet1,239,trial,Fixation,w99rzd,1,continue,,,499.9799999999814,499.9799999999814,499.9799999999814,499.9799999999814,499.9799999999814,499.9799999999814,1,0,0,,Fixation Timing,Fixation Cross,1,object-125,trial,,,,220,"<span style=""font-family: 'Courier New', Courier, monospace; font-size: 60px; color: black;"">seis</span>",######,######,"<span style=""font-family: 'Courier New', Courier, monospace; font-size: 60px; color: black;"">TR3S</span>",F,different,leet,congruent_leet,6,5,TR3S,,,,,
986,1791195738709,05/10/2026 10:22:18,1791195738709,2,05/10/2026 12:22:18,283162,5,task-biuv,,58572850,,16708144,,complete,,,computer,Desktop or Laptop,Windows 10,Firefox 102.0,3840x2160,3840x1838,,,0,UCL - tarea 1 ,6,Group1,spreadsheet1,spreadsheet1,239,trial,Reference,m6fryy,2,timedOut,,,303.1600000000326,299.9799999999814,303.1600000000326,303.1600000000326,299.9799999999814,303.1600000000326,1,0,0,,Time Limit,screen,0,screen,trial,,,,220,"<span style=""font-family: 'Courier New', Courier, monospace; font-size: 60px; color: black;"">seis</span>",######,######,"<span style=""font-family: 'Courier New', Courier, monospace; font-size: 60px; color: black;"">TR3S</span>",F,different,leet,congruent_leet,6,5,TR3S,,,,,
987,1791195739479,05/10/2026 10:22:19,1791195739479,2,05/10/2026 12:22:19,283162,5,task-biuv,,58572850,,16708144,,complete,,,computer,Desktop or Laptop,Windows 10,Firefox 102.0,3840x2160,3840x1838,,,0,UCL - tarea 1 ,6,Group1,spreadsheet1,spreadsheet1,239,trial,Target,spx9cn,3,response,F,,772.1800000000512,768.0400000000373,772.1800000000512,772.1800000000512,768.0400000000373,772.1800000000512,1,0,0,,Keyboard Response,Respuesta,3,object-91,trial,,,,220,"<span style=""font-family: 'Courier New', Courier, monospace; font-size: 60px; color: black;"">seis</span>",######,######,"<span style=""font-family: 'Courier New', Courier, monospace; font-size: 60px; color: black;"">TR3S</span>",F,different,leet,congruent_leet,6,5,TR3S,,,,,
988,1791195739975,05/10/2026 10:22:19,1791195739975,2,05/10/2026 12:22:19,283162,5,task-biuv,,58572850,,16708144,,complete,,,computer,Desktop or Laptop,Windows 10,Firefox 102.0,3840x2160,3840x1838,,,0,UCL - tarea 1 ,6,Group1,spreadsheet1,spreadsheet1,239,trial,Blank,vybs3x,4,timedOut,,,501.14000000001397,499.9799999999814,501.14000000001397,501.14000000001397,499.9799999999814,501.14000000001397,1,0,0,,Time Limit,screen,0,screen,trial,,,,220,"<span style=""font-family: 'Courier New', Courier, monospace; font-size: 60px; color: black;"">seis</span>",######,######,"<span style=""font-family: 'Courier New', Courier, monospace; font-size: 60px; color: black;"">TR3S</span>",F,different,leet,congruent_leet,6,5,TR3S,,,,,
989,1791195740476,05/10/2026 10:22:20,1791195740476,2,05/10/2026 12:22:20,283162,5,task-biuv,,58572850,,16708144,,complete,,,computer,Desktop or Laptop,Windows 10,Firefox 102.0,3840x2160,3840x1838,,,0,UCL - tarea 1 ,6,Group1,spreadsheet1,spreadsheet1,240,trial,Fixation,w99rzd,1,continue,,,499.9799999999814,499.9799999999814,499.9799999999814,499.9799999999814,499.9799999999814,499.9799999999814,1,0,0,,Fixation Timing,Fixation Cross,1,object-125,trial,,,,105,"<span style=""font-family: 'Courier New', Courier, monospace; font-size: 60px; color: black;"">siete</span>",######,######,"<span style=""font-family: 'Courier New', Courier, monospace; font-size: 60px; color: black;"">SIETE</span>",J,same,uppercase,baseline,7,5,SIETE,,,,,
990,1791195740776,05/10/2026 10:22:20,1791195740776,2,05/10/2026 12:22:20,283162,5,task-biuv,,58572850,,16708144,,complete,,,computer,Desktop or Laptop,Windows 10,Firefox 102.0,3840x2160,3840x1838,,,0,UCL - tarea 1 ,6,Group1,spreadsheet1,spreadsheet1,240,trial,Reference,m6fryy,2,timedOut,,,301.1800000000512,299.9800000000978,301.1800000000512,301.1800000000512,299.9800000000978,301.1800000000512,1,0,0,,Time Limit,screen,0,screen,trial,,,,105,"<span style=""font-family: 'Courier New', Courier, monospace; font-size: 60px; color: black;"">siete</span>",######,######,"<span style=""font-family: 'Courier New', Courier, monospace; font-size: 60px; color: black;"">SIETE</span>",J,same,uppercase,baseline,7,5,SIETE,,,,,
991,1791195741376,05/10/2026 10:22:21,1791195741376,2,05/10/2026 12:22:21,283162,5,task-biuv,,58572850,,16708144,,complete,,,computer,Desktop or Laptop,Windows 10,Firefox 102.0,3840x2160,3840x1838,,,0,UCL - tarea 1 ,6,Group1,spreadsheet1,spreadsheet1,240,trial,Target,spx9cn,3,response,J,,599.9599999999627,583.2999999999302,599.9599999999627,599.9599999999627,583.2999999999302,599.9599999999627,1,0,0,,Keyboard Response,Respuesta,3,object-91,trial,,,,105,"<span style=""font-family: 'Courier New', Courier, monospace; font-size: 60px; color: black;"">siete</span>",######,######,"<span style=""font-family: 'Courier New', Courier, monospace; font-size: 60px; color: black;"">SIETE</span>",J,same,uppercase,baseline,7,5,SIETE,,,,,
992,1791195741860,05/10/2026 10:22:21,1791195741860,2,05/10/2026 12:22:21,283162,5,task-biuv,,58572850,,16708144,,complete,,,computer,Desktop or Laptop,Windows 10,Firefox 102.0,3840x2160,3840x1838,,,0,UCL - tarea 1 ,6,Group1,spreadsheet1,spreadsheet1,240,trial,Blank,vybs3x,4,timedOut,,,501.9000000000233,499.9799999999814,501.9000000000233,501.9000000000233,499.9799999999814,501.9000000000233,1,0,0,,Time Limit,screen,0,screen,trial,,,,105,"<span style=""font-family: 'Courier New', Courier, monospace; font-size: 60px; color: black;"">siete</span>",######,######,"<span style=""font-family: 'Courier New', Courier, monospace; font-size: 60px; color: black;"">SIETE</span>",J,same,uppercase,baseline,7,5,SIETE,,,,,
993,1791195743973,05/10/2026 10:22:23,1791195743973,2,05/10/2026 12:22:23,283162,5,task-biuv,,58572850,,16708144,,complete,,,computer,Desktop or Laptop,Windows 10,Firefox 102.0,3840x2160,3840x1838,,,0,UCL - tarea 1 ,6,Group1,spreadsheet1,spreadsheet1,1,Fin,¡Se acabó!,bfk2fe,1,continue,,,2114.920000000042,2099.8800000000047,2114.920000000042,2114.920000000042,2099.8800000000047,2114.920000000042,1,0,0,,Click To Continue,Continue Button,2,object-82,Fin,,,,,,,,,,,,,,,,,,,,
994,1791195743974,05/10/2026 10:22:23,1791195743974,2,05/10/2026 12:22:23,283162,5,task-biuv,,58572850,,16708144,,complete,,,computer,Desktop or Laptop,Windows 10,Firefox 102.0,3840x2160,3840x1838,,,0,UCL - tarea 1 ,6,Group1,spreadsheet1,spreadsheet1,,,,,,info,END,,,,667799,,,,0,,,,,,,,,,,,,,,,,,,,,,,,,,,,
END OF FILE
